SKU,UPC,Margin Profit,"IMPORT
Price",DSP,Cost,RSP,"Set
Margin","Fresco
Earning","Fresco
Margin","Purchase
Price","Suggested
Retail Price","Retail
Margin"
DUX-PC-FLIP-iP16E-BLK,,54%,16.5,18.3,11.5,25.0,50%,6,33%,17,30,42%
DUX-PC-FLIP-iP16E-BLU,,54%,16.5,18.3,11.5,25.0,50%,6,33%,17,30,42%
DUX-PC-FLIP-iP16E-PNK,,54%,16.5,18.3,11.5,25.0,50%,6,33%,17,30,42%
DUX-PC-FLIP-i16ProMax-BLU,,54%,16.5,18.3,11.5,25.0,50%,6,33%,17,30,42%
DUX-PC-FLIP-i16ProMax-BLK,,54%,16.5,18.3,11.5,25.0,50%,6,33%,17,30,42%
DUX-PC-FLIP-i16Pro-BLU,,54%,16.5,18.3,11.5,25.0,50%,6,33%,17,30,42%
DUX-PC-FLIP-i16Pro-BLK,,54%,16.5,18.3,11.5,25.0,50%,6,33%,17,30,42%
DUX-PC-FLIP-i16-PNK,,54%,16.5,18.3,11.5,25.0,50%,6,33%,17,30,42%
DUX-PC-FLIP-i16-BLU,,54%,16.5,18.3,11.5,25.0,50%,6,33%,17,30,42%
DUX-PC-FLIP-i16-BLK,,54%,16.5,18.3,11.5,25.0,50%,6,33%,17,30,42%
DUX-PC-FLIP-i15ProMax-BLU,,54%,16.5,18.3,11.5,25.0,50%,6,33%,17,30,42%
DUX-PC-FLIP-i15ProMax-BLK,,54%,16.5,18.3,11.5,25.0,50%,6,33%,17,30,42%
DUX-PC-FLIP-i15Pro-BLU,,54%,16.5,18.3,11.5,25.0,50%,6,33%,17,30,42%
DUX-PC-FLIP-i15Pro-BLK,,54%,16.5,18.3,11.5,25.0,50%,6,33%,17,30,42%
DUX-PC-FLIP-i15-BLK,,54%,16.5,18.3,11.5,25.0,50%,6,33%,17,30,42%
DUX-PC-FLIP-i13-BLU,,54%,16.5,18.3,11.5,25.0,50%,6,33%,17,30,42%
DUX-PC-FLIP-i13-BLK,,54%,16.5,18.3,11.5,25.0,50%,6,33%,17,30,42%
DUX-PC-FLIP-i12-BLU,,54%,16.5,18.3,11.5,25.0,50%,6,33%,17,30,42%
DUX-PC-FLIP-i12-BLK,,54%,16.5,18.3,11.5,25.0,50%,6,33%,17,30,42%
DUX-PC-FLIP-i11-BLU,,54%,16.5,18.3,11.5,25.0,50%,6,33%,17,30,42%
DUX-PC-FLIP-i11-BLK,,54%,16.5,18.3,11.5,25.0,50%,6,33%,17,30,42%
DUX-PC-FLIP-iSE-BLU,,54%,16.5,18.3,11.5,25.0,50%,6,33%,17,30,42%
DUX-PC-FLIP-iSE-BLK,,54%,16.5,18.3,11.5,25.0,50%,6,33%,17,30,42%
DUX-PC-FLIP-i14Pro-BLU,,54%,16.5,18.3,11.5,25.0,50%,6,33%,17,30,42%
DUX-PC-FLIP-i14Pro-BLK,,54%,16.5,18.3,11.5,25.0,50%,6,33%,17,30,42%
DUX-PC-FLIP-i16Pro-PNK,,54%,16.5,18.3,11.5,25.0,50%,6,33%,17,30,42%
DUX-PC-FLIP-i15ProMax-RG,,54%,16.5,18.3,11.5,25.0,50%,6,33%,17,30,42%
DUX-PC-FLIP-i15Pro-RG,,54%,16.5,18.3,11.5,25.0,50%,6,33%,17,30,42%
DUX-PC-FLIP-S25Ultra-PNK,,54%,16.5,18.3,11.5,25.0,50%,6,33%,17,30,42%
DUX-PC-FLIP-S25Ultra-BLU,,54%,16.5,18.3,11.5,25.0,50%,6,33%,17,30,42%
DUX-PC-FLIP-S25Ultra-BLK,,54%,16.5,18.3,11.5,25.0,50%,6,33%,17,30,42%
DUX-PC-FLIP-S25Plus-PNK,,54%,16.5,18.3,11.5,25.0,50%,6,33%,17,30,42%
DUX-PC-FLIP-S25Plus-BLU,,54%,16.5,18.3,11.5,25.0,50%,6,33%,17,30,42%
DUX-PC-FLIP-S25Plus-BLK,,54%,16.5,18.3,11.5,25.0,50%,6,33%,17,30,42%
DUX-PC-FLIP-S25Edge-BLU,,54%,16.5,18.3,11.5,25.0,50%,6,33%,17,30,42%
DUX-PC-FLIP-S25Edge-BLK,,54%,16.5,18.3,11.5,25.0,50%,6,33%,17,30,42%
DUX-PC-FLIP-S25-PNK,,54%,16.5,18.3,11.5,25.0,50%,6,33%,17,30,42%
DUX-PC-FLIP-S25-BLU,,54%,16.5,18.3,11.5,25.0,50%,6,33%,17,30,42%
DUX-PC-FLIP-S25-BLK,,54%,16.5,18.3,11.5,25.0,50%,6,33%,17,30,42%
DUX-PC-FLIP-S24FE-BLU,,54%,16.5,18.3,11.5,25.0,50%,6,33%,17,30,42%
DUX-PC-FLIP-S24FE-BLK,,54%,16.5,18.3,11.5,25.0,50%,6,33%,17,30,42%
DUX-PC-FLIP-S/A36(5G)-BLU,,54%,16.5,18.3,11.5,25.0,50%,6,33%,17,30,42%
DUX-PC-FLIP-S/A36(5G)-BLK,,54%,16.5,18.3,11.5,25.0,50%,6,33%,17,30,42%
DUX-PC-FLIP-S/A16-BLU,,54%,16.5,18.3,11.5,25.0,50%,6,33%,17,30,42%
DUX-PC-FLIP-S/A16-BLK,,54%,16.5,18.3,11.5,25.0,50%,6,33%,17,30,42%
DUX-PC-FLIP-S24Ultra-BLU,,54%,16.5,18.3,11.5,25.0,50%,6,33%,17,30,42%
DUX-PC-FLIP-S24Ultra-BLK,,54%,16.5,18.3,11.5,25.0,50%,6,33%,17,30,42%
DUX-PC-FLIP-S24Plus-PNK,,54%,16.5,18.3,11.5,25.0,50%,6,33%,17,30,42%
DUX-PC-FLIP-S24Plus-BLK,,54%,16.5,18.3,11.5,25.0,50%,6,33%,17,30,42%
DUX-PC-FLIP-S24-PNK,,54%,16.5,18.3,11.5,25.0,50%,6,33%,17,30,42%
DUX-PC-FLIP-S24-BLK,,54%,16.5,18.3,11.5,25.0,50%,6,33%,17,30,42%
DUX-PC-FLIP-S23Ultra-BLK,,54%,16.5,18.3,11.5,25.0,50%,6,33%,17,30,42%
DUX-PC-FLIP-S23FE-RG,,54%,16.5,18.3,11.5,25.0,50%,6,33%,17,30,42%
DUX-PC-FLIP-S23FE-BLU,,54%,16.5,18.3,11.5,25.0,50%,6,33%,17,30,42%
DUX-PC-FLIP-S23FE-BLK,,54%,16.5,18.3,11.5,25.0,50%,6,33%,17,30,42%
DUX-PC-FLIP-S23-BLU,,54%,16.5,18.3,11.5,25.0,50%,6,33%,17,30,42%
DUX-PC-FLIP-S23-BLK,,54%,16.5,18.3,11.5,25.0,50%,6,33%,17,30,42%
DUX-PC-FLIP-S22Ultra-BLK,,54%,16.5,18.3,11.5,25.0,50%,6,33%,17,30,42%
DUX-PC-FLIP-S21FE-BLK,,54%,16.5,18.3,11.5,25.0,50%,6,33%,17,30,42%
DUX-PC-FLIP-S20-RG,,54%,16.5,18.3,11.5,25.0,50%,6,33%,17,30,42%
DUX-PC-FLIP-S20-GLD,,54%,16.5,18.3,11.5,25.0,50%,6,33%,17,30,42%
DUX-PC-FLIP-S20-BLK,,54%,16.5,18.3,11.5,25.0,50%,6,33%,17,30,42%
DUX-PC-FLIP-NOTE20U-BLK,,54%,16.5,18.3,11.5,25.0,50%,6,33%,17,30,42%
DUX-PC-FLIP-A71-BLK,,54%,16.5,18.3,11.5,25.0,50%,6,33%,17,30,42%
DUX-PC-FLIP-S/A55(5G)-BLU,,54%,16.5,18.3,11.5,25.0,50%,6,33%,17,30,42%
DUX-PC-FLIP-S/A55(5G)-BLK,,54%,16.5,18.3,11.5,25.0,50%,6,33%,17,30,42%
DUX-PC-FLIP-SA54/5G-BLU,,54%,16.5,18.3,11.5,25.0,50%,6,33%,17,30,42%
DUX-PC-FLIP-SA54/5G-BLK,,54%,16.5,18.3,11.5,25.0,50%,6,33%,17,30,42%
DUX-PC-FLIP-SA53/5G-BLU,,54%,16.5,18.3,11.5,25.0,50%,6,33%,17,30,42%
DUX-PC-FLIP-SA53/5G-BLK,,54%,16.5,18.3,11.5,25.0,50%,6,33%,17,30,42%
DUX-PC-FLIP-A52-BLU,,54%,16.5,18.3,11.5,25.0,50%,6,33%,17,30,42%
DUX-PC-FLIP-A52-BLK,,54%,16.5,18.3,11.5,25.0,50%,6,33%,17,30,42%
DUX-PC-FLIP-S/A35(5G)-BLU,,54%,16.5,18.3,11.5,25.0,50%,6,33%,17,30,42%
DUX-PC-FLIP-S/A35(5G)-BLK,,54%,16.5,18.3,11.5,25.0,50%,6,33%,17,30,42%
DUX-PC-FLIP-S/A25(5G)-BLU,,54%,16.5,18.3,11.5,25.0,50%,6,33%,17,30,42%
DUX-PC-FLIP-S/A25(5G)-BLK,,54%,16.5,18.3,11.5,25.0,50%,6,33%,17,30,42%
DUX-PC-FLIP-S/A15(4G/5G)-BLU,,54%,16.5,18.3,11.5,25.0,50%,6,33%,17,30,42%
DUX-PC-FLIP-S/A15(4G/5G)-BLK,,54%,16.5,18.3,11.5,25.0,50%,6,33%,17,30,42%
DUX-PC-FLIP-S/A05-BLK,,54%,16.5,18.3,11.5,25.0,50%,6,33%,17,30,42%
DUX-PC-FLIP-Magic6Pro-BLU,,54%,16.5,18.3,11.5,25.0,50%,6,33%,17,30,42%
DUX-PC-FLIP-Magic7Pro-BLK,,54%,16.5,18.3,11.5,25.0,50%,6,33%,17,30,42%
DUX-PC-FLIP-Magic7Pro-BLU,,54%,16.5,18.3,11.5,25.0,50%,6,33%,17,30,42%
DUX-PC-FLIP-HonorX9c-BLK,,54%,16.5,18.3,11.5,25.0,50%,6,33%,17,30,42%
DUX-PC-FLIP-HonorX9c-BLU,,54%,16.5,18.3,11.5,25.0,50%,6,33%,17,30,42%
DUX-PC-FLIP-HonorX8a-BLK,,54%,16.5,18.3,11.5,25.0,50%,6,33%,17,30,42%
DUX-PC-FLIP-HonorX9b-BLK,,54%,16.5,18.3,11.5,25.0,50%,6,33%,17,30,42%
DUX-PC-FLIP-HonorX6A-BLK,,54%,16.5,18.3,11.5,25.0,50%,6,33%,17,30,42%
DUX-PC-FLIP-HonorX6A-BLU,,54%,16.5,18.3,11.5,25.0,50%,6,33%,17,30,42%
DUX-PC-FLIP-XM14-BLK,,54%,16.5,18.3,11.5,25.0,50%,6,33%,17,30,42%
DUX-PC-FLIP-RMN13(4G)-BLK,,54%,16.5,18.3,11.5,25.0,50%,6,33%,17,30,42%
DUX-PC-FLIP-RMN13(4G)-BLU,,54%,16.5,18.3,11.5,25.0,50%,6,33%,17,30,42%
DUX-PC-FLIP-RMN13(5G)-BLK,,54%,16.5,18.3,11.5,25.0,50%,6,33%,17,30,42%
DUX-PC-FLIP-RMN13(5G)-BLU,,54%,16.5,18.3,11.5,25.0,50%,6,33%,17,30,42%
DUX-PC-FLIP-RMN13PRO(5G)-BLK,,54%,16.5,18.3,11.5,25.0,50%,6,33%,17,30,42%
DUX-PC-FLIP-RMN13PRO(5G)-BLU,,54%,16.5,18.3,11.5,25.0,50%,6,33%,17,30,42%
DUX-PC-FLIP-RMN14(5G)-BLK,,54%,16.5,18.3,11.5,25.0,50%,6,33%,17,30,42%
DUX-PC-FLIP-RMN14(5G)-BLU,,54%,16.5,18.3,11.5,25.0,50%,6,33%,17,30,42%
DUX-PC-FLIP-RMN14PRO(5G)-BLK,,54%,16.5,18.3,11.5,25.0,50%,6,33%,17,30,42%
DUX-PC-FLIP-RMN14PRO(5G)-BLU,,54%,16.5,18.3,11.5,25.0,50%,6,33%,17,30,42%
DUX-PC-FLIP-RMN14PROPLUS(5G)-BLK,,54%,16.5,18.3,11.5,25.0,50%,6,33%,17,30,42%
DUX-PC-FLIP-RMN14PROPLUS(5G)-BLU,,54%,16.5,18.3,11.5,25.0,50%,6,33%,17,30,42%
DUX-PC-FLIP-XM12-BLK,,54%,16.5,18.3,11.5,25.0,50%,6,33%,17,30,42%
DUX-PC-FLIP-XM12-BLU,,54%,16.5,18.3,11.5,25.0,50%,6,33%,17,30,42%
DUX-PC-FLIP-XM12-PNK,,54%,16.5,18.3,11.5,25.0,50%,6,33%,17,30,42%
DUX-PC-FLIP-XM13T/PRO-BLK,,54%,16.5,18.3,11.5,25.0,50%,6,33%,17,30,42%
DUX-PC-FLIP-XM12Pro-PNK,,54%,16.5,18.3,11.5,25.0,50%,6,33%,17,30,42%
DUX-PC-FLIP-XM12Lite-PNK,,54%,16.5,18.3,11.5,25.0,50%,6,33%,17,30,42%
DUX-PC-FLIP-XM13Lite-BLK,,54%,16.5,18.3,11.5,25.0,50%,6,33%,17,30,42%
DUX-PC-FLIP-XM13Pro-BLU,,54%,16.5,18.3,11.5,25.0,50%,6,33%,17,30,42%
DUX-PC-FLIP-XM13Pro-BLK,,54%,16.5,18.3,11.5,25.0,50%,6,33%,17,30,42%
DUX-PC-FLIP-XM14-BLU,,54%,16.5,18.3,11.5,25.0,50%,6,33%,17,30,42%
DUX-PC-FLIP-XM14Pro-BLK,,54%,16.5,18.3,11.5,25.0,50%,6,33%,17,30,42%
DUX-PC-FLIP-XM14Pro-BLU,,54%,16.5,18.3,11.5,25.0,50%,6,33%,17,30,42%
DUX-PC-FLIP-XM14Ultra-BLK,,54%,16.5,18.3,11.5,25.0,50%,6,33%,17,30,42%
DUX-PC-FLIP-XM14Ultra-BLU,,54%,16.5,18.3,11.5,25.0,50%,6,33%,17,30,42%
DUX-PC-FLIP-RedmiA1/A2-BLK,,54%,16.5,18.3,11.5,25.0,50%,6,33%,17,30,42%
DUX-PC-FLIP-Redmi10C-BLK,,54%,16.5,18.3,11.5,25.0,50%,6,33%,17,30,42%
DUX-PC-FLIP-Redmi10C-PNK,,54%,16.5,18.3,11.5,25.0,50%,6,33%,17,30,42%
DUX-PC-FLIP-RMNote10-BLK,,54%,16.5,18.3,11.5,25.0,50%,6,33%,17,30,42%
DUX-PC-FLIP-RMNote11PP-BLK,,54%,16.5,18.3,11.5,25.0,50%,6,33%,17,30,42%
DUX-PC-FLIP-RMNote11PP-BLU,,54%,16.5,18.3,11.5,25.0,50%,6,33%,17,30,42%
DUX-PC-FLIP-RM13C-BLK,,54%,16.5,18.3,11.5,25.0,50%,6,33%,17,30,42%
DUX-PC-FLIP-RM13C-BLU,,54%,16.5,18.3,11.5,25.0,50%,6,33%,17,30,42%
DUX-PC-FLIP-RMN13PRO(4G)-BLK,,54%,16.5,18.3,11.5,25.0,50%,6,33%,17,30,42%
DUX-PC-FLIP-RMN13PRO(4G)-BLU,,54%,16.5,18.3,11.5,25.0,50%,6,33%,17,30,42%
DUX-PC-FLIP-RMN13PRO+(5G)-BLU,,54%,16.5,18.3,11.5,25.0,50%,6,33%,17,30,42%
DUX-PC-FLIP-PocoC40-BLK,,54%,16.5,18.3,11.5,25.0,50%,6,33%,17,30,42%
DUX-PC-FLIP-PocoC40-BLU,,54%,16.5,18.3,11.5,25.0,50%,6,33%,17,30,42%
DUX-PC-FLIP-PocoM3-BLK,,54%,16.5,18.3,11.5,25.0,50%,6,33%,17,30,42%
DUX-PC-FLIP-PocoM3-BLU,,54%,16.5,18.3,11.5,25.0,50%,6,33%,17,30,42%
DUX-PC-FLIP-PocoM3-PNK,,54%,16.5,18.3,11.5,25.0,50%,6,33%,17,30,42%
DUX-PC-FLIP-PocoM4-BLK,,54%,16.5,18.3,11.5,25.0,50%,6,33%,17,30,42%
DUX-PC-FLIP-PocoM4-BLU,,54%,16.5,18.3,11.5,25.0,50%,6,33%,17,30,42%
DUX-PC-FLIP-PocoM4Pro/4G-BLK,,54%,16.5,18.3,11.5,25.0,50%,6,33%,17,30,42%
DUX-PC-FLIP-PocoM4Pro/4G-BLU,,54%,16.5,18.3,11.5,25.0,50%,6,33%,17,30,42%
DUX-PC-FLIP-PocoM4Pro/4G-PNK,,54%,16.5,18.3,11.5,25.0,50%,6,33%,17,30,42%
DUX-PC-FLIP-PocoM4Pro-BLK,,54%,16.5,18.3,11.5,25.0,50%,6,33%,17,30,42%
DUX-PC-FLIP-PocoM4Pro-BLU,,54%,16.5,18.3,11.5,25.0,50%,6,33%,17,30,42%
DUX-PC-FLIP-PocoF4-PNK,,54%,16.5,18.3,11.5,25.0,50%,6,33%,17,30,42%
DUX-PC-FLIP-PocoF6Pro-BLU,,54%,16.5,18.3,11.5,25.0,50%,6,33%,17,30,42%
DUX-PC-FLIP-PocoX4Pro-BLK,,54%,16.5,18.3,11.5,25.0,50%,6,33%,17,30,42%
DUX-PC-FLIP-PocoX4Pro-BLU,,54%,16.5,18.3,11.5,25.0,50%,6,33%,17,30,42%
DUX-PC-FLIP-PocoX4Pro-RG,,54%,16.5,18.3,11.5,25.0,50%,6,33%,17,30,42%
DUX-PC-FLIP-XM13T/PRO-BLU,,54%,16.5,18.3,11.5,25.0,50%,6,33%,17,30,42%
DUX-PC-FLIP-Xperia1IV-BLU,,54%,16.5,18.3,11.5,25.0,50%,6,33%,17,30,42%
DUX-PC-FLIP-Xperia10V-BLU,,54%,16.5,18.3,11.5,25.0,50%,6,33%,17,30,42%
DUX-PC-FLIP-1+Nord3/Ace2V-BLK,,54%,16.5,18.3,11.5,25.0,50%,6,33%,17,30,42%
DUX-PC-FLIP-1+Nord3/Ace2V-BLU,,54%,16.5,18.3,11.5,25.0,50%,6,33%,17,30,42%
DUX-PC-FLIP-X80Pro/5G-BLK,,54%,16.5,18.3,11.5,25.0,50%,6,33%,17,30,42%
DUX-PC-FLIP-X80Pro/5G-BLU,,54%,16.5,18.3,11.5,25.0,50%,6,33%,17,30,42%
DUX-PC-FLIP-Realme10/5G-BLU,,54%,16.5,18.3,11.5,25.0,50%,6,33%,17,30,42%
DUX-PC-FLIP-Realme10/5G-BLK,,54%,16.5,18.3,11.5,25.0,50%,6,33%,17,30,42%
DUX-PC-FLIP-Realme10Pro-BLU,,54%,16.5,18.3,11.5,25.0,50%,6,33%,17,30,42%
DUX-PC-FLIP-Realme10Pro-BLK,,54%,16.5,18.3,11.5,25.0,50%,6,33%,17,30,42%
DUX-PC-FLIP-RealmeC11-BLK,,54%,16.5,18.3,11.5,25.0,50%,6,33%,17,30,42%
DUX-PC-FLIP-RealmeC11-BLU,,54%,16.5,18.3,11.5,25.0,50%,6,33%,17,30,42%
DUX-PC-FLIP-RealmeC33-BLK,,54%,16.5,18.3,11.5,25.0,50%,6,33%,17,30,42%
DUX-PC-FLIP-RealmeC33-BLU,,54%,16.5,18.3,11.5,25.0,50%,6,33%,17,30,42%
DUX-PC-FLIP-RealmeGT2Pro-BLU,,54%,16.5,18.3,11.5,25.0,50%,6,33%,17,30,42%
DUX-PC-FLIP-Realme10ProPlus-BLU,,54%,16.5,18.3,11.5,25.0,50%,6,33%,17,30,42%
DUX-PC-FLIP-RENO13PRO-BLK,,54%,16.5,18.3,11.5,25.0,50%,6,33%,17,30,42%
DUX-PC-FLIP-RENO13PRO-BLU,,54%,16.5,18.3,11.5,25.0,50%,6,33%,17,30,42%
DUX-PC-FLIP-RENO13F(4G/5G)-BLK,,54%,16.5,18.3,11.5,25.0,50%,6,33%,17,30,42%
DUX-PC-FLIP-RENO13F(4G/5G)-BLU,,54%,16.5,18.3,11.5,25.0,50%,6,33%,17,30,42%
DUX-PC-FLIP-RENO13-BLK,,54%,16.5,18.3,11.5,25.0,50%,6,33%,17,30,42%
DUX-PC-FLIP-RENO13-BLU,,54%,16.5,18.3,11.5,25.0,50%,6,33%,17,30,42%
DUX-PC-FLIP-Reno12F-BLK,,54%,16.5,18.3,11.5,25.0,50%,6,33%,17,30,42%
DUX-PC-FLIP-Reno12F-BLU,,54%,16.5,18.3,11.5,25.0,50%,6,33%,17,30,42%
DUX-PC-FLIP-Reno11Pro-BLK,,54%,16.5,18.3,11.5,25.0,50%,6,33%,17,30,42%
DUX-PC-FLIP-Reno11Pro-BLU,,54%,16.5,18.3,11.5,25.0,50%,6,33%,17,30,42%
DUX-PC-FLIP-Reno11-BLK,,54%,16.5,18.3,11.5,25.0,50%,6,33%,17,30,42%
DUX-PC-FLIP-Reno11-BLU,,54%,16.5,18.3,11.5,25.0,50%,6,33%,17,30,42%
DUX-PC-FLIP-Reno12Pro-BLK,,54%,16.5,18.3,11.5,25.0,50%,6,33%,17,30,42%
DUX-PC-FLIP-Reno12Pro-BLU,,54%,16.5,18.3,11.5,25.0,50%,6,33%,17,30,42%
DUX-PC-FLIP-Reno12-BLK,,54%,16.5,18.3,11.5,25.0,50%,6,33%,17,30,42%
DUX-PC-FLIP-Reno12-BLU,,54%,16.5,18.3,11.5,25.0,50%,6,33%,17,30,42%
DUX-PC-FLIP-Reno10Pro+-BLK,,54%,16.5,18.3,11.5,25.0,50%,6,33%,17,30,42%
DUX-PC-FLIP-Reno10Pro+-BLU,,54%,16.5,18.3,11.5,25.0,50%,6,33%,17,30,42%
DUX-PC-FLIP-Reno10/Pro-BLK,,54%,16.5,18.3,11.5,25.0,50%,6,33%,17,30,42%
DUX-PC-FLIP-A74/4G-BLK,,54%,16.5,18.3,11.5,25.0,50%,6,33%,17,30,42%
DUX-PC-FLIP-A74/4G-BLU,,54%,16.5,18.3,11.5,25.0,50%,6,33%,17,30,42%
DUX-PC-FLIP-A73/5G-BLK,,54%,16.5,18.3,11.5,25.0,50%,6,33%,17,30,42%
DUX-PC-XPS-iP16E-BLK,,56%,30.0,34.5,20.4,46.0,50%,10,33%,31,55,45%
DUX-PC-XPS-iP16E-BLU,,56%,30.0,34.5,20.4,46.0,50%,10,33%,31,55,45%
DUX-PC-XPS-iP16E-PRP,,56%,30.0,34.5,20.4,46.0,50%,10,33%,31,55,45%
DUX-PC-XPS-i16ProMax-BLK,,56%,30.0,34.5,20.4,46.0,50%,10,33%,31,55,45%
DUX-PC-XPS-i16ProMax-BLU,,56%,30.0,34.5,20.4,46.0,50%,10,33%,31,55,45%
DUX-PC-XPS-i16Pro-BLK,,56%,30.0,34.5,20.4,46.0,50%,10,33%,31,55,45%
DUX-PC-XPS-i16Pro-BLU,,56%,30.0,34.5,20.4,46.0,50%,10,33%,31,55,45%
DUX-PC-XPS-i16Plus-BLK,,56%,30.0,34.5,20.4,46.0,50%,10,33%,31,55,45%
DUX-PC-XPS-i16Plus-BLU,,56%,30.0,34.5,20.4,46.0,50%,10,33%,31,55,45%
DUX-PC-XPS-i16-BLK,,56%,30.0,34.5,20.4,46.0,50%,10,33%,31,55,45%
DUX-PC-XPS-i16-BLU,,56%,30.0,34.5,20.4,46.0,50%,10,33%,31,55,45%
DUX-PC-XPS-i15ProMax-BLK,,56%,30.0,34.5,20.4,46.0,50%,10,33%,31,55,45%
DUX-PC-XPS-i15ProMax-BLU,,56%,30.0,34.5,20.4,46.0,50%,10,33%,31,55,45%
DUX-PC-XPS-i15Pro-BLK,,56%,30.0,34.5,20.4,46.0,50%,10,33%,31,55,45%
DUX-PC-XPS-i15Pro-BLU,,56%,30.0,34.5,20.4,46.0,50%,10,33%,31,55,45%
DUX-PC-XPS-i15-BLK,,56%,30.0,34.5,20.4,46.0,50%,10,33%,31,55,45%
DUX-PC-XPS-i15-BLU,,56%,30.0,34.5,20.4,46.0,50%,10,33%,31,55,45%
DUX-PC-XPS-i14ProMax-BLK,,56%,30.0,34.5,20.4,46.0,50%,10,33%,31,55,45%
DUX-PC-XPS-i14ProMax-BLU,,56%,30.0,34.5,20.4,46.0,50%,10,33%,31,55,45%
DUX-PC-XPS-i14Pro-BLK,,56%,30.0,34.5,20.4,46.0,50%,10,33%,31,55,45%
DUX-PC-XPS-i14Pro-BLU,,56%,30.0,34.5,20.4,46.0,50%,10,33%,31,55,45%
DUX-PC-XPS-i14-BLK,,56%,30.0,34.5,20.4,46.0,50%,10,33%,31,55,45%
DUX-PC-XPS-i13-BLU,,56%,30.0,34.5,20.4,46.0,50%,10,33%,31,55,45%
DUX-PC-XPS-i13ProMax-BLK,,56%,30.0,34.5,20.4,46.0,50%,10,33%,31,55,45%
DUX-PC-XPS-i13ProMax-BLU,,56%,30.0,34.5,20.4,46.0,50%,10,33%,31,55,45%
DUX-PC-XPS-i16ProMax-PRP,,56%,30.0,34.5,20.4,46.0,50%,10,33%,31,55,45%
DUX-PC-XPS-i16Pro-PRP,,56%,30.0,34.5,20.4,46.0,50%,10,33%,31,55,45%
DUX-PC-XPS-i16Plus-PRP,,56%,30.0,34.5,20.4,46.0,50%,10,33%,31,55,45%
DUX-PC-XPS-i16-PRP,,56%,30.0,34.5,20.4,46.0,50%,10,33%,31,55,45%
DUX-PC-XPS-i15ProMax-PRP,,56%,30.0,34.5,20.4,46.0,50%,10,33%,31,55,45%
DUX-PC-XPS-i15Pro-PRP,,56%,30.0,34.5,20.4,46.0,50%,10,33%,31,55,45%
DUX-PC-XPS-i15Plus-BLU,,56%,30.0,34.5,20.4,46.0,50%,10,33%,31,55,45%
DUX-PC-XPS-i15Plus-PRP,,56%,30.0,34.5,20.4,46.0,50%,10,33%,31,55,45%
DUX-PC-XPS-i14Pro-PRP,,56%,30.0,34.5,20.4,46.0,50%,10,33%,31,55,45%
DUX-PC-XPS-i14Plus-BEI,,56%,30.0,34.5,20.4,46.0,50%,10,33%,31,55,45%
DUX-PC-XPS-i13Pro-BLK,,56%,30.0,34.5,20.4,46.0,50%,10,33%,31,55,45%
DUX-PC-XPS-i13Pro-BLU,,56%,30.0,34.5,20.4,46.0,50%,10,33%,31,55,45%
DUX-PC-XPS-i13Pro-PRP,,56%,30.0,34.5,20.4,46.0,50%,10,33%,31,55,45%
DUX-PC-XPS-S25Edge-BLK,,56%,30.0,34.5,20.4,46.0,50%,10,33%,31,55,45%
DUX-PC-XPS-S25Edge-BLU,,56%,30.0,34.5,20.4,46.0,50%,10,33%,31,55,45%
DUX-PC-XPS-S25Edge-PRP,,56%,30.0,34.5,20.4,46.0,50%,10,33%,31,55,45%
DUX-PC-XPS-S25-BLK,,56%,30.0,34.5,20.4,46.0,50%,10,33%,31,55,45%
DUX-PC-XPS-S25-BLU,,56%,30.0,34.5,20.4,46.0,50%,10,33%,31,55,45%
DUX-PC-XPS-S25-PRP,,56%,30.0,34.5,20.4,46.0,50%,10,33%,31,55,45%
DUX-PC-XPS-S25Plus-BLK,,56%,30.0,34.5,20.4,46.0,50%,10,33%,31,55,45%
DUX-PC-XPS-S25Plus-BLU,,56%,30.0,34.5,20.4,46.0,50%,10,33%,31,55,45%
DUX-PC-XPS-S25Plus-PRP,,56%,30.0,34.5,20.4,46.0,50%,10,33%,31,55,45%
DUX-PC-XPS-S25Ultra-BLK,,56%,30.0,34.5,20.4,46.0,50%,10,33%,31,55,45%
DUX-PC-XPS-S25Ultra-BLU,,56%,30.0,34.5,20.4,46.0,50%,10,33%,31,55,45%
DUX-PC-XPS-S25Ultra-PRP,,56%,30.0,34.5,20.4,46.0,50%,10,33%,31,55,45%
DUX-PC-XPS-S24Ultra-BLK,,56%,30.0,34.5,20.4,46.0,50%,10,33%,31,55,45%
DUX-PC-XPS-S24Ultra-BLU,,56%,30.0,34.5,20.4,46.0,50%,10,33%,31,55,45%
DUX-PC-XPS-S24Ultra-PRP,,56%,30.0,34.5,20.4,46.0,50%,10,33%,31,55,45%
DUX-PC-XPS-S24Plus-BLK,,56%,30.0,34.5,20.4,46.0,50%,10,33%,31,55,45%
DUX-PC-XPS-S24Plus-BLU,,56%,30.0,34.5,20.4,46.0,50%,10,33%,31,55,45%
DUX-PC-XPS-S24Plus-PRP,,56%,30.0,34.5,20.4,46.0,50%,10,33%,31,55,45%
DUX-PC-XPS-S24-BLK,,56%,30.0,34.5,20.4,46.0,50%,10,33%,31,55,45%
DUX-PC-XPS-S24-BLU,,56%,30.0,34.5,20.4,46.0,50%,10,33%,31,55,45%
DUX-PC-XPS-S24-PRP,,56%,30.0,34.5,20.4,46.0,50%,10,33%,31,55,45%
DUX-PC-XPS-S23Ultra-BLK,,56%,30.0,34.5,20.4,46.0,50%,10,33%,31,55,45%
DUX-PC-XPS-S23Ultra-BLU,,56%,30.0,34.5,20.4,46.0,50%,10,33%,31,55,45%
DUX-PC-XPS-S/A16-BLK,,71%,19.0,29.6,13.2,46.0,50%,7,33%,20,55,64%
DUX-PC-XPS-S/A16-BLU,,71%,19.0,29.6,13.2,46.0,50%,7,33%,20,55,64%
DUX-PC-XPS-S/A16-PRP,,71%,19.0,29.6,13.2,46.0,50%,7,33%,20,55,64%
DUX-PC-XPS-S/A36(5G)-BLK,,71%,19.0,29.6,13.2,46.0,50%,7,33%,20,55,64%
DUX-PC-XPS-S/A36(5G)-BLU,,71%,19.0,29.6,13.2,46.0,50%,7,33%,20,55,64%
DUX-PC-XPS-S/A36(5G)-PRP,,71%,19.0,29.6,13.2,46.0,50%,7,33%,20,55,64%
DUX-PC-XPS-S/A15(4G/5G)-BLK,,71%,19.0,29.6,13.2,46.0,50%,7,33%,20,55,64%
DUX-PC-XPS-S/A15(4G/5G)-BLU,,71%,19.0,29.6,13.2,46.0,50%,7,33%,20,55,64%
DUX-PC-XPS-S/A15(4G/5G)-PRP,,71%,19.0,29.6,13.2,46.0,50%,7,33%,20,55,64%
DUX-PC-XPS-S/A35(5G)-BLK,,71%,19.0,29.6,13.2,46.0,50%,7,33%,20,55,64%
DUX-PC-XPS-S/A35(5G)-BLU,,71%,19.0,29.6,13.2,46.0,50%,7,33%,20,55,64%
DUX-PC-XPS-S/A35(5G)-PRP,,71%,19.0,29.6,13.2,46.0,50%,7,33%,20,55,64%
DUX-PC-XPS(RING)-S25-BLK,,53%,33.0,36.5,22.4,48.0,50%,11,33%,34,58,42%
DUX-PC-XPS(RING)-S25-BLU,,53%,33.0,36.5,22.4,48.0,50%,11,33%,34,58,42%
DUX-PC-XPS(RING)-S25-PRP,,53%,33.0,36.5,22.4,48.0,50%,11,33%,34,58,42%
DUX-PC-XPS(RING)-S25Plus-BLK,,53%,33.0,36.5,22.4,48.0,50%,11,33%,34,58,42%
DUX-PC-XPS(RING)-S25Plus-BLU,,53%,33.0,36.5,22.4,48.0,50%,11,33%,34,58,42%
DUX-PC-XPS(RING)-S25Plus-PRP,,53%,33.0,36.5,22.4,48.0,50%,11,33%,34,58,42%
DUX-PC-XPS(RING)-S25Ultra-BLK,,53%,33.0,36.5,22.4,48.0,50%,11,33%,34,58,42%
DUX-PC-XPS(RING)-S25Ultra-BLU,,53%,33.0,36.5,22.4,48.0,50%,11,33%,34,58,42%
DUX-PC-XPS(RING)-S25Ultra-PRP,,53%,33.0,36.5,22.4,48.0,50%,11,33%,34,58,42%
DUX-PC-XPS(RING)-S24-BLK,,58%,30.0,35.6,20.4,48.0,50%,10,33%,31,58,47%
DUX-PC-XPS(RING)-S24-BLU,,58%,30.0,35.6,20.4,48.0,50%,10,33%,31,58,47%
DUX-PC-XPS(RING)-S24-PRP,,58%,30.0,35.6,20.4,48.0,50%,10,33%,31,58,47%
DUX-PC-XPS(RING)-S24Plus-BLK,,58%,30.0,35.6,20.4,48.0,50%,10,33%,31,58,47%
DUX-PC-XPS(RING)-S24Plus-BLU,,58%,30.0,35.6,20.4,48.0,50%,10,33%,31,58,47%
DUX-PC-XPS(RING)-S24Plus-PRP,,58%,30.0,35.6,20.4,48.0,50%,10,33%,31,58,47%
DUX-PC-XPS(RING)-S24Ultra-BLK,,58%,30.0,35.6,20.4,48.0,50%,10,33%,31,58,47%
DUX-PC-XPS(RING)-S24Ultra-BLU,,58%,30.0,35.6,20.4,48.0,50%,10,33%,31,58,47%
DUX-PC-XPS(RING)-S24Ultra-PRP,,58%,30.0,35.6,20.4,48.0,50%,10,33%,31,58,47%
DUX-PC-XPS(RING)-i16-BLK,,53%,33.0,36.5,22.4,48.0,50%,11,33%,34,58,42%
DUX-PC-XPS(RING)-i16-BLU,,53%,33.0,36.5,22.4,48.0,50%,11,33%,34,58,42%
DUX-PC-XPS(RING)-i16-PRP,,53%,33.0,36.5,22.4,48.0,50%,11,33%,34,58,42%
DUX-PC-XPS(RING)-i16Plus-BLK,,53%,33.0,36.5,22.4,48.0,50%,11,33%,34,58,42%
DUX-PC-XPS(RING)-i16Plus-BLU,,53%,33.0,36.5,22.4,48.0,50%,11,33%,34,58,42%
DUX-PC-XPS(RING)-i16Plus-PRP,,53%,33.0,36.5,22.4,48.0,50%,11,33%,34,58,42%
DUX-PC-XPS(RING)-i16Pro-BLK,,53%,33.0,36.5,22.4,48.0,50%,11,33%,34,58,42%
DUX-PC-XPS(RING)-i16Pro-BLU,,53%,33.0,36.5,22.4,48.0,50%,11,33%,34,58,42%
DUX-PC-XPS(RING)-i16Pro-PRP,,53%,33.0,36.5,22.4,48.0,50%,11,33%,34,58,42%
DUX-PC-XPS(RING)-i16ProMax-BLK,,53%,33.0,36.5,22.4,48.0,50%,11,33%,34,58,42%
DUX-PC-XPS(RING)-i16ProMax-BLU,,53%,33.0,36.5,22.4,48.0,50%,11,33%,34,58,42%
DUX-PC-XPS(RING)-i16ProMax-PRP,,53%,33.0,36.5,22.4,48.0,50%,11,33%,34,58,42%
DUX-PC-LAWA-iP16E-BLK,,55%,50.0,56.3,33.6,75.0,60%,20,38%,54,90,40%
DUX-PC-LAWA-iP16E-GRY,,55%,50.0,56.3,33.6,75.0,60%,20,38%,54,90,40%
DUX-PC-LAWA-iP16E-BLU,,55%,50.0,56.3,33.6,75.0,60%,20,38%,54,90,40%
DUX-PC-LAWA-i16-BLK,,55%,50.0,56.3,33.6,75.0,60%,20,38%,54,90,40%
DUX-PC-LAWA-i16-GRY,,55%,50.0,56.3,33.6,75.0,60%,20,38%,54,90,40%
DUX-PC-LAWA-i16-LIG/BLU,,55%,50.0,56.3,33.6,75.0,60%,20,38%,54,90,40%
DUX-PC-LAWA-i16Plus-BLK,,55%,50.0,56.3,33.6,75.0,60%,20,38%,54,90,40%
DUX-PC-LAWA-i16Plus-GRY,,55%,50.0,56.3,33.6,75.0,60%,20,38%,54,90,40%
DUX-PC-LAWA-i16Plus-LIG/BLU,,55%,50.0,56.3,33.6,75.0,60%,20,38%,54,90,40%
DUX-PC-LAWA-i16Pro-BLK,,55%,50.0,56.3,33.6,75.0,60%,20,38%,54,90,40%
DUX-PC-LAWA-i16Pro-GRY,,55%,50.0,56.3,33.6,75.0,60%,20,38%,54,90,40%
DUX-PC-LAWA-i16Pro-LIG/BLU,,55%,50.0,56.3,33.6,75.0,60%,20,38%,54,90,40%
DUX-PC-LAWA-i16ProMax-BLK,,55%,50.0,56.3,33.6,75.0,60%,20,38%,54,90,40%
DUX-PC-LAWA-i16ProMax-GRY,,55%,50.0,56.3,33.6,75.0,60%,20,38%,54,90,40%
DUX-PC-LAWA-i16ProMax-LIG/BLU,,55%,50.0,56.3,33.6,75.0,60%,20,38%,54,90,40%
DUX-PC-LAWA-iP15-BLK,,55%,50.0,56.3,33.6,75.0,60%,20,38%,54,90,40%
DUX-PC-LAWA-iP15-GRY,,55%,50.0,56.3,33.6,75.0,60%,20,38%,54,90,40%
DUX-PC-LAWA-iP15-BLU,,55%,50.0,56.3,33.6,75.0,60%,20,38%,54,90,40%
DUX-PC-LAWA-iP15Pro-BLK,,55%,50.0,56.3,33.6,75.0,60%,20,38%,54,90,40%
DUX-PC-LAWA-iP15Pro-GRY,,55%,50.0,56.3,33.6,75.0,60%,20,38%,54,90,40%
DUX-PC-LAWA-iP15Pro-BLU,,55%,50.0,56.3,33.6,75.0,60%,20,38%,54,90,40%
DUX-PC-LAWA-iP15ProMax-BLK,,55%,50.0,56.3,33.6,75.0,60%,20,38%,54,90,40%
DUX-PC-LAWA-iP15ProMax-GRY,,55%,50.0,56.3,33.6,75.0,60%,20,38%,54,90,40%
DUX-PC-LAWA-iP15ProMax-BLU,,55%,50.0,56.3,33.6,75.0,60%,20,38%,54,90,40%
DUX-PC-LAWA-S25Ultra-BLK,,55%,50.0,56.3,33.6,75.0,60%,20,38%,54,90,40%
DUX-PC-LAWA-S25Ultra-GRY,,55%,50.0,56.3,33.6,75.0,60%,20,38%,54,90,40%
DUX-PC-LAWA-S25Ultra-BLU,,55%,50.0,56.3,33.6,75.0,60%,20,38%,54,90,40%
DUX-PC-LAWA-S25Edge-BLK,,55%,50.0,56.3,33.6,75.0,60%,20,38%,54,90,40%
DUX-PC-LAWA-S25Edge-GRY,,55%,50.0,56.3,33.6,75.0,60%,20,38%,54,90,40%
DUX-PC-LAWA-S25Edge-BLU,,55%,50.0,56.3,33.6,75.0,60%,20,38%,54,90,40%
DUX-PC-HIVO-iP16E-BLK,,58%,37.0,44.3,25.0,60.0,50%,13,33%,38,72,48%
DUX-PC-HIVO-iP16E-BRW,,58%,37.0,44.3,25.0,60.0,50%,13,33%,38,72,48%
DUX-PC-HIVO-iP16E-RED,,58%,37.0,44.3,25.0,60.0,50%,13,33%,38,72,48%
DUX-PC-HIVO-i16ProMax-RED,,58%,37.0,44.3,25.0,60.0,50%,13,33%,38,72,48%
DUX-PC-HIVO-i16ProMax-BLK,,58%,37.0,44.3,25.0,60.0,50%,13,33%,38,72,48%
DUX-PC-HIVO-i16Pro-RED,,58%,37.0,44.3,25.0,60.0,50%,13,33%,38,72,48%
DUX-PC-HIVO-i16Pro-BLK,,58%,37.0,44.3,25.0,60.0,50%,13,33%,38,72,48%
DUX-PC-HIVO-i16Plus-RED,,58%,37.0,44.3,25.0,60.0,50%,13,33%,38,72,48%
DUX-PC-HIVO-i16Plus-BLK,,58%,37.0,44.3,25.0,60.0,50%,13,33%,38,72,48%
DUX-PC-HIVO-i16-RED,,58%,37.0,44.3,25.0,60.0,50%,13,33%,38,72,48%
DUX-PC-HIVO-i16-BLK,,58%,37.0,44.3,25.0,60.0,50%,13,33%,38,72,48%
DUX-PC-HIVO-i15ProMax-RED,,58%,37.0,44.3,25.0,60.0,50%,13,33%,38,72,48%
DUX-PC-HIVO-i15ProMax-BLK,,58%,37.0,44.3,25.0,60.0,50%,13,33%,38,72,48%
DUX-PC-HIVO-i15Pro-RED,,58%,37.0,44.3,25.0,60.0,50%,13,33%,38,72,48%
DUX-PC-HIVO-i15Pro-BLK,,58%,37.0,44.3,25.0,60.0,50%,13,33%,38,72,48%
DUX-PC-HIVO-i15-RED,,58%,37.0,44.3,25.0,60.0,50%,13,33%,38,72,48%
DUX-PC-HIVO-i15-BLK,,58%,37.0,44.3,25.0,60.0,50%,13,33%,38,72,48%
DUX-PC-HIVO-i15-BRW,,58%,37.0,44.3,25.0,60.0,50%,13,33%,38,72,48%
DUX-PC-HIVO-i16Pro-BRW,,58%,37.0,44.3,25.0,60.0,50%,13,33%,38,72,48%
DUX-PC-HIVO-i16-BRW,,58%,37.0,44.3,25.0,60.0,50%,13,33%,38,72,48%
DUX-PC-HIVO-i14ProMax-BLK,,58%,37.0,44.3,25.0,60.0,50%,13,33%,38,72,48%
DUX-PC-HIVO-i14Pro-RED,,58%,37.0,44.3,25.0,60.0,50%,13,33%,38,72,48%
DUX-PC-HIVO-i14Pro-BRW,,58%,37.0,44.3,25.0,60.0,50%,13,33%,38,72,48%
DUX-PC-HIVO-i14-BLK,,58%,37.0,44.3,25.0,60.0,50%,13,33%,38,72,48%
DUX-PC-HIVO-i14Plus-RED,,58%,37.0,44.3,25.0,60.0,50%,13,33%,38,72,48%
DUX-PC-HIVO-i14Plus-BRW,,58%,37.0,44.3,25.0,60.0,50%,13,33%,38,72,48%
DUX-PC-HIVO-i13Pro-RED,,58%,37.0,44.3,25.0,60.0,50%,13,33%,38,72,48%
DUX-PC-HIVO-i13Pro-BLU,,58%,37.0,44.3,25.0,60.0,50%,13,33%,38,72,48%
DUX-PC-HIVO-i13Mini-BLK,,58%,37.0,44.3,25.0,60.0,50%,13,33%,38,72,48%
DUX-PC-HIVO-i12Mini-BLU,,58%,37.0,44.3,25.0,60.0,50%,13,33%,38,72,48%
DUX-PC-HIVO-i12Mini-BLK,,58%,37.0,44.3,25.0,60.0,50%,13,33%,38,72,48%
DUX-PC-HIVO-i11Pro-RED,,58%,37.0,44.3,25.0,60.0,50%,13,33%,38,72,48%
DUX-PC-HIVO-i11Pro-BLU,,58%,37.0,44.3,25.0,60.0,50%,13,33%,38,72,48%
DUX-PC-HIVO-S25Edge-BLK,,58%,37.0,44.3,25.0,60.0,50%,13,33%,38,72,48%
DUX-PC-HIVO-S25Edge-BRW,,58%,37.0,44.3,25.0,60.0,50%,13,33%,38,72,48%
DUX-PC-HIVO-S25Edge-RED,,58%,37.0,44.3,25.0,60.0,50%,13,33%,38,72,48%
DUX-PC-HIVO-S25-BLK,,58%,37.0,44.3,25.0,60.0,50%,13,33%,38,72,48%
DUX-PC-HIVO-S25-BRW,,58%,37.0,44.3,25.0,60.0,50%,13,33%,38,72,48%
DUX-PC-HIVO-S25-RED,,58%,37.0,44.3,25.0,60.0,50%,13,33%,38,72,48%
DUX-PC-HIVO-S25Plus-BLK,,58%,37.0,44.3,25.0,60.0,50%,13,33%,38,72,48%
DUX-PC-HIVO-S25Plus-BRW,,58%,37.0,44.3,25.0,60.0,50%,13,33%,38,72,48%
DUX-PC-HIVO-S25Plus-RED,,58%,37.0,44.3,25.0,60.0,50%,13,33%,38,72,48%
DUX-PC-HIVO-S25Ultra-BLK,,58%,37.0,44.3,25.0,60.0,50%,13,33%,38,72,48%
DUX-PC-HIVO-S25Ultra-BRW,,58%,37.0,44.3,25.0,60.0,50%,13,33%,38,72,48%
DUX-PC-HIVO-S25Ultra-RED,,58%,37.0,44.3,25.0,60.0,50%,13,33%,38,72,48%
DUX-PC-HIVO-S24Ultra-BLK,,58%,37.0,44.3,25.0,60.0,50%,13,33%,38,72,48%
DUX-PC-HIVO-S24-BLK,,58%,37.0,44.3,25.0,60.0,50%,13,33%,38,72,48%
DUX-PC-HIVO-S23Plus-BRW,,58%,37.0,44.3,25.0,60.0,50%,13,33%,38,72,48%
DUX-PC-HIVO-S23Plus-BLK,,58%,37.0,44.3,25.0,60.0,50%,13,33%,38,72,48%
DUX-PC-HIVO-S24Ultra-RED,,58%,37.0,44.3,25.0,60.0,50%,13,33%,38,72,48%
DUX-PC-HIVO-S24Ultra-BRW,,58%,37.0,44.3,25.0,60.0,50%,13,33%,38,72,48%
DUX-PC-HIVO-S24Plus-RED,,58%,37.0,44.3,25.0,60.0,50%,13,33%,38,72,48%
DUX-PC-HIVO-S24Plus-BRW,,58%,37.0,44.3,25.0,60.0,50%,13,33%,38,72,48%
DUX-PC-HIVO-S24Plus-BLK,,58%,37.0,44.3,25.0,60.0,50%,13,33%,38,72,48%
DUX-PC-HIVO-S24-RED,,58%,37.0,44.3,25.0,60.0,50%,13,33%,38,72,48%
DUX-PC-HIVO-S24-BRW,,58%,37.0,44.3,25.0,60.0,50%,13,33%,38,72,48%
DUX-PC-HIVO-S22Plus-RED,,58%,37.0,44.3,25.0,60.0,50%,13,33%,38,72,48%
DUX-PC-HIVO-S22-RED,,58%,37.0,44.3,25.0,60.0,50%,13,33%,38,72,48%
DUX-PC-HIVO-S21FE-RED,,58%,37.0,44.3,25.0,60.0,50%,13,33%,38,72,48%
DUX-PC-HIVO-S21FE-BLU,,58%,37.0,44.3,25.0,60.0,50%,13,33%,38,72,48%
DUX-PC-HIVO-S21FE-BLK,,58%,37.0,44.3,25.0,60.0,50%,13,33%,38,72,48%
DUX-PC-YIND-iP16E-BLK,,63%,13.0,17.1,9.2,25.0,60%,6,38%,15,30,51%
DUX-PC-YIND-iP16E-GRY,,63%,13.0,17.1,9.2,25.0,60%,6,38%,15,30,51%
DUX-PC-YIND-iP16E-GRN,,63%,13.0,17.1,9.2,25.0,60%,6,38%,15,30,51%
DUX-PC-YIND-iP16E-ROS/PNK,,63%,13.0,17.1,9.2,25.0,60%,6,38%,15,30,51%
DUX-PC-YIND-iP16-BLK,,63%,13.0,17.1,9.2,25.0,60%,6,38%,15,30,51%
DUX-PC-YIND-iP16-GRY,,63%,13.0,17.1,9.2,25.0,60%,6,38%,15,30,51%
DUX-PC-YIND-iP16-ROS/PNK,,63%,13.0,17.1,9.2,25.0,60%,6,38%,15,30,51%
DUX-PC-YIND-iP16-GRN,,63%,13.0,17.1,9.2,25.0,60%,6,38%,15,30,51%
DUX-PC-YIND-iP16Plus-BLK,,63%,13.0,17.1,9.2,25.0,60%,6,38%,15,30,51%
DUX-PC-YIND-iP16Plus-GRY,,63%,13.0,17.1,9.2,25.0,60%,6,38%,15,30,51%
DUX-PC-YIND-iP16Plus-BLU,,63%,13.0,17.1,9.2,25.0,60%,6,38%,15,30,51%
DUX-PC-YIND-iP16Plus-PRP,,63%,13.0,17.1,9.2,25.0,60%,6,38%,15,30,51%
DUX-PC-YIND-iP16Plus-PNK,,63%,13.0,17.1,9.2,25.0,60%,6,38%,15,30,51%
DUX-PC-YIND-iP16Pro-BLK,,63%,13.0,17.1,9.2,25.0,60%,6,38%,15,30,51%
DUX-PC-YIND-iP16Pro-GRY,,63%,13.0,17.1,9.2,25.0,60%,6,38%,15,30,51%
DUX-PC-YIND-iP16Pro-BLU,,63%,13.0,17.1,9.2,25.0,60%,6,38%,15,30,51%
DUX-PC-YIND-iP16Pro-PRP,,63%,13.0,17.1,9.2,25.0,60%,6,38%,15,30,51%
DUX-PC-YIND-iP16Pro-PNK,,63%,13.0,17.1,9.2,25.0,60%,6,38%,15,30,51%
DUX-PC-YIND-iP16Pro-ROS/PNK,,63%,13.0,17.1,9.2,25.0,60%,6,38%,15,30,51%
DUX-PC-YIND-iP16Pro-GRN,,63%,13.0,17.1,9.2,25.0,60%,6,38%,15,30,51%
DUX-PC-YIND-iP16ProMax-BLK,,63%,13.0,17.1,9.2,25.0,60%,6,38%,15,30,51%
DUX-PC-YIND-iP16ProMax-GRY,,63%,13.0,17.1,9.2,25.0,60%,6,38%,15,30,51%
DUX-PC-YIND-iP16ProMax-BLU,,63%,13.0,17.1,9.2,25.0,60%,6,38%,15,30,51%
DUX-PC-YIND-iP16ProMax-PRP,,63%,13.0,17.1,9.2,25.0,60%,6,38%,15,30,51%
DUX-PC-YIND-iP16ProMax-PNK,,63%,13.0,17.1,9.2,25.0,60%,6,38%,15,30,51%
DUX-PC-YIND-iP16ProMax-ROS/PNK,,63%,13.0,17.1,9.2,25.0,60%,6,38%,15,30,51%
DUX-PC-YIND-iP16ProMax-GRN,,63%,13.0,17.1,9.2,25.0,60%,6,38%,15,30,51%
DUX-PC-YIND-iP15-BLK,,63%,13.0,17.1,9.2,25.0,60%,6,38%,15,30,51%
DUX-PC-YIND-iP15-GRY,,63%,13.0,17.1,9.2,25.0,60%,6,38%,15,30,51%
DUX-PC-YIND-iP15-BLU,,63%,13.0,17.1,9.2,25.0,60%,6,38%,15,30,51%
DUX-PC-YIND-iP15-PINK,,63%,13.0,17.1,9.2,25.0,60%,6,38%,15,30,51%
DUX-PC-YIND-iP15-PRP,,63%,13.0,17.1,9.2,25.0,60%,6,38%,15,30,51%
DUX-PC-YIND-iP15Pro-BLK,,63%,13.0,17.1,9.2,25.0,60%,6,38%,15,30,51%
DUX-PC-YIND-iP15Pro-GRY,,63%,13.0,17.1,9.2,25.0,60%,6,38%,15,30,51%
DUX-PC-YIND-iP15Pro-BLU,,63%,13.0,17.1,9.2,25.0,60%,6,38%,15,30,51%
DUX-PC-YIND-iP15Pro-PINK,,63%,13.0,17.1,9.2,25.0,60%,6,38%,15,30,51%
DUX-PC-YIND-iP15Pro-PRP,,63%,13.0,17.1,9.2,25.0,60%,6,38%,15,30,51%
DUX-PC-YIND-iP15ProMax-BLK,,63%,13.0,17.1,9.2,25.0,60%,6,38%,15,30,51%
DUX-PC-YIND-iP15ProMax-GRY,,63%,13.0,17.1,9.2,25.0,60%,6,38%,15,30,51%
DUX-PC-YIND-iP15ProMax-BLU,,63%,13.0,17.1,9.2,25.0,60%,6,38%,15,30,51%
DUX-PC-YIND-iP15ProMax-PINK,,63%,13.0,17.1,9.2,25.0,60%,6,38%,15,30,51%
DUX-PC-YIND-iP15ProMax-PRP,,63%,13.0,17.1,9.2,25.0,60%,6,38%,15,30,51%
DUX-PC-YIND-S25-BLK,,63%,13.0,17.1,9.2,25.0,60%,6,38%,15,30,51%
DUX-PC-YIND-S25-GRY,,63%,13.0,17.1,9.2,25.0,60%,6,38%,15,30,51%
DUX-PC-YIND-S25-PNK,,63%,13.0,17.1,9.2,25.0,60%,6,38%,15,30,51%
DUX-PC-YIND-S25-CYA,,63%,13.0,17.1,9.2,25.0,60%,6,38%,15,30,51%
DUX-PC-YIND-S25Plus-BLK,,63%,13.0,17.1,9.2,25.0,60%,6,38%,15,30,51%
DUX-PC-YIND-S25Plus-GRY,,63%,13.0,17.1,9.2,25.0,60%,6,38%,15,30,51%
DUX-PC-YIND-S25Plus-PNK,,63%,13.0,17.1,9.2,25.0,60%,6,38%,15,30,51%
DUX-PC-YIND-S25Plus-CYA,,63%,13.0,17.1,9.2,25.0,60%,6,38%,15,30,51%
DUX-PC-YIND-S25Ultra-BLK,,63%,13.0,17.1,9.2,25.0,60%,6,38%,15,30,51%
DUX-PC-YIND-S25Ultra-GRY,,63%,13.0,17.1,9.2,25.0,60%,6,38%,15,30,51%
DUX-PC-YIND-S25Ultra-PNK,,63%,13.0,17.1,9.2,25.0,60%,6,38%,15,30,51%
DUX-PC-YIND-S25Ultra-CYA,,63%,13.0,17.1,9.2,25.0,60%,6,38%,15,30,51%
DUX-PC-YIND-S/A16-BLK,,71%,10.0,16.1,7.2,25.0,60%,4,38%,12,30,61%
DUX-PC-YIND-S/A16-GRY,,71%,10.0,16.1,7.2,25.0,60%,4,38%,12,30,61%
DUX-PC-YIND-S/A16-GRN,,71%,10.0,16.1,7.2,25.0,60%,4,38%,12,30,61%
DUX-PC-YIND-S/A16-PNK,,71%,10.0,16.1,7.2,25.0,60%,4,38%,12,30,61%
DUX-PC-YIND-S/A36(5G)-BLK,,71%,10.0,16.1,7.2,25.0,60%,4,38%,12,30,61%
DUX-PC-YIND-S/A36(5G)-GRY,,71%,10.0,16.1,7.2,25.0,60%,4,38%,12,30,61%
DUX-PC-YIND-S/A36(5G)-GRN,,71%,10.0,16.1,7.2,25.0,60%,4,38%,12,30,61%
DUX-PC-YIND-S/A36(5G)-PNK,,71%,10.0,16.1,7.2,25.0,60%,4,38%,12,30,61%
DUX-PC-YIND(RING)-iP16-BLK,,63%,26.0,32.9,17.8,48.0,60%,11,38%,28,58,51%
DUX-PC-YIND(RING)-iP16-GRY,,63%,26.0,32.9,17.8,48.0,60%,11,38%,28,58,51%
DUX-PC-YIND(RING)-iP16Pro-BLK,,63%,26.0,32.9,17.8,48.0,60%,11,38%,28,58,51%
DUX-PC-YIND(RING)-iP16Pro-GRY,,63%,26.0,32.9,17.8,48.0,60%,11,38%,28,58,51%
DUX-PC-YIND(RING)-iP16ProMax-BLK,,63%,26.0,32.9,17.8,48.0,60%,11,38%,28,58,51%
DUX-PC-YIND(RING)-iP16ProMax-GRY,,63%,26.0,32.9,17.8,48.0,60%,11,38%,28,58,51%
DUX-PC-YIND(RING)-S25-BLK,,63%,26.0,32.9,17.8,48.0,60%,11,38%,28,58,51%
DUX-PC-YIND(RING)-S25-GRY,,63%,26.0,32.9,17.8,48.0,60%,11,38%,28,58,51%
DUX-PC-YIND(RING)-S25Plus-BLK,,63%,26.0,32.9,17.8,48.0,60%,11,38%,28,58,51%
DUX-PC-YIND(RING)-S25Plus-GRY,,63%,26.0,32.9,17.8,48.0,60%,11,38%,28,58,51%
DUX-PC-YIND(RING)-S25Ultra-BLK,,63%,26.0,32.9,17.8,48.0,60%,11,38%,28,58,51%
DUX-PC-YIND(RING)-S25Ultra-GRY,,63%,26.0,32.9,17.8,48.0,60%,11,38%,28,58,51%
DUX-PC-G2RAFI-iP16E-BLK,,56%,29.0,32.4,19.7,45.0,60%,12,38%,32,54,42%
DUX-PC-G2RAFI-iP16E-BLU,,56%,29.0,32.4,19.7,45.0,60%,12,38%,32,54,42%
DUX-PC-G2RAFI-iP16E-PRP,,56%,29.0,32.4,19.7,45.0,60%,12,38%,32,54,42%
DUX-PC-G2RAFI-i16ProMax-BLK,,56%,29.0,32.4,19.7,45.0,60%,12,38%,32,54,42%
DUX-PC-G2RAFI-i16ProMax-BLU,,56%,29.0,32.4,19.7,45.0,60%,12,38%,32,54,42%
DUX-PC-G2RAFI-i16Pro-BLK,,56%,29.0,32.4,19.7,45.0,60%,12,38%,32,54,42%
DUX-PC-G2RAFI-i16Pro-BLU,,56%,29.0,32.4,19.7,45.0,60%,12,38%,32,54,42%
DUX-PC-G2RAFI-i16Plus-BLK,,56%,29.0,32.4,19.7,45.0,60%,12,38%,32,54,42%
DUX-PC-G2RAFI-i16-BLK,,56%,29.0,32.4,19.7,45.0,60%,12,38%,32,54,42%
DUX-PC-G2RAFI-i16-BLU,,56%,29.0,32.4,19.7,45.0,60%,12,38%,32,54,42%
DUX-PC-G2RAFI-i15ProMax-BLK,,56%,29.0,32.4,19.7,45.0,60%,12,38%,32,54,42%
DUX-PC-G2RAFI-i15ProMax-BLU,,56%,29.0,32.4,19.7,45.0,60%,12,38%,32,54,42%
DUX-PC-G2RAFI-i15Pro-BLK,,56%,29.0,32.4,19.7,45.0,60%,12,38%,32,54,42%
DUX-PC-G2RAFI-i15Pro-BLU,,56%,29.0,32.4,19.7,45.0,60%,12,38%,32,54,42%
DUX-PC-G2RAFI-i15-BLK,,56%,29.0,32.4,19.7,45.0,60%,12,38%,32,54,42%
DUX-PC-G2RAFI-i15-BLU,,56%,29.0,32.4,19.7,45.0,60%,12,38%,32,54,42%
DUX-PC-G2RAFI-i13-BLK,,56%,29.0,32.4,19.7,45.0,60%,12,38%,32,54,42%
DUX-PC-G2RAFI-i13-BLU,,56%,29.0,32.4,19.7,45.0,60%,12,38%,32,54,42%
DUX-PC-G2RAFI-i14ProMax-BLK,,56%,29.0,32.4,19.7,45.0,60%,12,38%,32,54,42%
DUX-PC-G2RAFI-i14Pro-BLK,,56%,29.0,32.4,19.7,45.0,60%,12,38%,32,54,42%
DUX-PC-G2RAFI-i13ProMax-BLK,,56%,29.0,32.4,19.7,45.0,60%,12,38%,32,54,42%
DUX-PC-G2RAFI-i13Pro-BLK,,56%,29.0,32.4,19.7,45.0,60%,12,38%,32,54,42%
DUX-PC-G2RAFI-i15Plus-BLK,,56%,29.0,32.4,19.7,45.0,60%,12,38%,32,54,42%
DUX-PC-G2RAFI-i15Plus-BLU,,56%,29.0,32.4,19.7,45.0,60%,12,38%,32,54,42%
DUX-PC-G2RAFI-i16-PRP,,56%,29.0,32.4,19.7,45.0,60%,12,38%,32,54,42%
DUX-PC-G2RAFI-i16Plus-BLU,,56%,29.0,32.4,19.7,45.0,60%,12,38%,32,54,42%
DUX-PC-G2RAFI-i16Plus-PRP,,56%,29.0,32.4,19.7,45.0,60%,12,38%,32,54,42%
DUX-PC-G2RAFI-i16Pro-PRP,,56%,29.0,32.4,19.7,45.0,60%,12,38%,32,54,42%
DUX-PC-G2RAFI-i16ProMax-PRP,,56%,29.0,32.4,19.7,45.0,60%,12,38%,32,54,42%
DUX-PC-G2RAFI-i13-PRP,,56%,29.0,32.4,19.7,45.0,60%,12,38%,32,54,42%
DUX-PC-G2RAFI-i13Pro-BLU,,56%,29.0,32.4,19.7,45.0,60%,12,38%,32,54,42%
DUX-PC-G2RAFI-i13Pro-PRP,,56%,29.0,32.4,19.7,45.0,60%,12,38%,32,54,42%
DUX-PC-G2RAFI-i13ProMax-BLU,,56%,29.0,32.4,19.7,45.0,60%,12,38%,32,54,42%
DUX-PC-G2RAFI-i13ProMax-PRP,,56%,29.0,32.4,19.7,45.0,60%,12,38%,32,54,42%
DUX-PC-G2RAFI-i14Pro-BLU,,56%,29.0,32.4,19.7,45.0,60%,12,38%,32,54,42%
DUX-PC-G2RAFI-i14Pro-PRP,,56%,29.0,32.4,19.7,45.0,60%,12,38%,32,54,42%
DUX-PC-G2RAFI-i14ProMax-BLU,,56%,29.0,32.4,19.7,45.0,60%,12,38%,32,54,42%
DUX-PC-G2RAFI-i14ProMax-PRP,,56%,29.0,32.4,19.7,45.0,60%,12,38%,32,54,42%
DUX-PC-G2RAFI-i15-PRP,,56%,29.0,32.4,19.7,45.0,60%,12,38%,32,54,42%
DUX-PC-G2RAFI-i15Plus-PRP,,56%,29.0,32.4,19.7,45.0,60%,12,38%,32,54,42%
DUX-PC-G2RAFI-i15Pro-PRP,,56%,29.0,32.4,19.7,45.0,60%,12,38%,32,54,42%
DUX-PC-G2RAFI-i15ProMax-PRP,,56%,29.0,32.4,19.7,45.0,60%,12,38%,32,54,42%
DUX-PC-G2RAFI-S25Edge-BLK,,56%,29.0,32.4,19.7,45.0,60%,12,38%,32,54,42%
DUX-PC-G2RAFI-S25Edge-BLU,,56%,29.0,32.4,19.7,45.0,60%,12,38%,32,54,42%
DUX-PC-G2RAFI-S25Edge-PRP,,56%,29.0,32.4,19.7,45.0,60%,12,38%,32,54,42%
DUX-PC-G2RAFI-S25-BLK,,56%,29.0,32.4,19.7,45.0,60%,12,38%,32,54,42%
DUX-PC-G2RAFI-S25-BLU,,56%,29.0,32.4,19.7,45.0,60%,12,38%,32,54,42%
DUX-PC-G2RAFI-S25-PRP,,56%,29.0,32.4,19.7,45.0,60%,12,38%,32,54,42%
DUX-PC-G2RAFI-S25Plus-BLK,,56%,29.0,32.4,19.7,45.0,60%,12,38%,32,54,42%
DUX-PC-G2RAFI-S25Plus-BLU,,56%,29.0,32.4,19.7,45.0,60%,12,38%,32,54,42%
DUX-PC-G2RAFI-S25Plus-PRP,,56%,29.0,32.4,19.7,45.0,60%,12,38%,32,54,42%
DUX-PC-G2RAFI-S25Ultra-BLK,,56%,29.0,32.4,19.7,45.0,60%,12,38%,32,54,42%
DUX-PC-G2RAFI-S25Ultra-BLU,,56%,29.0,32.4,19.7,45.0,60%,12,38%,32,54,42%
DUX-PC-G2RAFI-S25Ultra-PRP,,56%,29.0,32.4,19.7,45.0,60%,12,38%,32,54,42%
DUX-PC-G2RAFI-S24Ultra-BLU,,56%,29.0,32.4,19.7,45.0,60%,12,38%,32,54,42%
DUX-PC-G2RAFI-S24Ultra-BLK,,56%,29.0,32.4,19.7,45.0,60%,12,38%,32,54,42%
DUX-PC-G2RAFI-S24Ultra-PRP,,56%,29.0,32.4,19.7,45.0,60%,12,38%,32,54,42%
DUX-PC-G2RAFI-S24Plus-PRP,,56%,29.0,32.4,19.7,45.0,60%,12,38%,32,54,42%
DUX-PC-G2RAFI-S24Plus-BLU,,56%,29.0,32.4,19.7,45.0,60%,12,38%,32,54,42%
DUX-PC-G2RAFI-S24Plus-BLK,,56%,29.0,32.4,19.7,45.0,60%,12,38%,32,54,42%
DUX-PC-G2RAFI-S24-PRP,,56%,29.0,32.4,19.7,45.0,60%,12,38%,32,54,42%
DUX-PC-G2RAFI-S24-BLU,,56%,29.0,32.4,19.7,45.0,60%,12,38%,32,54,42%
DUX-PC-G2RAFI-S24-BLK,,56%,29.0,32.4,19.7,45.0,60%,12,38%,32,54,42%
DUX-PC-FITT-MagicV3-BLK,,61%,26.0,31.4,17.8,45.0,60%,11,38%,28,54,47%
DUX-PC-FITT-MagicV3-GRY,,61%,26.0,31.4,17.8,45.0,60%,11,38%,28,54,47%
DUX-PC-FITT-ZFold6-BLK,,61%,26.0,31.4,17.8,45.0,60%,11,38%,28,54,47%
DUX-PC-FITT-ZFold6-GRY,,61%,26.0,31.4,17.8,45.0,60%,11,38%,28,54,47%
DUX-PC-FITT-ZFlip6-BLK,,64%,18.0,23.8,12.5,35.0,60%,8,38%,20,42,52%
DUX-PC-FITT-ZFlip6-BLU,,64%,18.0,23.8,12.5,35.0,60%,8,38%,20,42,52%
DUX-PC-FITT-ZFlip6-PNK,,64%,18.0,23.8,12.5,35.0,60%,8,38%,20,42,52%
DUX-PC-BRIL-ZFlip5-BLK,,68%,20.0,28.4,13.8,43.0,60%,8,38%,22,52,57%
DUX-PC-BRIL-ZFlip5-PRP,,68%,20.0,28.4,13.8,43.0,60%,8,38%,22,52,57%
DUX-PC-BRIL-ZFlip6-BLK,,68%,20.0,28.4,13.8,43.0,60%,8,38%,22,52,57%
DUX-PC-BRIL-ZFlip6-PRP,,68%,20.0,28.4,13.8,43.0,60%,8,38%,22,52,57%
DUX-PC-BRIL-ZFlip6-PNK,,68%,20.0,28.4,13.8,43.0,60%,8,38%,22,52,57%
DUX-PC-BRIL-ZFold5-BLK,,63%,23.0,29.4,15.8,43.0,60%,9,38%,25,52,51%
DUX-PC-BRIL-ZFold6-BLK,,63%,23.0,29.4,15.8,43.0,60%,9,38%,25,52,51%
DUX-PC-BRIL-ZFold6-BLU,,63%,23.0,29.4,15.8,43.0,60%,9,38%,25,52,51%
DUX-PC-BRIL-ZFold6-PNK,,63%,23.0,29.4,15.8,43.0,60%,9,38%,25,52,51%
DUX-PC-BRIL-ZFoldSE-BLK,,63%,23.0,29.4,15.8,43.0,60%,9,38%,25,52,51%
DUX-PC-BRIL-ZFoldSE-BLU,,63%,23.0,29.4,15.8,43.0,60%,9,38%,25,52,51%
DUX-PC-BRIL-ZFlip4-BLK,,68%,20.0,28.4,13.8,43.0,60%,8,38%,22,52,57%
DUX-PC-BRIL-ZFlip4-PRP,,68%,20.0,28.4,13.8,43.0,60%,8,38%,22,52,57%
DUX-PC-BRIL-ZFlip4-PNK,,68%,20.0,28.4,13.8,43.0,60%,8,38%,22,52,57%
DUX-PC-BRIL-ZFlip5-PNK,,68%,20.0,28.4,13.8,43.0,60%,8,38%,22,52,57%
DUX-PC-BRIL-ZFold5-PNK,,63%,23.0,29.4,15.8,43.0,60%,9,38%,25,52,51%
DUX-PC-BRIL-FindN3-BLK,,58%,23.0,26.9,15.8,38.0,60%,9,38%,25,46,45%
DUX-PC-BRIL-FindN3-PRP,,58%,23.0,26.9,15.8,38.0,60%,9,38%,25,46,45%
DUX-PC-BRIL-FindN3-PNK,,58%,23.0,26.9,15.8,38.0,60%,9,38%,25,46,45%
DUX-PC-BRIL-FindN5-BLK,,63%,23.0,29.4,15.8,43.0,60%,9,38%,25,52,51%
DUX-PC-BRIL-FindN5-BLU,,63%,23.0,29.4,15.8,43.0,60%,9,38%,25,52,51%
DUX-PC-BRIL-MagicV3-BLK,,63%,23.0,29.4,15.8,43.0,60%,9,38%,25,52,51%
DUX-PC-BRIL-MagicV3-BLU,,63%,23.0,29.4,15.8,43.0,60%,9,38%,25,52,51%
DUX-PC-AIMO(RING)-S24Ultra-BLK,,67%,19.0,26.6,13.2,40.0,70%,9,41%,22,48,53%
DUX-PC-AIMO(RING)-S25Ultra-BLK,,67%,19.0,26.6,13.2,40.0,70%,9,41%,22,48,53%
DUX-PC-AIMO(RING)-S25Edge-BLK,,67%,19.0,26.6,13.2,40.0,70%,9,41%,22,48,53%
DUX-PC-AIMO(RING)-S24-BLK,,67%,19.0,26.6,13.2,40.0,70%,9,41%,22,48,53%
DUX-PC-AIMO(RING)-S25-BLK,,67%,19.0,26.6,13.2,40.0,70%,9,41%,22,48,53%
DUX-PC-AIMO(RING)-S25Plus-BLK,,67%,19.0,26.6,13.2,40.0,70%,9,41%,22,48,53%
DUX-PC-AIMO(MS)-ZFoldSE-BLK,,58%,28.0,32.0,19.1,45.0,70%,13,41%,32,54,40%
DUX-PC-AIMO(MS)-ZFold6-BLK,,58%,28.0,32.0,19.1,45.0,70%,13,41%,32,54,40%
DUX-PC-AIMO(MS)-S24Ultra-BLK,,72%,18.0,28.8,12.5,45.0,70%,9,41%,21,54,61%
DUX-PC-AIMO(MS)-S24FE-BLK,,69%,18.0,26.3,12.5,40.0,70%,9,41%,21,48,56%
DUX-PC-AIMO(MS)-ZFlip6-BLK,,56%,26.0,28.9,17.8,40.0,70%,12,41%,30,48,37%
DUX-PC-AIMO-ZFoldSE-BLK,,62%,19.0,24.1,13.2,35.0,70%,9,41%,22,42,47%
DUX-PC-AIMO-ZFold6-BLK,,62%,19.0,24.1,13.2,35.0,70%,9,41%,22,42,47%
DUX-PC-AIMO-ZFlip6-BLK,,63%,16.0,20.6,11.2,30.0,70%,8,41%,19,36,47%
DUX-PC-AIMO-S25Edge-BLK,,74%,9.0,15.8,6.6,25.0,70%,5,41%,11,30,63%
DUX-PC-AIMO-S25-BLK,,74%,9.0,15.8,6.6,25.0,70%,5,41%,11,30,63%
DUX-PC-AIMO-S25Plus-BLK,,74%,9.0,15.8,6.6,25.0,70%,5,41%,11,30,63%
DUX-PC-AIMO-S25Ultra-BLK,,74%,9.0,15.8,6.6,25.0,70%,5,41%,11,30,63%
DUX-PC-AIMO-S24FE-BLK,,74%,9.0,15.8,6.6,25.0,70%,5,41%,11,30,63%
DUX-PC-AIMO-S24Ultra-BLK,,74%,9.0,15.8,6.6,25.0,70%,5,41%,11,30,63%
DUX-PC-AIMO-S24-BLK,,74%,9.0,15.8,6.6,25.0,70%,5,41%,11,30,63%
DUX-PC-AIMO-S23Plus-BLK,,74%,9.0,15.8,6.6,25.0,70%,5,41%,11,30,63%
DUX-PC-AIMO-S23FE-BLK,,74%,9.0,15.8,6.6,25.0,70%,5,41%,11,30,63%
DUX-PC-AIMO-S/A55(5G)-BLK,,74%,9.0,15.8,6.6,25.0,70%,5,41%,11,30,63%
DUX-PC-AIMO-S/A35(5G)-BLK,,74%,9.0,15.8,6.6,25.0,70%,5,41%,11,30,63%
DUX-PC-AIMO-S/A15(4G/5G)-BLK,,74%,9.0,15.8,6.6,25.0,70%,5,41%,11,30,63%
DUX-PC-AIMO-S/A16-BLK,,74%,9.0,15.8,6.6,25.0,70%,5,41%,11,30,63%
DUX-PC-AIMO-S/A36(5G)-BLK,,74%,9.0,15.8,6.6,25.0,70%,5,41%,11,30,63%
DUX-PC-AIMO-S23Ultra-BLK,,74%,9.0,15.8,6.6,25.0,70%,5,41%,11,30,63%
DUX-PC-AIMO-S/A25(4G/5G)-BLK,,74%,9.0,15.8,6.6,25.0,70%,5,41%,11,30,63%
DUX-PC-AIMO-A24/4G-BLK,,74%,9.0,15.8,6.6,25.0,70%,5,41%,11,30,63%
DUX-PC-AIMO-XM15-BLK,,74%,9.0,15.8,6.6,25.0,70%,5,41%,11,30,63%
DUX-PC-AIMO-XM15Pro-BLK,,74%,9.0,15.8,6.6,25.0,70%,5,41%,11,30,63%
DUX-PC-AIMO-XM15Ultra-BLK,,74%,9.0,15.8,6.6,25.0,70%,5,41%,11,30,63%
DUX-PC-AIMO-Mi14T-BLK,,74%,9.0,15.8,6.6,25.0,70%,5,41%,11,30,63%
DUX-PC-AIMO-Mi14TPro-BLK,,74%,9.0,15.8,6.6,25.0,70%,5,41%,11,30,63%
DUX-PC-AIMO-RMK70/PRO-BLK,,74%,9.0,15.8,6.6,25.0,70%,5,41%,11,30,63%
DUX-PC-AIMO-RMN14PRO(5G)-BLK,,74%,9.0,15.8,6.6,25.0,70%,5,41%,11,30,63%
DUX-PC-AIMO-RMN14PROPLUS(5G)-BLK,,74%,9.0,15.8,6.6,25.0,70%,5,41%,11,30,63%
DUX-PC-AIMO-RMN14(5G)-BLK,,74%,9.0,15.8,6.6,25.0,70%,5,41%,11,30,63%
DUX-PC-AIMO-XM13-BLK,,74%,9.0,15.8,6.6,25.0,70%,5,41%,11,30,63%
DUX-PC-AIMO-XM14Pro-BLK,,74%,9.0,15.8,6.6,25.0,70%,5,41%,11,30,63%
DUX-PC-AIMO-XM14Ultra-BLK,,74%,9.0,15.8,6.6,25.0,70%,5,41%,11,30,63%
DUX-PC-AIMO-RMN13(4G)-BLK,,74%,9.0,15.8,6.6,25.0,70%,5,41%,11,30,63%
DUX-PC-AIMO-RMN13PRO(4G)-BLK,,74%,9.0,15.8,6.6,25.0,70%,5,41%,11,30,63%
DUX-PC-AIMO-Magic7Pro-BLK,,74%,9.0,15.8,6.6,25.0,70%,5,41%,11,30,63%
DUX-PC-AIMO-Magic6Pro-BLK,,74%,9.0,15.8,6.6,25.0,70%,5,41%,11,30,63%
DUX-PC-AIMO-HN/X9C-BLK,,74%,9.0,15.8,6.6,25.0,70%,5,41%,11,30,63%
DUX-PC-AIMO-Honor200Pro-BLK,,74%,9.0,15.8,6.6,25.0,70%,5,41%,11,30,63%
DUX-PC-AIMO-Honor200-BLK,,74%,9.0,15.8,6.6,25.0,70%,5,41%,11,30,63%
DUX-PC-AIMO-Honor90-BLK,,74%,9.0,15.8,6.6,25.0,70%,5,41%,11,30,63%
DUX-PC-AIMO-Honor100Pro-BLK,,74%,9.0,15.8,6.6,25.0,70%,5,41%,11,30,63%
DUX-PC-AIMO-Honor100-BLK,,74%,9.0,15.8,6.6,25.0,70%,5,41%,11,30,63%
DUX-PC-AIMO-Pixel8-BLK,,74%,9.0,15.8,6.6,25.0,70%,5,41%,11,30,63%
DUX-PC-AIMO-Pixel8Pro-BLK,,74%,9.0,15.8,6.6,25.0,70%,5,41%,11,30,63%
DUX-PC-AIMO-Pixel9A-BLK,,74%,9.0,15.8,6.6,25.0,70%,5,41%,11,30,63%
DUX-PC-AIMO-Pixel9/9Pro-BLK,,74%,9.0,15.8,6.6,25.0,70%,5,41%,11,30,63%
DUX-PC-AIMO-Pixel9PROXL-BLK,,74%,9.0,15.8,6.6,25.0,70%,5,41%,11,30,63%
DUX-PC-AIMO-ROG9/Pro-BLK,,74%,9.0,15.8,6.6,25.0,70%,5,41%,11,30,63%
DUX-PC-AIMO-RMagic9Pro/Plus-BLK,,74%,9.0,15.8,6.6,25.0,70%,5,41%,11,30,63%
DUX-PC-AIMO-RMagic10Pro/Plus-BLK,,74%,9.0,15.8,6.6,25.0,70%,5,41%,11,30,63%
DUX-PC-AIMO-OnePlus12-BLK,,74%,9.0,15.8,6.6,25.0,70%,5,41%,11,30,63%
DUX-PC-AIMO-OnePlus13-BLK,,74%,9.0,15.8,6.6,25.0,70%,5,41%,11,30,63%
DUX-PC-AIMO-1+Nord3/Ace2V-BLK,,74%,9.0,15.8,6.6,25.0,70%,5,41%,11,30,63%
DUX-PC-AIMO-NoPhone2A-BLK,,74%,9.0,15.8,6.6,25.0,70%,5,41%,11,30,63%
DUX-PC-AIMO-NTH/3A-BLK,,74%,9.0,15.8,6.6,25.0,70%,5,41%,11,30,63%
DUX-PC-AIMO-NTH/3APRO-BLK,,74%,9.0,15.8,6.6,25.0,70%,5,41%,11,30,63%
DUX-CL-HAWK-i16/Plus-BLK,,61%,8.0,10.5,5.9,15.0,70%,4,41%,10,18,44%
DUX-CL-HAWK-i16/Plus-SLV,,61%,8.0,10.5,5.9,15.0,70%,4,41%,10,18,44%
DUX-CL-HAWK-i16/Plus-BLU,,61%,8.0,10.5,5.9,15.0,70%,4,41%,10,18,44%
DUX-CL-HAWK-i16/Plus-GRN,,61%,8.0,10.5,5.9,15.0,70%,4,41%,10,18,44%
DUX-CL-HAWK-i16/Plus-ROS/PNK,,61%,8.0,10.5,5.9,15.0,70%,4,41%,10,18,44%
DUX-CL-HAWK-i16Pro/Max-BLK,,61%,8.0,10.5,5.9,15.0,70%,4,41%,10,18,44%
DUX-CL-HAWK-i16Pro/Max-SLV,,61%,8.0,10.5,5.9,15.0,70%,4,41%,10,18,44%
DUX-CL-HAWK-i16Pro/Max-DS,,61%,8.0,10.5,5.9,15.0,70%,4,41%,10,18,44%
DUX-CL-HAWK-i16Pro/Max-NT,,61%,8.0,10.5,5.9,15.0,70%,4,41%,10,18,44%
DUX-SP-i12-CLR,,65%,7.5,10.8,5.6,16.0,70%,4,41%,10,19,50%
DUX-SP-i12ProMax-CLR,,65%,7.5,10.8,5.6,16.0,70%,4,41%,10,19,50%
DUX-SP-i13-CLR,,65%,7.5,10.8,5.6,16.0,70%,4,41%,10,19,50%
DUX-SP-i13ProMax-CLR,,65%,7.5,10.8,5.6,16.0,70%,4,41%,10,19,50%
DUX-SP-i14Pro-CLR,,65%,7.5,10.8,5.6,16.0,70%,4,41%,10,19,50%
DUX-SP-i14ProMax-CLR,,65%,7.5,10.8,5.6,16.0,70%,4,41%,10,19,50%
DUX-SP-i15-CLR,,65%,7.5,10.8,5.6,16.0,70%,4,41%,10,19,50%
DUX-SP-i15Plus-CLR,,65%,7.5,10.8,5.6,16.0,70%,4,41%,10,19,50%
DUX-SP-i15Pro-CLR,,65%,7.5,10.8,5.6,16.0,70%,4,41%,10,19,50%
DUX-SP-i15ProMax-CLR,,65%,7.5,10.8,5.6,16.0,70%,4,41%,10,19,50%
DUX-SP-10D-i16-CLR,,65%,7.5,10.8,5.6,16.0,70%,4,41%,10,19,50%
DUX-SP-10D-i16Plus-CLR,,65%,7.5,10.8,5.6,16.0,70%,4,41%,10,19,50%
DUX-SP-10D-i16Pro-CLR,,65%,7.5,10.8,5.6,16.0,70%,4,41%,10,19,50%
DUX-SP-10D-i16ProMax-CLR,,65%,7.5,10.8,5.6,16.0,70%,4,41%,10,19,50%
DUX-SP-9D-RENO11F-CLR,,71%,5.5,9.6,4.3,15.0,70%,3,41%,7,18,60%
DUX-SP-9D-S/A55(5G)-CLR,,71%,5.5,9.6,4.3,15.0,70%,3,41%,7,18,60%
DUX-SP-Honor90Lite-CLR,,71%,5.5,9.6,4.3,15.0,70%,3,41%,7,18,60%
DUX-SP-NoPhone1-CLR,,65%,7.5,10.8,5.6,16.0,70%,4,41%,10,19,50%
DUX-SP-10D-NoPhone2-CLR,,65%,7.5,10.8,5.6,16.0,70%,4,41%,10,19,50%
DUX-SP-10D-NoPhone2A-CLR,,65%,7.5,10.8,5.6,16.0,70%,4,41%,10,19,50%
DUX-SP-10D-NTH/3A/PRO-CLR,,65%,7.5,10.8,5.6,16.0,70%,4,41%,10,19,50%
DUX-SP-10D-CMF1-CLR,,65%,7.5,10.8,5.6,16.0,70%,4,41%,10,19,50%
DUX-SP-10D-ROG8/8Pro-CLR,,65%,7.5,10.8,5.6,16.0,70%,4,41%,10,19,50%
DUX-SP-S23Ultra-CLR,,63%,13.0,17.1,9.2,25.0,70%,6,41%,16,30,48%
DUX-SP-CURVE-S24-BLK,,63%,13.0,17.1,9.2,25.0,70%,6,41%,16,30,48%
DUX-SP-CURVE-S24Plus-BLK,,63%,13.0,17.1,9.2,25.0,70%,6,41%,16,30,48%
DUX-SP-CURVE-S24Ultra-BLK,,63%,13.0,17.1,9.2,25.0,70%,6,41%,16,30,48%
DUX-SP-FU-S25-BLK,,63%,13.0,17.1,9.2,25.0,70%,6,41%,16,30,48%
DUX-SP-FU-S25Plus-BLK,,63%,13.0,17.1,9.2,25.0,70%,6,41%,16,30,48%
DUX-SP-FU-S25Ultra-BLK,,63%,13.0,17.1,9.2,25.0,70%,6,41%,16,30,48%
DUX-SP-i8Plus-CLR/WHT,,65%,7.5,10.8,5.6,16.0,70%,4,41%,10,19,50%
DUX-SP-i13Mini-CLR,,65%,7.5,10.8,5.6,16.0,70%,4,41%,10,19,50%
DUX-SP-A15s-CLR,,71%,5.5,9.6,4.3,15.0,70%,3,41%,7,18,60%
DUX-SP-Reno4-CLR,,71%,5.5,9.6,4.3,15.0,70%,3,41%,7,18,60%
DUX-SP-Reno6-CLR,,71%,5.5,9.6,4.3,15.0,70%,3,41%,7,18,60%
DUX-SP-Realme7-CLR,,71%,5.5,9.6,4.3,15.0,70%,3,41%,7,18,60%
DUX-SP-Realme8-CLR,,71%,5.5,9.6,4.3,15.0,70%,3,41%,7,18,60%
DUX-SP-9D-Rme12/Plus-CLR,,71%,5.5,9.6,4.3,15.0,70%,3,41%,7,18,60%
DUX-SP-V20-CLR,,71%,5.5,9.6,4.3,15.0,70%,3,41%,7,18,60%
DUX-SP-V20SE-CLR,,71%,5.5,9.6,4.3,15.0,70%,3,41%,7,18,60%
DUX-SP-A14/5G-CLR,,71%,5.5,9.6,4.3,15.0,70%,3,41%,7,18,60%
DUX-SP-A34/5G-CLR,,71%,5.5,9.6,4.3,15.0,70%,3,41%,7,18,60%
DUX-SP-Nova7i-CLR,,71%,5.5,9.6,4.3,15.0,70%,3,41%,7,18,60%
DUX-SP-Nova7SE-CLR,,71%,5.5,9.6,4.3,15.0,70%,3,41%,7,18,60%
DUX-SP-9D-NovaY72-CLR,,71%,5.5,9.6,4.3,15.0,70%,3,41%,7,18,60%
DUX-SP-RMNote8Pro-CLR,,71%,5.5,9.6,4.3,15.0,70%,3,41%,7,18,60%
DUX-SP-RMNote9-CLR,,71%,5.5,9.6,4.3,15.0,70%,3,41%,7,18,60%
DUX-SP-PocoM3-CLR,,71%,5.5,9.6,4.3,15.0,70%,3,41%,7,18,60%
DUX-SP-XM12T-CLR,,71%,5.5,9.6,4.3,15.0,70%,3,41%,7,18,60%
DUX-SP-XM13-CLR,,71%,5.5,9.6,4.3,15.0,70%,3,41%,7,18,60%
DUX-SP-XM13Pro-CLR,,63%,13.0,17.1,9.2,25.0,70%,6,41%,16,30,48%
DUX-SP-1+NordCE2/5G-CLR,,71%,5.5,9.6,4.3,15.0,70%,3,41%,7,18,60%
DUX-SP-1+Nord2/5G-CLR,,71%,5.5,9.6,4.3,15.0,70%,3,41%,7,18,60%
DUX-SP-CURVE-Reno11/11Pro-CLR,,63%,13.0,17.1,9.2,25.0,70%,6,41%,16,30,48%
DUX-SP-S22Plus-CLR,,63%,13.0,17.1,9.2,25.0,70%,6,41%,16,30,48%
DUX-SP-S22Ultra-CLR,,63%,13.0,17.1,9.2,25.0,70%,6,41%,16,30,48%
DUX-SP-9D-Pura70-CLR,,71%,5.5,9.6,4.3,15.0,70%,3,41%,7,18,60%
DUX-SP-CURVE-Pura70Ultra-CLR,,63%,13.0,17.1,9.2,25.0,70%,6,41%,16,30,48%
DUX-SP-Honor70-CLR,,63%,13.0,17.1,9.2,25.0,70%,6,41%,16,30,48%
DUX-SP-Magic5Pro-CLR,,63%,13.0,17.1,9.2,25.0,70%,6,41%,16,30,48%
DUX-SP-CURVE-Magic6Pro-CLR,,63%,13.0,17.1,9.2,25.0,70%,6,41%,16,30,48%
DUX-SP-Honor90-CLR,,63%,13.0,17.1,9.2,25.0,70%,6,41%,16,30,48%
DUX-SP-CURVE-Honor200-CLR,,63%,13.0,17.1,9.2,25.0,70%,6,41%,16,30,48%
DUX-SP-CURVE-Honor200Pro-CLR,,63%,13.0,17.1,9.2,25.0,70%,6,41%,16,30,48%
DUX-SP-9D-X7b-CLR,,71%,5.5,9.6,4.3,15.0,70%,3,41%,7,18,60%
DUX-SP-CURVE-X9b-CLR,,63%,13.0,17.1,9.2,25.0,70%,6,41%,16,30,48%
DUX-SP-CURVE-Rme12/ProPlus-CLR,,63%,13.0,17.1,9.2,25.0,70%,6,41%,16,30,48%
DUX-SP-CURVE-RMagic9Pro/Plus-CLR,,63%,13.0,17.1,9.2,25.0,70%,6,41%,16,30,48%
DUX-SP-iXR-PVC,,67%,10.0,14.6,7.2,22.0,70%,5,41%,12,26,53%
DUX-SP-i11Pro-PVC,,67%,10.0,14.6,7.2,22.0,70%,5,41%,12,26,53%
DUX-SP-i11ProMax-PVC,,67%,10.0,14.6,7.2,22.0,70%,5,41%,12,26,53%
DUX-SP-i12Mini-PVC,,67%,10.0,14.6,7.2,22.0,70%,5,41%,12,26,53%
DUX-SP-i12-PVC,,67%,10.0,14.6,7.2,22.0,70%,5,41%,12,26,53%
DUX-SP-i12ProMax-PVC,,67%,10.0,14.6,7.2,22.0,70%,5,41%,12,26,53%
DUX-SP-i13Mini-PVC,,67%,10.0,14.6,7.2,22.0,70%,5,41%,12,26,53%
DUX-SP-i13-PVC,,67%,10.0,14.6,7.2,22.0,70%,5,41%,12,26,53%
DUX-SP-i13ProMax-PVC,,67%,10.0,14.6,7.2,22.0,70%,5,41%,12,26,53%
DUX-SP-i14Pro-PVC,,67%,10.0,14.6,7.2,22.0,70%,5,41%,12,26,53%
DUX-SP-i14ProMax-PVC,,67%,10.0,14.6,7.2,22.0,70%,5,41%,12,26,53%
DUX-SP-i15-PVC,,67%,10.0,14.6,7.2,22.0,70%,5,41%,12,26,53%
DUX-SP-i15Plus-PVC,,67%,10.0,14.6,7.2,22.0,70%,5,41%,12,26,53%
DUX-SP-i15Pro-PVC,,67%,10.0,14.6,7.2,22.0,70%,5,41%,12,26,53%
DUX-SP-i15ProMax-PVC,,67%,10.0,14.6,7.2,22.0,70%,5,41%,12,26,53%
DUX-SP-i16-PVC,,61%,12.0,15.3,8.6,22.0,70%,6,41%,15,26,45%
DUX-SP-i16Plus-PVC,,61%,12.0,15.3,8.6,22.0,70%,6,41%,15,26,45%
DUX-SP-i16Pro-PVC,,61%,12.0,15.3,8.6,22.0,70%,6,41%,15,26,45%
DUX-SP-i16ProMax-PVC,,61%,12.0,15.3,8.6,22.0,70%,6,41%,15,26,45%
DUX-SP-CURVE-S24Ultra-PVC,,65%,14.0,18.9,9.9,28.0,70%,7,41%,17,34,50%
DUX-SP-FU-S25-PVC,,62%,15.0,19.3,10.5,28.0,70%,7,41%,18,34,47%
DUX-SP-FU-S25Plus-PVC,,62%,15.0,19.3,10.5,28.0,70%,7,41%,18,34,47%
DUX-SP-FU-S25Ultra-PVC,,62%,15.0,19.3,10.5,28.0,70%,7,41%,18,34,47%
DUX-SP-iXS-PVC,,67%,10.0,14.6,7.2,22.0,70%,5,41%,12,26,53%
DUX-SP-iXSMax-PVC,,67%,10.0,14.6,7.2,22.0,70%,5,41%,12,26,53%
DUX-SP-CURVE-S22Ultra-PVC,,65%,14.0,18.9,9.9,28.0,70%,7,41%,17,34,50%
DUX-SP-CURVE-S23Ultra-PVC,,65%,14.0,18.9,9.9,28.0,70%,7,41%,17,34,50%
DUX-SP-CURVE-S24Plus-PVC,,65%,14.0,18.9,9.9,28.0,70%,7,41%,17,34,50%
DUX-IC-DK(BLIT)-Air11(2024)-BLK,,57%,175.0,208.6,116.4,270.0,60%,70,38%,186,324,42%
DUX-IC-DK(BLIT)-Air13(2024)-BLK,,58%,195.0,237.8,129.6,310.0,60%,78,38%,207,372,44%
DUX-IC-DK(BLIT)-iPad789-BLK,,57%,175.0,208.6,116.4,270.0,60%,70,38%,186,324,42%
DUX-IC-DK(BLIT)-iPad10(10.9)-BLK,,57%,175.0,208.6,116.4,270.0,60%,70,38%,186,324,42%
DUX-IC-DK(BLIT)-Pro11(2024)-BLK,,57%,175.0,208.6,116.4,270.0,60%,70,38%,186,324,42%
DUX-IC-DK(BLIT)-Pro13(2024)-BLK,,58%,195.0,237.8,129.6,310.0,60%,78,38%,207,372,44%
DUX-IC-DK(BLIT)-TabS9-BLK,,57%,175.0,208.6,116.4,270.0,60%,70,38%,186,324,42%
DUX-IC-DK(BLIT)-TabS9Plus-BLK,,58%,195.0,237.8,129.6,310.0,60%,78,38%,207,372,44%
DUX-IC-DK(BLIT)-TabS10Ultra-BLK,,58%,230.0,277.1,152.6,360.0,60%,92,38%,244,432,43%
DUX-IC-DK(BLIT)-TabS9FEPlus-BLK,,58%,195.0,237.8,129.6,310.0,60%,78,38%,207,372,44%
DUX-IC-DK-Air11(2024)-BLK,,54%,165.0,187.9,109.9,240.0,60%,66,38%,176,288,39%
DUX-IC-DK-Air13(2024)-BLK,,56%,185.0,217.2,123.0,280.0,60%,74,38%,197,336,41%
DUX-IC-DK-iPad789-BLK,,54%,165.0,187.9,109.9,240.0,60%,66,38%,176,288,39%
DUX-IC-DK-iPad10(10.9)-BLK,,54%,165.0,187.9,109.9,240.0,60%,66,38%,176,288,39%
DUX-IC-DK-Pro11(2024)-BLK,,54%,165.0,187.9,109.9,240.0,60%,66,38%,176,288,39%
DUX-IC-DK-Pro13(2024)-BLK,,56%,185.0,217.2,123.0,280.0,60%,74,38%,197,336,41%
DUX-IC-DK-Pro12.9-BLK,,56%,185.0,217.2,123.0,280.0,60%,74,38%,197,336,41%
DUX-IC-DK-TabA8(21)-BLK,,54%,165.0,187.9,109.9,240.0,60%,66,38%,176,288,39%
DUX-IC-DK-S/A9Plus-BLK,,54%,165.0,187.9,109.9,240.0,60%,66,38%,176,288,39%
DUX-IC-DK-TabS6Lite-BLK,,54%,165.0,187.9,109.9,240.0,60%,66,38%,176,288,39%
DUX-IC-DK-TabS7/S8-BLK,,54%,165.0,187.9,109.9,240.0,60%,66,38%,176,288,39%
DUX-IC-DK-TabS7FE-BLK,,56%,185.0,217.2,123.0,280.0,60%,74,38%,197,336,41%
DUX-IC-DK-TabS9-BLK,,54%,165.0,187.9,109.9,240.0,60%,66,38%,176,288,39%
DUX-IC-DK-TabS10Plus-BLK,,56%,185.0,217.2,123.0,280.0,60%,74,38%,197,336,41%
DUX-IC-DK-TabS10Ultra-BLK,,50%,225.0,239.7,149.3,300.0,60%,90,38%,239,360,34%
DUX-IC-DK-TabS9Plus-BLK,,56%,185.0,217.2,123.0,280.0,60%,74,38%,197,336,41%
DUX-IC-DK-TabS9FEPlus-BLK,,56%,185.0,217.2,123.0,280.0,60%,74,38%,197,336,41%
DUX-IC-DK-XMPad5-BLK,,54%,165.0,187.9,109.9,240.0,60%,66,38%,176,288,39%
DUX-IC-DK-XMPad6-BLK,,54%,165.0,187.9,109.9,240.0,60%,66,38%,176,288,39%
DUX-IC-TK-iPad7(10.2)-BLK,,61%,100.0,128.8,67.1,170.0,50%,34,33%,101,204,51%
DUX-IC-TK-iPad10(10.9)-BLK,,61%,100.0,128.8,67.1,170.0,50%,34,33%,101,204,51%
DUX-IC-TK-Pro11(2024)-BLK,,61%,100.0,128.8,67.1,170.0,50%,34,33%,101,204,51%
DUX-IC-TK-Pro13(2024)-BLK,,55%,135.0,156.1,90.1,200.0,50%,45,33%,135,240,44%
DUX-IC-TK-Air11(2024)-BLK,,61%,100.0,128.8,67.1,170.0,50%,34,33%,101,204,51%
DUX-IC-TK-Air13(2024)-BLK,,55%,135.0,156.1,90.1,200.0,50%,45,33%,135,240,44%
DUX-IC-TK-Air4/10.9-BLK,,61%,100.0,128.8,67.1,170.0,50%,34,33%,101,204,51%
DUX-IC-TK-TabS6Lite-BLK,,55%,100.0,116.8,67.1,150.0,50%,34,33%,101,180,44%
DUX-IC-TK-TabA8(21)-BLK,,55%,100.0,116.8,67.1,150.0,50%,34,33%,101,180,44%
DUX-IC-TK-S/A9-BLK,,53%,70.0,76.3,47.4,100.0,50%,24,33%,71,120,41%
DUX-IC-TK-S/A9Plus-BLK,,55%,100.0,116.8,67.1,150.0,50%,34,33%,101,180,44%
DUX-IC-TK-TabS7-BLK,,58%,100.0,122.8,67.1,160.0,50%,34,33%,101,192,48%
DUX-IC-TK-TabS7FE-BLK,,57%,135.0,161.5,90.1,209.0,50%,45,33%,135,251,46%
DUX-IC-TK-TabS9-BLK,,58%,100.0,122.8,67.1,160.0,50%,34,33%,101,192,48%
DUX-IC-TK-TabS10Plus-BLK,,57%,135.0,161.5,90.1,209.0,50%,45,33%,135,251,46%
DUX-IC-TK-TabS10Ultra-BLK,,57%,140.0,168.8,93.4,219.0,50%,47,33%,140,263,47%
DUX-IC-TK-TabS9Ultra-BLK,,57%,140.0,168.8,93.4,219.0,50%,47,33%,140,263,47%
DUX-IC-TK-TabA7/10.4-BLK,,55%,100.0,116.8,67.1,150.0,50%,34,33%,101,180,44%
DUX-IC-TK-XMPad6/Pro-BLK,,61%,100.0,128.8,67.1,170.0,50%,34,33%,101,204,51%
DUX-IC-MK-Air11(2024)-BLK,,51%,295.0,318.2,195.4,400.0,50%,98,33%,293,480,39%
DUX-IC-MK-Air13(2024)-BLK,,47%,370.0,377.5,244.7,466.0,50%,122,33%,367,559,34%
DUX-IC-MK-Pro11(2024)-BLK,,51%,295.0,318.2,195.4,400.0,50%,98,33%,293,480,39%
DUX-IC-MK-Pro13(2024)-BLK,,47%,370.0,377.5,244.7,466.0,50%,122,33%,367,559,34%
DUX-IC-MK-Air4/10.9-BLK,,51%,295.0,318.2,195.4,400.0,50%,98,33%,293,480,39%
DUX-IC-MK-Pro12.9(20)-BLK,,47%,370.0,377.5,244.7,466.0,50%,122,33%,367,559,34%
DUX-IC-MK-TabS9-BLK,,51%,295.0,318.2,195.4,400.0,50%,98,33%,293,480,39%
DUX-IC-MK-TabS9Plus-BLK,,47%,370.0,377.5,244.7,466.0,50%,122,33%,367,559,34%
DUX-IC-MK-TabS10Ultra-BLK,,51%,410.0,438.4,271.1,550.0,50%,136,33%,407,660,38%
DUX-KEY-LK-BLK,,61%,130.0,166.7,86.8,220.0,60%,52,38%,139,264,47%
DUX-KEY-LK-WHT,,61%,130.0,166.7,86.8,220.0,60%,52,38%,139,264,47%
DUX-IAC-SP06-Pen-WHT,,53%,53.0,57.2,35.5,75.0,60%,21,38%,57,90,37%
SYB-IAC-CLF-Pen2-GRA/BLU,,60%,16.0,19.6,11.2,28.0,65%,7,39%,18,34,45%
SYB-IAC-CLF-Pen2-GRA/ORG,,60%,16.0,19.6,11.2,28.0,65%,7,39%,18,34,45%
SYB-IAC-CLF-Pen2-GRA/PNK,,60%,16.0,19.6,11.2,28.0,65%,7,39%,18,34,45%
SYB-IAC-CLF-Pen2-GRA/PRP,,60%,16.0,19.6,11.2,28.0,65%,7,39%,18,34,45%
SYB-IAC-CLF-Pen2-GRA/GRN,,60%,16.0,19.6,11.2,28.0,65%,7,39%,18,34,45%
SYB-IAC-CLF-Pen2-GRA/GRY,,60%,16.0,19.6,11.2,28.0,65%,7,39%,18,34,45%
SYB-IAC-GONE-Grip-WHT,,55%,4.5,5.8,3.6,8.0,65%,2,39%,6,10,38%
SYB-IAC-GONE-Grip-BLK,,55%,4.5,5.8,3.6,8.0,65%,2,39%,6,10,38%
SYB-IAC-GONE-Grip-GRY,,55%,4.5,5.8,3.6,8.0,65%,2,39%,6,10,38%
SYB-IAC-GONE-Grip-LAV/PRP,,55%,4.5,5.8,3.6,8.0,65%,2,39%,6,10,38%
SYB-IAC-GONE-Grip-TIF/BLU,,55%,4.5,5.8,3.6,8.0,65%,2,39%,6,10,38%
SYB-IAC-GONE-Grip-GRA/GRN,,55%,4.5,5.8,3.6,8.0,65%,2,39%,6,10,38%
SYB-IAC-GONE-Grip-PNK,,55%,4.5,5.8,3.6,8.0,65%,2,39%,6,10,38%
SYB-IAC-GONE-Grip-ORG,,55%,4.5,5.8,3.6,8.0,65%,2,39%,6,10,38%
SYB-IAC-GONE-Grip-LIG/BLU,,55%,4.5,5.8,3.6,8.0,65%,2,39%,6,10,38%
SYB-IAC-GONE-Grip-MID/BLU,,55%,4.5,5.8,3.6,8.0,65%,2,39%,6,10,38%
DUX-LC-LCGH-Air/13-BLK,,53%,62.0,68.4,42.1,90.0,60%,25,38%,67,108,38%
DUX-LC-LCGH-Air/13-PNK,,53%,62.0,68.4,42.1,90.0,60%,25,38%,67,108,38%
DUX-LC-LCGH-Pro/13-BLK,,53%,62.0,68.4,42.1,90.0,60%,25,38%,67,108,38%
DUX-LC-LCGH-Pro/13-PNK,,53%,62.0,68.4,42.1,90.0,60%,25,38%,67,108,38%
DUX-LC-LCGH-Air/13.6-BLK,,53%,62.0,68.4,42.1,90.0,60%,25,38%,67,108,38%
DUX-LC-LCGH-Air/13.6-PNK,,53%,62.0,68.4,42.1,90.0,60%,25,38%,67,108,38%
DUX-LC-LCGH-Pro/14-BLK,,53%,62.0,68.4,42.1,90.0,60%,25,38%,67,108,38%
DUX-LC-LCGH-Pro/14-PNK,,53%,62.0,68.4,42.1,90.0,60%,25,38%,67,108,38%
DUX-LC-LCGH-Air/15-BLK,,53%,65.0,71.0,44.1,93.0,60%,26,38%,71,112,37%
DUX-LC-LCGH-Air/15-PNK,,53%,65.0,71.0,44.1,93.0,60%,26,38%,71,112,37%
DUX-LC-LCGM-Air/13-BLK,,53%,62.0,68.4,42.1,90.0,60%,25,38%,67,108,38%
DUX-LC-LCGM-Air/13-PNK,,53%,62.0,68.4,42.1,90.0,60%,25,38%,67,108,38%
DUX-LC-LCGM-Air/13-TP,,53%,62.0,68.4,42.1,90.0,60%,25,38%,67,108,38%
DUX-LC-LCGM-Pro/13-BLK,,53%,62.0,68.4,42.1,90.0,60%,25,38%,67,108,38%
DUX-LC-LCGM-Pro/13-PNK,,53%,62.0,68.4,42.1,90.0,60%,25,38%,67,108,38%
DUX-LC-LCGM-Pro/13-TP,,53%,62.0,68.4,42.1,90.0,60%,25,38%,67,108,38%
DUX-LC-LCGM-Air/13.6-BLK,,53%,62.0,68.4,42.1,90.0,60%,25,38%,67,108,38%
DUX-LC-LCGM-Air/13.6-PNK,,53%,62.0,68.4,42.1,90.0,60%,25,38%,67,108,38%
DUX-LC-LCGM-Air/13.6-TP,,53%,62.0,68.4,42.1,90.0,60%,25,38%,67,108,38%
DUX-LC-LCGM-Pro/14-BLK,,53%,62.0,68.4,42.1,90.0,60%,25,38%,67,108,38%
DUX-LC-LCGM-Pro/14-TP,,53%,62.0,68.4,42.1,90.0,60%,25,38%,67,108,38%
DUX-LC-LCGM-Pro/14-PNK,,53%,62.0,68.4,42.1,90.0,60%,25,38%,67,108,38%
DUX-LC-LCGM-Air/15-BLK,,53%,65.0,71.0,44.1,93.0,60%,26,38%,71,112,37%
DUX-LC-LCGM-Air/15-PNK,,53%,65.0,71.0,44.1,93.0,60%,26,38%,71,112,37%
DUX-LC-LCGM-Air/15-TP,,53%,65.0,71.0,44.1,93.0,60%,26,38%,71,112,37%
DUX-BAG-LBDA-13/13.9-DGRY,,65%,18.0,25.6,13.2,38.0,60%,8,38%,21,46,54%
DUX-BAG-LBDA-13/13.9-LGRY,,65%,18.0,25.6,13.2,38.0,60%,8,38%,21,46,54%
DUX-BAG-LBDA-13/13.9-BLK,,65%,18.0,25.6,13.2,38.0,60%,8,38%,21,46,54%
DUX-BAG-LBDA-13/13.9-BLU,,65%,18.0,25.6,13.2,38.0,60%,8,38%,21,46,54%
DUX-BAG-LBDA-14/15.4-DGRY,,65%,18.0,25.6,13.2,38.0,60%,8,38%,21,46,54%
DUX-BAG-LBDA-14/15.4-LGRY,,65%,18.0,25.6,13.2,38.0,60%,8,38%,21,46,54%
DUX-BAG-LBDA-14/15.4-BLK,,65%,18.0,25.6,13.2,38.0,60%,8,38%,21,46,54%
DUX-BAG-LBDA-14/15.4-BLU,,65%,18.0,25.6,13.2,38.0,60%,8,38%,21,46,54%
DUX-BAG-LBDA-15.5/16-DGRY,,65%,18.0,25.6,13.2,38.0,60%,8,38%,21,46,54%
DUX-BAG-LBDA-15.5/16-LGRY,,65%,18.0,25.6,13.2,38.0,60%,8,38%,21,46,54%
DUX-BAG-LBDA-15.5/16-BLK,,65%,18.0,25.6,13.2,38.0,60%,8,38%,21,46,54%
DUX-BAG-LBDA-15.5/16-BLU,,65%,18.0,25.6,13.2,38.0,60%,8,38%,21,46,54%
DUX-BAG-LBTA-13/13.9-DGRY,,64%,24.0,32.6,17.1,48.0,60%,10,38%,27,58,52%
DUX-BAG-LBTA-13/13.9-LGRY,,64%,24.0,32.6,17.1,48.0,60%,10,38%,27,58,52%
DUX-BAG-LBTA-13/13.9-BLK,,64%,24.0,32.6,17.1,48.0,60%,10,38%,27,58,52%
DUX-BAG-LBTA-13/13.9-BLU,,64%,24.0,32.6,17.1,48.0,60%,10,38%,27,58,52%
DUX-BAG-LBTA-14/15.4-DGRY,,64%,24.0,32.6,17.1,48.0,60%,10,38%,27,58,52%
DUX-BAG-LBTA-14/15.4-LGRY,,64%,24.0,32.6,17.1,48.0,60%,10,38%,27,58,52%
DUX-BAG-LBTA-14/15.4-BLK,,64%,24.0,32.6,17.1,48.0,60%,10,38%,27,58,52%
DUX-BAG-LBTA-14/15.4-BLU,,64%,24.0,32.6,17.1,48.0,60%,10,38%,27,58,52%
DUX-BAG-LBTA-15.5/16-DGRY,,64%,24.0,32.6,17.1,48.0,60%,10,38%,27,58,52%
DUX-BAG-LBTA-15.5/16-LGRY,,64%,24.0,32.6,17.1,48.0,60%,10,38%,27,58,52%
DUX-BAG-LBTA-15.5/16-BLK,,64%,24.0,32.6,17.1,48.0,60%,10,38%,27,58,52%
DUX-BAG-LBTA-15.5/16-BLU,,64%,24.0,32.6,17.1,48.0,60%,10,38%,27,58,52%
DUX-SP-LENO-MB(A)13.6,,52%,78.0,84.2,52.6,110.0,60%,32,38%,84,132,36%
DUX-SP-LENO-MB(P)15.4,,52%,86.0,92.1,57.9,120.0,60%,35,38%,93,144,36%
DUX-SP-LENO-MB(A)15.3,,52%,86.0,92.1,57.9,120.0,60%,35,38%,93,144,36%
DUX-SP-LENO-MB(P)16,,52%,86.0,92.1,57.9,120.0,60%,35,38%,93,144,36%
DUX-SP-LENO-MB(A/P)13.3,,52%,78.0,84.2,52.6,110.0,60%,32,38%,84,132,36%
DUX-SP-LENO-MB(P)14,,52%,78.0,84.2,52.6,110.0,60%,32,38%,84,132,36%
DUX-IC-MAGI-Mini7-BLK,,61%,31.0,40.0,21.7,55.0,60%,13,38%,35,66,47%
DUX-IC-MAGI-iPad7/10.2-BLK,,62%,36.0,47.0,25.0,65.0,60%,15,38%,40,78,49%
DUX-IC-MAGI-iPad7/10.2-GRY,,62%,36.0,47.0,25.0,65.0,60%,15,38%,40,78,49%
DUX-IC-MAGI-iPad7/10.2-PNK,,62%,36.0,47.0,25.0,65.0,60%,15,38%,40,78,49%
DUX-IC-MAGI-iPad10(22)-BLK,,62%,36.0,47.0,25.0,65.0,60%,15,38%,40,78,49%
DUX-IC-MAGI-iPad10(22)-GRY,,62%,36.0,47.0,25.0,65.0,60%,15,38%,40,78,49%
DUX-IC-MAGI-iPad10(22)-PNK,,62%,36.0,47.0,25.0,65.0,60%,15,38%,40,78,49%
DUX-IC-MAGI-Air11(2024)-BLK,,62%,36.0,47.0,25.0,65.0,60%,15,38%,40,78,49%
DUX-IC-MAGI-Air11(2024)-GRY,,62%,36.0,47.0,25.0,65.0,60%,15,38%,40,78,49%
DUX-IC-MAGI-Air11(2024)-PNK,,62%,36.0,47.0,25.0,65.0,60%,15,38%,40,78,49%
DUX-IC-MAGI-Air11(2024)-PRP,,62%,36.0,47.0,25.0,65.0,60%,15,38%,40,78,49%
DUX-IC-MAGI-Air13(2024)-BLK,,53%,48.0,53.3,32.9,70.0,60%,20,38%,53,84,37%
DUX-IC-MAGI-Air13(2024)-GRY,,53%,48.0,53.3,32.9,70.0,60%,20,38%,53,84,37%
DUX-IC-MAGI-Air13(2024)-PNK,,53%,48.0,53.3,32.9,70.0,60%,20,38%,53,84,37%
DUX-IC-MAGI-Pro11(20)-BLK,,62%,36.0,47.0,25.0,65.0,60%,15,38%,40,78,49%
DUX-IC-MAGI-Pro11(20)-GRY,,62%,36.0,47.0,25.0,65.0,60%,15,38%,40,78,49%
DUX-IC-MAGI-Pro11(20)-PNK,,62%,36.0,47.0,25.0,65.0,60%,15,38%,40,78,49%
DUX-IC-MAGI-Pro11(2024)-BLK,,62%,36.0,47.0,25.0,65.0,60%,15,38%,40,78,49%
DUX-IC-MAGI-Pro11(2024)-GRY,,62%,36.0,47.0,25.0,65.0,60%,15,38%,40,78,49%
DUX-IC-MAGI-Pro11(2024)-PNK,,62%,36.0,47.0,25.0,65.0,60%,15,38%,40,78,49%
DUX-IC-MAGI-Pro11(2024)-PRP,,62%,36.0,47.0,25.0,65.0,60%,15,38%,40,78,49%
DUX-IC-MAGI-Pro12.9(20)-GRY,,53%,48.0,53.3,32.9,70.0,60%,20,38%,53,84,37%
DUX-IC-MAGI-Pro12.9(20)-PNK,,53%,48.0,53.3,32.9,70.0,60%,20,38%,53,84,37%
DUX-IC-MAGI-Pro13(2024)-BLK,,53%,48.0,53.3,32.9,70.0,60%,20,38%,53,84,37%
DUX-IC-MAGI-Pro13(2024)-GRY,,53%,48.0,53.3,32.9,70.0,60%,20,38%,53,84,37%
DUX-IC-MAGI-Pro13(2024)-PNK,,53%,48.0,53.3,32.9,70.0,60%,20,38%,53,84,37%
DUX-IC-MAGI-Pro13(2024)-PRP,,53%,48.0,53.3,32.9,70.0,60%,20,38%,53,84,37%
DUX-IC-MAGI-TabS6Lite-BLK,,58%,36.0,44.3,25.0,60.0,60%,15,38%,40,72,44%
DUX-IC-MAGI-TabS6Lite-GRY,,58%,36.0,44.3,25.0,60.0,60%,15,38%,40,72,44%
DUX-IC-MAGI-TabS6Lite-PNK,,58%,36.0,44.3,25.0,60.0,60%,15,38%,40,72,44%
DUX-IC-MAGI-TabS9-BLK,,58%,36.0,44.3,25.0,60.0,60%,15,38%,40,72,44%
DUX-IC-MAGI-TabS9-GRY,,58%,36.0,44.3,25.0,60.0,60%,15,38%,40,72,44%
DUX-IC-MAGI-TabS9-PNK,,58%,36.0,44.3,25.0,60.0,60%,15,38%,40,72,44%
DUX-IC-MAGI-TabS10Plus-BLK,,53%,48.0,53.3,32.9,70.0,60%,20,38%,53,84,37%
DUX-IC-MAGI-TabS10Plus-GRY,,53%,48.0,53.3,32.9,70.0,60%,20,38%,53,84,37%
DUX-IC-MAGI-TabS10Plus-PNK,,53%,48.0,53.3,32.9,70.0,60%,20,38%,53,84,37%
DUX-IC-MAGI-TabS10Ultra-BLK,,56%,52.0,60.0,35.5,80.0,60%,21,38%,57,96,41%
DUX-IC-MAGI-TabS10Ultra-PINK,,56%,52.0,60.0,35.5,80.0,60%,21,38%,57,96,41%
DUX-IC-MAGI-TabS9Plus-GRY,,53%,48.0,53.3,32.9,70.0,60%,20,38%,53,84,37%
DUX-IC-TOBY-Mini6-BLU,,57%,31.0,37.3,21.7,50.0,50%,11,33%,33,60,46%
DUX-IC-TOBY-Mini6-GRN,,57%,31.0,37.3,21.7,50.0,50%,11,33%,33,60,46%
DUX-IC-TOBY-Mini6-PNK,,57%,31.0,37.3,21.7,50.0,50%,11,33%,33,60,46%
DUX-IC-TOBY-iPad9.7(17)-PNK,,62%,33.0,43.4,23.0,60.0,50%,12,33%,35,72,52%
DUX-IC-TOBY-iPad7/10.2-BLK,,62%,33.0,43.4,23.0,60.0,50%,12,33%,35,72,52%
DUX-IC-TOBY-iPad7/10.2-BLU,,62%,33.0,43.4,23.0,60.0,50%,12,33%,35,72,52%
DUX-IC-TOBY-iPad10/10.9(22)-BLK,,62%,33.0,43.4,23.0,60.0,50%,12,33%,35,72,52%
DUX-IC-TOBY-iPad10/10.9(22)-BLU,,62%,33.0,43.4,23.0,60.0,50%,12,33%,35,72,52%
DUX-IC-TOBY-iPad10/10.9(22)-PNK,,62%,33.0,43.4,23.0,60.0,50%,12,33%,35,72,52%
DUX-IC-TOBY-iPad10/10.9(22)-GRN,,62%,33.0,43.4,23.0,60.0,50%,12,33%,35,72,52%
DUX-IC-TOBY-Air4/10.9-BLK,,62%,33.0,43.4,23.0,60.0,50%,12,33%,35,72,52%
DUX-IC-TOBY-Air4/10.9-BLU,,62%,33.0,43.4,23.0,60.0,50%,12,33%,35,72,52%
DUX-IC-TOBY-Air4/10.9-PNK,,62%,33.0,43.4,23.0,60.0,50%,12,33%,35,72,52%
DUX-IC-TOBY-Air13(2024)-BLK,,55%,44.0,51.0,30.3,68.0,50%,15,33%,45,82,44%
DUX-IC-TOBY-Air13(2024)-BLU,,55%,44.0,51.0,30.3,68.0,50%,15,33%,45,82,44%
DUX-IC-TOBY-Air13(2024)-PNK,,55%,44.0,51.0,30.3,68.0,50%,15,33%,45,82,44%
DUX-IC-TOBY-Pro12.9(18)-BLU,,55%,44.0,51.0,30.3,68.0,50%,15,33%,45,82,44%
DUX-IC-TOBY-Pro12.9(18)-PNK,,55%,44.0,51.0,30.3,68.0,50%,15,33%,45,82,44%
DUX-IC-TOBY-Pro12.9(18)-GRN,,55%,44.0,51.0,30.3,68.0,50%,15,33%,45,82,44%
DUX-IC-TOBY-Pro11(20)-BLK,,62%,33.0,43.4,23.0,60.0,50%,12,33%,35,72,52%
DUX-IC-TOBY-Pro11(20)-BLU,,62%,33.0,43.4,23.0,60.0,50%,12,33%,35,72,52%
DUX-IC-TOBY-Pro11(20)-PNK,,62%,33.0,43.4,23.0,60.0,50%,12,33%,35,72,52%
DUX-IC-TOBY-Pro11(20)-GRN,,62%,33.0,43.4,23.0,60.0,50%,12,33%,35,72,52%
DUX-IC-TOBY-Pro11(2024)-BLK,,62%,33.0,43.4,23.0,60.0,50%,12,33%,35,72,52%
DUX-IC-TOBY-Pro11(2024)-BLU,,62%,33.0,43.4,23.0,60.0,50%,12,33%,35,72,52%
DUX-IC-TOBY-Pro11(2024)-PNK,,62%,33.0,43.4,23.0,60.0,50%,12,33%,35,72,52%
DUX-IC-TOBY-Pro13(2024)-BLK,,55%,44.0,51.0,30.3,68.0,50%,15,33%,45,82,44%
DUX-IC-TOBY-Pro13(2024)-BLU,,55%,44.0,51.0,30.3,68.0,50%,15,33%,45,82,44%
DUX-IC-TOBY-Pro13(2024)-PNK,,55%,44.0,51.0,30.3,68.0,50%,15,33%,45,82,44%
DUX-IC-TOBY-S/A9-BLK,,59%,28.0,33.9,19.7,48.0,50%,10,33%,30,58,49%
DUX-IC-TOBY-S/A9Plus-BLK,,60%,33.0,42.3,23.0,58.0,50%,12,33%,35,70,50%
DUX-IC-TOBY-S/A9Plus-BLU,,60%,33.0,42.3,23.0,58.0,50%,12,33%,35,70,50%
DUX-IC-TOBY-S/A9Plus-PNK,,60%,33.0,42.3,23.0,58.0,50%,12,33%,35,70,50%
DUX-IC-TOBY-TabS6Lite-BLK,,60%,33.0,42.3,23.0,58.0,50%,12,33%,35,70,50%
DUX-IC-TOBY-TabS9FE-BLK,,60%,33.0,42.3,23.0,58.0,50%,12,33%,35,70,50%
DUX-IC-TOBY-TabS9FE-BLU,,60%,33.0,42.3,23.0,58.0,50%,12,33%,35,70,50%
DUX-IC-TOBY-TabS9FE-PNK,,60%,33.0,42.3,23.0,58.0,50%,12,33%,35,70,50%
DUX-IC-TOBY-TabS10Plus-BLK,,54%,44.0,49.9,30.3,66.0,50%,15,33%,45,79,43%
DUX-IC-TOBY-TabS10Plus-BLU,,54%,44.0,49.9,30.3,66.0,50%,15,33%,45,79,43%
DUX-IC-TOBY-TabS10Plus-PNK,,54%,44.0,49.9,30.3,66.0,50%,15,33%,45,79,43%
DUX-IC-TOBY-TabS10Ultra-BLK,,52%,48.0,52.2,32.9,68.0,50%,16,33%,49,82,40%
DUX-IC-TOBY-TabS10Ultra-BLU,,52%,48.0,52.2,32.9,68.0,50%,16,33%,49,82,40%
DUX-IC-TOBY-TabS10Ultra-PNK,,52%,48.0,52.2,32.9,68.0,50%,16,33%,49,82,40%
DUX-IC-TOBY-S/A9-BLU,,59%,28.0,33.9,19.7,48.0,50%,10,33%,30,58,49%
DUX-IC-TOBY-S/A9-PNK,,59%,28.0,33.9,19.7,48.0,50%,10,33%,30,58,49%
DUX-IC-TOBY-TabS6Lite-PNK,,60%,33.0,42.3,23.0,58.0,50%,12,33%,35,70,50%
DUX-IC-TOBY-TabS9-BLK,,60%,33.0,42.3,23.0,58.0,50%,12,33%,35,70,50%
DUX-IC-TOBY-TabS9-PNK,,60%,33.0,42.3,23.0,58.0,50%,12,33%,35,70,50%
DUX-IC-TOBY-TabS9Plus-BLK,,54%,44.0,49.9,30.3,66.0,50%,15,33%,45,79,43%
DUX-IC-TOBY-TabS9Plus-BLU,,54%,44.0,49.9,30.3,66.0,50%,15,33%,45,79,43%
DUX-IC-TOBY-TabS9Plus-PNK,,54%,44.0,49.9,30.3,66.0,50%,15,33%,45,79,43%
DUX-IC-TOBY-TabS9FEPlus-BLU,,55%,44.0,51.0,30.3,68.0,50%,15,33%,45,82,44%
DUX-IC-TOBY-TabS9Ultra-BLU,,52%,48.0,52.2,32.9,68.0,50%,16,33%,49,82,40%
DUX-IC-TOBY-TabS8Ultra-BLU,,52%,48.0,52.2,32.9,68.0,50%,16,33%,49,82,40%
DUX-IC-TOBY-TabS8Ultra-PNK,,52%,48.0,52.2,32.9,68.0,50%,16,33%,49,82,40%
DUX-IC-TOBY-TabS7-BLU,,60%,33.0,42.3,23.0,58.0,50%,12,33%,35,70,50%
DUX-IC-TOBY-TabS7-PNK,,60%,33.0,42.3,23.0,58.0,50%,12,33%,35,70,50%
DUX-IC-TOBY-TabA7Lite-BLK,,57%,31.0,37.3,21.7,50.0,50%,11,33%,33,60,46%
DUX-IC-TOBY-TabA7Lite-GRN,,57%,31.0,37.3,21.7,50.0,50%,11,33%,33,60,46%
DUX-IC-TOBY-TabA7/10.4-BLK,,55%,36.0,41.5,25.0,55.0,50%,13,33%,38,66,43%
DUX-IC-TOBY-TabA7/10.4-BLU,,55%,36.0,41.5,25.0,55.0,50%,13,33%,38,66,43%
DUX-IC-TOBY-TabA7/10.4-GRN,,55%,36.0,41.5,25.0,55.0,50%,13,33%,38,66,43%
DUX-IC-TOBY-TabA7/10.4-PNK,,55%,36.0,41.5,25.0,55.0,50%,13,33%,38,66,43%
DUX-IC-TOBY-TabA8(21)-BLU,,50%,36.0,38.8,25.0,50.0,50%,13,33%,38,60,38%
DUX-IC-TOBY-TabA8(21)-GRN,,50%,36.0,38.8,25.0,50.0,50%,13,33%,38,60,38%
DUX-IC-TOBY-XMPad6-BLK,,58%,33.0,40.6,23.0,55.0,50%,12,33%,35,66,48%
DUX-IC-TOBY-XMPad7/Pro-BLK,,58%,33.0,40.6,23.0,55.0,50%,12,33%,35,66,48%
DUX-IC-TOBY-XMPad5-GRN,,55%,36.0,41.5,25.0,55.0,50%,13,33%,38,66,43%
DUX-IC-TOBY-XMPad6-BLU,,58%,33.0,40.6,23.0,55.0,50%,12,33%,35,66,48%
DUX-IC-TOBY-XMPad6-PNK,,58%,33.0,40.6,23.0,55.0,50%,12,33%,35,66,48%
DUX-IC-TOBY-RedmiPad-BLK,,55%,36.0,41.5,25.0,55.0,50%,13,33%,38,66,43%
DUX-IC-TOBY-NokiaT20-PNK,,52%,38.0,42.1,26.3,55.0,50%,13,33%,39,66,40%
DUX-IC-TOBY-OppoPad(22)-BLK,,55%,36.0,41.5,25.0,55.0,50%,13,33%,38,66,43%
DUX-IC-DOMO-Mini7-BLK,,62%,26.0,33.2,18.4,48.0,50%,9,33%,28,58,52%
DUX-IC-DOMO-Mini7-BLU,,62%,26.0,33.2,18.4,48.0,50%,9,33%,28,58,52%
DUX-IC-DOMO-iPad7/10.2-BLK,,57%,31.0,37.3,21.7,50.0,50%,11,33%,33,60,46%
DUX-IC-DOMO-iPad7/10.2-BLU,,57%,31.0,37.3,21.7,50.0,50%,11,33%,33,60,46%
DUX-IC-DOMO-iPad10/10.9(22)-BLK,,57%,31.0,37.3,21.7,50.0,50%,11,33%,33,60,46%
DUX-IC-DOMO-iPad10/10.9(22)-BLU,,57%,31.0,37.3,21.7,50.0,50%,11,33%,33,60,46%
DUX-IC-DOMO-iPad10/10.9(22)-PNK,,57%,31.0,37.3,21.7,50.0,50%,11,33%,33,60,46%
DUX-IC-DOMO-Air3/Pro10.5-BLK,,57%,31.0,37.3,21.7,50.0,50%,11,33%,33,60,46%
DUX-IC-DOMO-iPadAir4(10.9)-BLK,,57%,31.0,37.3,21.7,50.0,50%,11,33%,33,60,46%
DUX-IC-DOMO-iPadAir4(10.9)-BLU,,57%,31.0,37.3,21.7,50.0,50%,11,33%,33,60,46%
DUX-IC-DOMO-iPadAir4(10.9)-PNK,,57%,31.0,37.3,21.7,50.0,50%,11,33%,33,60,46%
DUX-IC-DOMO-Air13(2024)-BLK,,53%,43.0,48.0,29.6,63.0,50%,15,33%,44,76,41%
DUX-IC-DOMO-Air13(2024)-BLU,,53%,43.0,48.0,29.6,63.0,50%,15,33%,44,76,41%
DUX-IC-DOMO-Air13(2024)-PNK,,53%,43.0,48.0,29.6,63.0,50%,15,33%,44,76,41%
DUX-IC-DOMO-Pro11(20)-BLK,,57%,31.0,37.3,21.7,50.0,50%,11,33%,33,60,46%
DUX-IC-DOMO-Pro11(20)-BLU,,57%,31.0,37.3,21.7,50.0,50%,11,33%,33,60,46%
DUX-IC-DOMO-Pro11(20)-PNK,,57%,31.0,37.3,21.7,50.0,50%,11,33%,33,60,46%
DUX-IC-DOMO-Pro11(2024)-BLK,,57%,31.0,37.3,21.7,50.0,50%,11,33%,33,60,46%
DUX-IC-DOMO-Pro11(2024)-BLU,,57%,31.0,37.3,21.7,50.0,50%,11,33%,33,60,46%
DUX-IC-DOMO-Pro11(2024)-PNK,,57%,31.0,37.3,21.7,50.0,50%,11,33%,33,60,46%
DUX-IC-DOMO-Pro12.9(20)-BLK,,53%,43.0,48.0,29.6,63.0,50%,15,33%,44,76,41%
DUX-IC-DOMO-Pro12.9(20)-BLU,,53%,43.0,48.0,29.6,63.0,50%,15,33%,44,76,41%
DUX-IC-DOMO-Pro12.9(20)-PNK,,53%,43.0,48.0,29.6,63.0,50%,15,33%,44,76,41%
DUX-IC-DOMO-Pro13(2024)-BLK,,53%,43.0,48.0,29.6,63.0,50%,15,33%,44,76,41%
DUX-IC-DOMO-Pro13(2024)-BLU,,53%,43.0,48.0,29.6,63.0,50%,15,33%,44,76,41%
DUX-IC-DOMO-Pro13(2024)-PNK,,53%,43.0,48.0,29.6,63.0,50%,15,33%,44,76,41%
DUX-IC-DOMO-Mini6-PNK,,62%,26.0,33.2,18.4,48.0,50%,9,33%,28,58,52%
DUX-IC-DOMO-iPad7/10.2-PNK,,57%,31.0,37.3,21.7,50.0,50%,11,33%,33,60,46%
DUX-IC-DOMO-Air3/Pro10.5-PNK,,57%,31.0,37.3,21.7,50.0,50%,11,33%,33,60,46%
DUX-IC-DOMO-Pro11(20)-GRY,,57%,31.0,37.3,21.7,50.0,50%,11,33%,33,60,46%
DUX-IC-DOMO-TabA7Lite-BLK,,62%,26.0,33.2,18.4,48.0,50%,9,33%,28,58,52%
DUX-IC-DOMO-S/A9-BLK,,59%,26.0,31.7,18.4,45.0,50%,9,33%,28,54,49%
DUX-IC-DOMO-S/A9-BLU,,59%,26.0,31.7,18.4,45.0,50%,9,33%,28,54,49%
DUX-IC-DOMO-S/A9-PNK,,59%,26.0,31.7,18.4,45.0,50%,9,33%,28,54,49%
DUX-IC-DOMO-S/A9Plus-BLK,,52%,33.0,36.8,23.0,48.0,50%,12,33%,35,58,40%
DUX-IC-DOMO-S/A9Plus-BLU,,52%,33.0,36.8,23.0,48.0,50%,12,33%,35,58,40%
DUX-IC-DOMO-S/A9Plus-PNK,,52%,33.0,36.8,23.0,48.0,50%,12,33%,35,58,40%
DUX-IC-DOMO-TabS6Lite-BLK,,55%,31.0,36.2,21.7,48.0,50%,11,33%,33,58,43%
DUX-IC-DOMO-TabS6Lite-BLU,,55%,31.0,36.2,21.7,48.0,50%,11,33%,33,58,43%
DUX-IC-DOMO-TabS6Lite-PNK,,55%,31.0,36.2,21.7,48.0,50%,11,33%,33,58,43%
DUX-IC-DOMO-TabS7-BLK,,55%,31.0,36.2,21.7,48.0,50%,11,33%,33,58,43%
DUX-IC-DOMO-TabS7-BLU,,55%,31.0,36.2,21.7,48.0,50%,11,33%,33,58,43%
DUX-IC-DOMO-TabS7FE-BLK,,54%,40.0,45.4,27.6,60.0,50%,14,33%,41,72,42%
DUX-IC-DOMO-TabS7FE-BLU,,54%,40.0,45.4,27.6,60.0,50%,14,33%,41,72,42%
DUX-IC-DOMO-TabS9-BLK,,55%,31.0,36.2,21.7,48.0,50%,11,33%,33,58,43%
DUX-IC-DOMO-TabS9-BLU,,55%,31.0,36.2,21.7,48.0,50%,11,33%,33,58,43%
DUX-IC-DOMO-TabS9-PNK,,55%,31.0,36.2,21.7,48.0,50%,11,33%,33,58,43%
DUX-IC-DOMO-TabS9FE-BLK,,63%,31.0,41.7,21.7,58.0,50%,11,33%,33,70,53%
DUX-IC-DOMO-TabS9FE-BLU,,63%,31.0,41.7,21.7,58.0,50%,11,33%,33,70,53%
DUX-IC-DOMO-TabS9FE-PNK,,63%,31.0,41.7,21.7,58.0,50%,11,33%,33,70,53%
DUX-IC-DOMO-TabS10Plus-BLK,,54%,40.0,45.4,27.6,60.0,50%,14,33%,41,72,42%
DUX-IC-DOMO-TabS10Plus-BLU,,54%,40.0,45.4,27.6,60.0,50%,14,33%,41,72,42%
DUX-IC-DOMO-TabS10Plus-PNK,,54%,40.0,45.4,27.6,60.0,50%,14,33%,41,72,42%
DUX-IC-DOMO-TabS10Ultra-BLK,,52%,45.0,49.7,30.9,65.0,50%,15,33%,46,78,41%
DUX-IC-DOMO-TabS10Ultra-BLU,,52%,45.0,49.7,30.9,65.0,50%,15,33%,46,78,41%
DUX-IC-DOMO-TabS10Ultra-PNK,,52%,45.0,49.7,30.9,65.0,50%,15,33%,46,78,41%
DUX-IC-DOMO-TabA8(21)-BLK,,59%,28.0,33.9,19.7,48.0,50%,10,33%,30,58,49%
DUX-IC-DOMO-TabS7-PNK,,55%,31.0,36.2,21.7,48.0,50%,11,33%,33,58,43%
DUX-IC-DOMO-TabS9Plus-PNK,,54%,40.0,45.4,27.6,60.0,50%,14,33%,41,72,42%
DUX-IC-DOMO-TabS9FEPlus-PNK,,54%,40.0,45.4,27.6,60.0,50%,14,33%,41,72,42%
DUX-IC-DOMO-TabS9FEPlus-BLK,,54%,40.0,45.4,27.6,60.0,50%,14,33%,41,72,42%
DUX-IC-DOMO-TabS8Ultra-PNK,,48%,45.0,46.9,30.9,60.0,50%,15,33%,46,72,36%
DUX-IC-DOMO-TabA/8.0(T)-BLK,,60%,26.0,32.2,18.4,46.0,50%,9,33%,28,55,50%
DUX-IC-DOMO-TabA/8.0(T)-BLU,,60%,26.0,32.2,18.4,46.0,50%,9,33%,28,55,50%
DUX-IC-DOMO-TabA/8.0(T)-PNK,,60%,26.0,32.2,18.4,46.0,50%,9,33%,28,55,50%
DUX-IC-DOMO-TabA/8.0(P)-PNK,,60%,26.0,32.2,18.4,46.0,50%,9,33%,28,55,50%
DUX-IC-DOMO-TabA710.4(20)-BLK,,56%,30.0,35.9,21.1,48.0,50%,11,33%,32,58,45%
DUX-IC-DOMO-TabA710.4(20)-BLU,,56%,30.0,35.9,21.1,48.0,50%,11,33%,32,58,45%
DUX-IC-DOMO-TabA710.4(20)-PNK,,56%,30.0,35.9,21.1,48.0,50%,11,33%,32,58,45%
DUX-IC-DOMO-TabA7Lite-PNK,,62%,26.0,33.2,18.4,48.0,50%,9,33%,28,58,52%
DUX-IC-DOMO-TabS6-PNK,,56%,30.0,35.9,21.1,48.0,50%,11,33%,32,58,45%
DUX-IC-DOMO-PadSE11(2024)-BLK,,56%,28.0,32.4,19.7,45.0,50%,10,33%,30,54,45%
DUX-IC-DOMO-PadSE11(2024)-BLU,,56%,28.0,32.4,19.7,45.0,50%,10,33%,30,54,45%
DUX-IC-DOMO-MPadPro11(22)-BLK,,58%,29.0,35.6,20.4,48.0,50%,10,33%,31,58,47%
DUX-IC-DOMO-MPadPro11(22)-BLU,,58%,29.0,35.6,20.4,48.0,50%,10,33%,31,58,47%
DUX-IC-DOMO-MPadT10-BLK,,53%,30.0,34.2,21.1,45.0,50%,11,33%,32,54,42%
DUX-IC-DOMO-MPadT10-BLU,,53%,30.0,34.2,21.1,45.0,50%,11,33%,32,54,42%
DUX-IC-DOMO-HonorPadX9-BLK,,56%,28.0,32.4,19.7,45.0,50%,10,33%,30,54,45%
DUX-IC-DOMO-HonorPadX9-BLU,,56%,28.0,32.4,19.7,45.0,50%,10,33%,30,54,45%
DUX-IC-DOMO-HonorPadX9-PNK,,56%,28.0,32.4,19.7,45.0,50%,10,33%,30,54,45%
DUX-IC-DOMO-PadX8a-BLK,,59%,28.0,33.9,19.7,48.0,50%,10,33%,30,58,49%
DUX-IC-DOMO-PadX8a-BLU,,59%,28.0,33.9,19.7,48.0,50%,10,33%,30,58,49%
DUX-IC-DOMO-XMPad6-BLK,,55%,31.0,36.2,21.7,48.0,50%,11,33%,33,58,43%
DUX-IC-DOMO-XMPad6-BLU,,55%,31.0,36.2,21.7,48.0,50%,11,33%,33,58,43%
DUX-IC-DOMO-XMPad6-PNK,,55%,31.0,36.2,21.7,48.0,50%,11,33%,33,58,43%
DUX-IC-DOMO-XMPad7/Pro-BLK,,55%,31.0,36.2,21.7,48.0,50%,11,33%,33,58,43%
DUX-IC-DOMO-XMPad7/Pro-BLU,,55%,31.0,36.2,21.7,48.0,50%,11,33%,33,58,43%
DUX-IC-DOMO-XMPad5-PNK,,51%,34.0,37.1,23.7,48.0,50%,12,33%,36,58,38%
DUX-IC-DOMO-XMPad5Pro/12.4-BLK,,52%,38.0,42.1,26.3,55.0,50%,13,33%,39,66,40%
DUX-IC-DOMO-RedmiPad-BLK,,58%,29.0,35.6,20.4,48.0,50%,10,33%,31,58,47%
DUX-IC-DOMO-RedmiPad-BLU,,58%,29.0,35.6,20.4,48.0,50%,10,33%,31,58,47%
DUX-IC-DOMO-RedmiPad-PNK,,58%,29.0,35.6,20.4,48.0,50%,10,33%,31,58,47%
DUX-IC-DOMO-OppoPad(22)-BLK,,58%,29.0,35.6,20.4,48.0,50%,10,33%,31,58,47%
DUX-IC-UNID-iPad9.7-BLK,,55%,29.0,33.9,20.4,45.0,60%,12,38%,33,54,40%
DUX-IC-UNID-iPad9.7-BLU,,55%,29.0,33.9,20.4,45.0,60%,12,38%,33,54,40%
DUX-IC-UNID-iPad9.7-PNK,,55%,29.0,33.9,20.4,45.0,60%,12,38%,33,54,40%
DUX-IC-UNID-iPad9.7-PRP,,55%,29.0,33.9,20.4,45.0,60%,12,38%,33,54,40%
DUX-IC-UNID-iPad9.7-GRN,,55%,29.0,33.9,20.4,45.0,60%,12,38%,33,54,40%
DUX-IC-UNID-iPad10.2-BLK,,55%,29.0,33.9,20.4,45.0,60%,12,38%,33,54,40%
DUX-IC-UNID-iPad10.2-BLU,,55%,29.0,33.9,20.4,45.0,60%,12,38%,33,54,40%
DUX-IC-UNID-iPad10.2-PNK,,55%,29.0,33.9,20.4,45.0,60%,12,38%,33,54,40%
DUX-IC-UNID-iPad10.2-PRP,,55%,29.0,33.9,20.4,45.0,60%,12,38%,33,54,40%
DUX-IC-UNID-iPad10.2-GRN,,55%,29.0,33.9,20.4,45.0,60%,12,38%,33,54,40%
DUX-IC-UNID-iPad10/10.9-BLK,,55%,29.0,33.9,20.4,45.0,60%,12,38%,33,54,40%
DUX-IC-UNID-iPad10/10.9-BLU,,55%,29.0,33.9,20.4,45.0,60%,12,38%,33,54,40%
DUX-IC-UNID-iPad10/10.9-PNK,,55%,29.0,33.9,20.4,45.0,60%,12,38%,33,54,40%
DUX-IC-UNID-iPad10/10.9-PRP,,55%,29.0,33.9,20.4,45.0,60%,12,38%,33,54,40%
DUX-IC-UNID-iPad10/10.9-GRN,,55%,29.0,33.9,20.4,45.0,60%,12,38%,33,54,40%
DUX-IC-UNID-Air11(2024)-BLK,,55%,29.0,33.9,20.4,45.0,60%,12,38%,33,54,40%
DUX-IC-UNID-Air11(2024)-BLU,,55%,29.0,33.9,20.4,45.0,60%,12,38%,33,54,40%
DUX-IC-UNID-Air11(2024)-PNK,,55%,29.0,33.9,20.4,45.0,60%,12,38%,33,54,40%
DUX-IC-UNID-Air11(2024)-PRP,,55%,29.0,33.9,20.4,45.0,60%,12,38%,33,54,40%
DUX-IC-UNID-Air11(2024)-GRN,,55%,29.0,33.9,20.4,45.0,60%,12,38%,33,54,40%
DUX-IC-UNID-Pro11(2024)-BLK,,55%,29.0,33.9,20.4,45.0,60%,12,38%,33,54,40%
DUX-IC-UNID-Pro11(2024)-BLU,,55%,29.0,33.9,20.4,45.0,60%,12,38%,33,54,40%
DUX-IC-UNID-Pro11(2024)-PNK,,55%,29.0,33.9,20.4,45.0,60%,12,38%,33,54,40%
DUX-IC-UNID-Pro11(2024)-PRP,,55%,29.0,33.9,20.4,45.0,60%,12,38%,33,54,40%
DUX-IC-UNID-Pro11(2024)-GRN,,55%,29.0,33.9,20.4,45.0,60%,12,38%,33,54,40%
DUX-IC-UNID-Air13(2024)-BLK,,53%,39.0,44.0,27.0,58.0,60%,16,38%,43,70,38%
DUX-IC-UNID-Air13(2024)-BLU,,53%,39.0,44.0,27.0,58.0,60%,16,38%,43,70,38%
DUX-IC-UNID-Air13(2024)-PNK,,53%,39.0,44.0,27.0,58.0,60%,16,38%,43,70,38%
DUX-IC-UNID-Air13(2024)-PRP,,53%,39.0,44.0,27.0,58.0,60%,16,38%,43,70,38%
DUX-IC-UNID-Air13(2024)-GRN,,53%,39.0,44.0,27.0,58.0,60%,16,38%,43,70,38%
DUX-IC-UNID-Pro13(2024)-BLK,,53%,39.0,44.0,27.0,58.0,60%,16,38%,43,70,38%
DUX-IC-UNID-Pro13(2024)-BLU,,53%,39.0,44.0,27.0,58.0,60%,16,38%,43,70,38%
DUX-IC-UNID-Pro13(2024)-PNK,,53%,39.0,44.0,27.0,58.0,60%,16,38%,43,70,38%
DUX-IC-UNID-Pro13(2024)-PRP,,53%,39.0,44.0,27.0,58.0,60%,16,38%,43,70,38%
DUX-IC-UNID-Pro13(2024)-GRN,,53%,39.0,44.0,27.0,58.0,60%,16,38%,43,70,38%
DUX-IC-UNID-TabS6Lite-BLK,,55%,29.0,33.9,20.4,45.0,60%,12,38%,33,54,40%
DUX-IC-UNID-TabS6Lite-BLU,,55%,29.0,33.9,20.4,45.0,60%,12,38%,33,54,40%
DUX-IC-UNID-TabS6Lite-PNK,,55%,29.0,33.9,20.4,45.0,60%,12,38%,33,54,40%
DUX-IC-UNID-TabS6Lite-PRP,,55%,29.0,33.9,20.4,45.0,60%,12,38%,33,54,40%
DUX-IC-UNID-TabS6Lite-GRN,,55%,29.0,33.9,20.4,45.0,60%,12,38%,33,54,40%
DUX-IC-UNID-TabS10Plus-BLK,,53%,39.0,44.0,27.0,58.0,60%,16,38%,43,70,38%
DUX-IC-UNID-TabS10Plus-BLU,,53%,39.0,44.0,27.0,58.0,60%,16,38%,43,70,38%
DUX-IC-UNID-TabS10Plus-PNK,,53%,39.0,44.0,27.0,58.0,60%,16,38%,43,70,38%
DUX-IC-UNID-TabS10Plus-PRP,,53%,39.0,44.0,27.0,58.0,60%,16,38%,43,70,38%
DUX-IC-UNID-TabS10Plus-GRN,,53%,39.0,44.0,27.0,58.0,60%,16,38%,43,70,38%
DUX-IC-UNID-TabS9-BLK,,55%,29.0,33.9,20.4,45.0,60%,12,38%,33,54,40%
DUX-IC-UNID-TabS9-BLU,,55%,29.0,33.9,20.4,45.0,60%,12,38%,33,54,40%
DUX-IC-UNID-TabS9-PNK,,55%,29.0,33.9,20.4,45.0,60%,12,38%,33,54,40%
DUX-IC-UNID-TabS9-PRP,,55%,29.0,33.9,20.4,45.0,60%,12,38%,33,54,40%
DUX-IC-UNID-TabS9-GRN,,55%,29.0,33.9,20.4,45.0,60%,12,38%,33,54,40%
DUX-IC-UNID-TabS10Ultra-BLK,,57%,44.0,52.1,30.3,70.0,60%,18,38%,48,84,42%
DUX-IC-UNID-TabS10Ultra-BLU,,57%,44.0,52.1,30.3,70.0,60%,18,38%,48,84,42%
DUX-IC-UNID-TabS10Ultra-PNK,,57%,44.0,52.1,30.3,70.0,60%,18,38%,48,84,42%
DUX-IC-UNID-TabS10Ultra-PRP,,57%,44.0,52.1,30.3,70.0,60%,18,38%,48,84,42%
DUX-IC-UNID-TabS10Ultra-GRN,,57%,44.0,52.1,30.3,70.0,60%,18,38%,48,84,42%
DUX-IC-UNID-S/A9-BLK,,55%,24.0,27.6,17.1,38.0,60%,10,38%,27,46,40%
DUX-IC-UNID-S/A9-BLU,,55%,24.0,27.6,17.1,38.0,60%,10,38%,27,46,40%
DUX-IC-UNID-S/A9-PNK,,55%,24.0,27.6,17.1,38.0,60%,10,38%,27,46,40%
DUX-IC-UNID-S/A9-PRP,,55%,24.0,27.6,17.1,38.0,60%,10,38%,27,46,40%
DUX-IC-UNID-S/A9-GRN,,55%,24.0,27.6,17.1,38.0,60%,10,38%,27,46,40%
DUX-IC-UNID-S/A9Plus-BLK,,52%,27.0,29.5,19.1,40.0,60%,11,38%,31,48,36%
DUX-IC-UNID-S/A9Plus-BLU,,52%,27.0,29.5,19.1,40.0,60%,11,38%,31,48,36%
DUX-IC-UNID-S/A9Plus-PNK,,52%,27.0,29.5,19.1,40.0,60%,11,38%,31,48,36%
DUX-IC-UNID-S/A9Plus-PRP,,52%,27.0,29.5,19.1,40.0,60%,11,38%,31,48,36%
DUX-IC-UNID-S/A9Plus-GRN,,52%,27.0,29.5,19.1,40.0,60%,11,38%,31,48,36%
DUX-SP-2.5D-iPad10(10.9),,80%,12.0,27.1,9.2,45.0,80%,7,44%,17,54,69%
DUX-SP-2.5D-Air2(9.7)-CLR,,79%,12.0,26.1,9.2,43.0,80%,7,44%,17,52,68%
DUX-SP-2.5D-iPad/10.2,,80%,12.0,27.1,9.2,45.0,80%,7,44%,17,54,69%
DUX-SP-2.5D-Air11(2024)-CLR,,80%,12.0,27.1,9.2,45.0,80%,7,44%,17,54,69%
DUX-SP-2.5D-Air13(2024)-CLR,,74%,17.0,30.3,12.5,48.0,80%,10,44%,23,58,61%
DUX-SP-2.5D-Air3(10.5)-CLR,,79%,12.0,26.1,9.2,43.0,80%,7,44%,17,52,68%
DUX-SP-2.5D-iPad/Air5,,80%,12.0,27.1,9.2,45.0,80%,7,44%,17,54,69%
DUX-SP-2.5D-Mini45-CLR,,80%,11.0,25.8,8.6,43.0,80%,7,44%,15,52,70%
DUX-SP-2.5D-Mini6-CLR,,80%,11.0,25.8,8.6,43.0,80%,7,44%,15,52,70%
DUX-SP-2.5D-Pro11(2024)-CLR,,80%,12.0,27.1,9.2,45.0,80%,7,44%,17,54,69%
DUX-SP-2.5D-Pro12.9(20)-CLR,,74%,17.0,30.3,12.5,48.0,80%,10,44%,23,58,61%
DUX-SP-2.5D-Pro13(2024)-CLR,,74%,17.0,30.3,12.5,48.0,80%,10,44%,23,58,61%
DUX-SP-2.5D-TabA7(10.4)-CLR,,80%,12.0,27.1,9.2,45.0,80%,7,44%,17,54,69%
DUX-SP-2.5D-TabA7Lite,,79%,11.0,24.3,8.6,40.0,80%,7,44%,15,48,68%
DUX-SP-2.5D-TabA8(21)-CLR,,80%,12.0,27.1,9.2,45.0,80%,7,44%,17,54,69%
DUX-SP-2.5D-S/A9,,79%,11.0,24.3,8.6,40.0,80%,7,44%,15,48,68%
DUX-SP-2.5D-S/A9Plus-CLR,,77%,12.0,24.6,9.2,40.0,80%,7,44%,17,48,65%
DUX-SP-2.5D-TabS9-CLR,,80%,12.0,27.1,9.2,45.0,80%,7,44%,17,54,69%
DUX-SP-2.5D-TabS10Plus-CLR,,74%,17.0,30.3,12.5,48.0,80%,10,44%,23,58,61%
DUX-SP-2.5D-TabS10Ultra-CLR,,70%,25.0,38.9,17.8,60.0,80%,14,44%,32,72,56%
DUX-SP-2.5D-TabS6-CLR,,80%,12.0,27.1,9.2,45.0,80%,7,44%,17,54,69%
DUX-SP-2.5D-TabS6L-CLR,,80%,12.0,27.1,9.2,45.0,80%,7,44%,17,54,69%
DUX-SP-TabA10.1(19)-CLR,,61%,25.0,31.4,17.8,45.0,80%,14,44%,32,54,41%
DUX-SP-2.5D-MPad11(21)-CLR,,79%,12.0,26.1,9.2,43.0,80%,7,44%,17,52,68%
DUX-SP-2.5D-MPadPro12.6(21)-CLR,,74%,17.0,30.3,12.5,48.0,80%,10,44%,23,58,61%
DUX-SP-2.5D-PadSE11(2024),,69%,12.0,19.6,9.2,30.0,80%,7,44%,17,36,54%
DUX-SP-2.5D-XMPad5-CLR,,80%,12.0,27.1,9.2,45.0,80%,7,44%,17,54,69%
DUX-SP-2.5D-XMPad6-CLR,,80%,12.0,27.1,9.2,45.0,80%,7,44%,17,54,69%
DUX-SP-2.5D-XMPad7/Pro-CLR,,80%,12.0,27.1,9.2,45.0,80%,7,44%,17,54,69%
DUX-SP-2.5D-HonorPadX9,,69%,12.0,19.6,9.2,30.0,80%,7,44%,17,36,54%
DUX-SP-2.5D-HonorPadX8,,69%,12.0,19.6,9.2,30.0,80%,7,44%,17,36,54%
DUX-SP-2.5D-PadX8a-CLR,,69%,12.0,19.6,9.2,30.0,80%,7,44%,17,36,54%
DUX-SP-2.5D-HPad8,,67%,17.0,25.3,12.5,38.0,80%,10,44%,23,46,51%
DUX-SP-2.5D-HPad9,,67%,17.0,25.3,12.5,38.0,80%,10,44%,23,46,51%
DUX-SP-2.5D-MagicPad2-CLR,,67%,17.0,25.3,12.5,38.0,80%,10,44%,23,46,51%
DUX-SP-NAAD-iPad10.2-BLK,,61%,25.0,31.4,17.8,45.0,60%,11,38%,28,54,47%
DUX-SP-NAAD-Air4/5-BLK,,61%,25.0,31.4,17.8,45.0,60%,11,38%,28,54,47%
DUX-SP-NAAD-Pro12.9-BLK,,59%,29.0,36.7,20.4,50.0,60%,12,38%,33,60,46%
DUX-SP-NAAD-iPad10/10.9-BLK,,61%,25.0,31.4,17.8,45.0,60%,11,38%,28,54,47%
DUX-SP-NAAD-Mini6-BLK,,60%,24.0,30.1,17.1,43.0,60%,10,38%,27,52,47%
DUX-SP-NAAD-Air11(2024)-BLK,,61%,25.0,31.4,17.8,45.0,60%,11,38%,28,54,47%
DUX-SP-NAAD-Air13(2024)-BLK,,59%,29.0,36.7,20.4,50.0,60%,12,38%,33,60,46%
DUX-SP-NAAD-Pro11(2024)-BLK,,61%,25.0,31.4,17.8,45.0,60%,11,38%,28,54,47%
DUX-SP-NAAD-Pro13(2024)-BLK,,59%,29.0,36.7,20.4,50.0,60%,12,38%,33,60,46%
DUX-SP-NAAD-TabS6Lite-BLK,,59%,25.0,30.4,17.8,43.0,60%,11,38%,28,52,45%
DUX-SP-NAAD-TabS7/S8-BLK,,63%,25.0,32.9,17.8,48.0,60%,11,38%,28,58,51%
DUX-SP-NAAD-TabS9-BLK,,63%,25.0,32.9,17.8,48.0,60%,11,38%,28,58,51%
DUX-SP-NAAD-TabS9FE-BLK,,63%,25.0,32.9,17.8,48.0,60%,11,38%,28,58,51%
DUX-SP-NAAD-Tab10Plus-BLK,,58%,29.0,35.6,20.4,48.0,60%,12,38%,33,58,43%
BONE-ACE-X51-WHT,,64%,25.0,32.6,17.1,48.0,60%,10,38%,27,58,52%
BONE-ACE-X51-BLK,,64%,25.0,32.6,17.1,48.0,60%,10,38%,27,58,52%
BONE-ACE-X68-WHT,,63%,37.0,48.7,25.0,68.0,60%,15,38%,40,82,51%
BONE-ACE-X68-BLK,,63%,37.0,48.7,25.0,68.0,60%,15,38%,40,82,51%
BONE-ACE-P86-STAND-GRY,,47%,78.0,78.7,52.6,100.0,60%,32,38%,84,120,30%
BONE-ACE-E02-STAND-SLV,,57%,25.0,28.6,17.1,40.0,60%,10,38%,27,48,43%
BONE-ACE-E02-STAND-GRY,,57%,25.0,28.6,17.1,40.0,60%,10,38%,27,48,43%
BONE-AC-P47-BLK,,42%,56.0,52.6,37.5,65.0,60%,23,38%,60,78,23%
BONE-AC-P47-WHT,,41%,56.0,52.9,38.2,65.0,60%,23,38%,61,78,22%
ESM-ACE-MG-SLV,,70%,8.0,13.0,5.9,20.0,60%,4,38%,9,24,61%
MK-ACE-026-Stand-GRY,,71%,10.0,16.1,7.2,25.0,60%,4,38%,12,30,61%
MK-ACE-026-Stand-SLV,,71%,10.0,16.1,7.2,25.0,60%,4,38%,12,30,61%
MK-ACE-026-Stand-BLU,,71%,10.0,16.1,7.2,25.0,60%,4,38%,12,30,61%
MK-ACE-026-Stand-PRP,,71%,10.0,16.1,7.2,25.0,60%,4,38%,12,30,61%
MK-ACE-023-Stand-GRY,,68%,13.5,19.8,9.5,30.0,60%,6,38%,15,36,58%
MK-ACE-023-Stand-SLV,,68%,13.5,19.8,9.5,30.0,60%,6,38%,15,36,58%
MK-ACE-023-Stand-BLU,,68%,13.5,19.8,9.5,30.0,60%,6,38%,15,36,58%
MK-ACE-023-Stand-PRP,,68%,13.5,19.8,9.5,30.0,60%,6,38%,15,36,58%
CK-LC-MATT-MbookAir/13(20)-CLR/BLK,,55%,32.3,37.7,22.6,50.0,60%,14,38%,36,60,40%
CK-LC-MATT-MbookAir/13(20)-BLK,,55%,32.3,37.7,22.6,50.0,60%,14,38%,36,60,40%
CK-LC-MATT-MbookAir/13(20)-CLR/GRY,,55%,32.3,37.7,22.6,50.0,60%,14,38%,36,60,40%
CK-LC-MATT-MbookAir/13(20)-CLR,,55%,32.3,37.7,22.6,50.0,60%,14,38%,36,60,40%
CK-LC-MATT-MbookAir/13(22)-CLR/BLK,,55%,32.3,37.7,22.6,50.0,60%,14,38%,36,60,40%
CK-LC-MATT-MbookAir/13(22)-BLK,,55%,32.3,37.7,22.6,50.0,60%,14,38%,36,60,40%
CK-LC-MATT-MbookAir/13(22)-CLR/GRY,,55%,32.3,37.7,22.6,50.0,60%,14,38%,36,60,40%
CK-LC-MATT-MbookAir/13(22)-CLR,,55%,32.3,37.7,22.6,50.0,60%,14,38%,36,60,40%
CK-LC-MATT-MbookAir/15(23)-CLR/BLK,,53%,37.3,41.9,25.9,55.0,60%,16,38%,41,66,37%
CK-LC-MATT-MbookAir/15(23)-BLK,,53%,37.3,41.9,25.9,55.0,60%,16,38%,41,66,37%
CK-LC-MATT-MbookAir/15(23)-CLR/GRY,,53%,37.3,41.9,25.9,55.0,60%,16,38%,41,66,37%
CK-LC-MATT-MbookAir/15(23)-CLR,,53%,37.3,41.9,25.9,55.0,60%,16,38%,41,66,37%
CK-LC-MATT-MbookPro/13(16-19)-CLR/BLK,,55%,32.3,37.7,22.6,50.0,60%,14,38%,36,60,40%
CK-LC-MATT-MbookPro/13(16-19)-BLK,,55%,32.3,37.7,22.6,50.0,60%,14,38%,36,60,40%
CK-LC-MATT-MbookPro/13(16-19)-CLR/GRY,,55%,32.3,37.7,22.6,50.0,60%,14,38%,36,60,40%
CK-LC-MATT-MbookPro/13(16-19)-CLR,,55%,32.3,37.7,22.6,50.0,60%,14,38%,36,60,40%
CK-LC-MATT-MbookPro/14(21)-CLR/BLK,,55%,32.3,37.7,22.6,50.0,60%,14,38%,36,60,40%
CK-LC-MATT-MbookPro/14(21)-BLK,,55%,32.3,37.7,22.6,50.0,60%,14,38%,36,60,40%
CK-LC-MATT-MbookPro/14(21)-CLR/GRY,,55%,32.3,37.7,22.6,50.0,60%,14,38%,36,60,40%
CK-LC-MATT-MbookPro/14(21)-CLR,,55%,32.3,37.7,22.6,50.0,60%,14,38%,36,60,40%
CK-LC-MATT-MbookPro/16(21)-CLR/BLK,,53%,37.3,41.9,25.9,55.0,60%,16,38%,41,66,37%
CK-LC-MATT-MbookPro/16(21)-BLK,,53%,37.3,41.9,25.9,55.0,60%,16,38%,41,66,37%
CK-LC-MATT-MbookPro/16(21)-CLR/GRY,,53%,37.3,41.9,25.9,55.0,60%,16,38%,41,66,37%
CK-LC-MATT-MbookPro/16(21)-CLR,,53%,37.3,41.9,25.9,55.0,60%,16,38%,41,66,37%
DDC-LC-CRYS-MbookAir/13(18)-CLR,,61%,18.5,24.2,13.5,35.0,60%,8,38%,22,42,49%
DDC-LC-CRYS-MbookAir/13(18)-BLK,,61%,18.5,24.2,13.5,35.0,60%,8,38%,22,42,49%
DDC-LC-CRYS-MbookAir/13(18)-GRY,,61%,18.5,24.2,13.5,35.0,60%,8,38%,22,42,49%
DDC-LC-CRYS-MbookAir/13(22)-CLR,,62%,17.0,22.8,12.5,33.0,60%,8,38%,20,40,49%
DDC-LC-CRYS-MbookAir/13(22)-BLK,,62%,17.0,22.8,12.5,33.0,60%,8,38%,20,40,49%
DDC-LC-CRYS-MbookAir/13(22)-PRP,,62%,17.0,22.8,12.5,33.0,60%,8,38%,20,40,49%
DDC-LC-CRYS-MbookAir/15(23)-CLR,,61%,19.0,24.4,13.8,35.0,60%,8,38%,22,42,47%
DDC-LC-CRYS-MbookAir/15(23)-BLK,,61%,19.0,24.4,13.8,35.0,60%,8,38%,22,42,47%
DDC-LC-CRYS-MbookPro/13(16-19)-CLR,,61%,18.5,24.2,13.5,35.0,60%,8,38%,22,42,49%
DDC-LC-CRYS-MbookPro/13(16-19)-BLK,,61%,18.5,24.2,13.5,35.0,60%,8,38%,22,42,49%
DDC-LC-CRYS-MbookPro/13(16-19)-GRY,,64%,17.0,23.8,12.5,35.0,60%,8,38%,20,42,52%
DDC-LC-CRYS-MbookPro/13(16-19)-LIG/BLU,,64%,17.0,23.8,12.5,35.0,60%,8,38%,20,42,52%
DDC-LC-CRYS-MbookPro/13(16-19)-PRP,,64%,17.0,23.8,12.5,35.0,60%,8,38%,20,42,52%
DDC-LC-CRYS-MbookPro/14(21)-CLR,,62%,17.0,22.8,12.5,33.0,60%,8,38%,20,40,49%
DDC-LC-CRYS-MbookPro/14(21)-BLK,,62%,17.0,22.8,12.5,33.0,60%,8,38%,20,40,49%
DDC-LC-CRYS-MbookPro/14(21)-GRY,,62%,17.0,22.8,12.5,33.0,60%,8,38%,20,40,49%
DDC-LC-CRYS-MbookPro/16(21)-CLR,,61%,19.0,24.4,13.8,35.0,60%,8,38%,22,42,47%
DDC-LC-CRYS-MbookPro/16(21)-BLK,,61%,19.0,24.4,13.8,35.0,60%,8,38%,22,42,47%
DDC-LC-CRYS-MbookPro/16(21)-GRY,,61%,19.0,24.4,13.8,35.0,60%,8,38%,22,42,47%
DDC-LC-CRYS-MateBookD14-CLR,,64%,17.0,23.8,12.5,35.0,60%,8,38%,20,42,52%
DDC-LC-CRYS-MateBookD14-BLK,,64%,17.0,23.8,12.5,35.0,60%,8,38%,20,42,52%
DDC-LC-CRYS-MateBookD15-CLR,,65%,17.0,24.3,12.5,36.0,60%,8,38%,20,43,54%
DDC-LC-CRYS-MateBookD15-BLK,,65%,17.0,24.3,12.5,36.0,60%,8,38%,20,43,54%
DDC-LC-CRYS-MateBook14(21)-CLR,,64%,17.0,23.8,12.5,35.0,60%,8,38%,20,42,52%
DDC-LC-CRYS-MateBook14(21)-BLK,,64%,17.0,23.8,12.5,35.0,60%,8,38%,20,42,52%
DDC-LC-CRYS-MagicBook14(22)-CLR,,68%,15.5,23.8,11.5,36.0,60%,7,38%,18,43,57%
DDC-LC-CRYS-MagicBook14(22)-BLK,,68%,15.5,23.8,11.5,36.0,60%,7,38%,18,43,57%
DDC-LC-CRYS-MateBookXPro(20)-CLR,,67%,15.5,23.3,11.5,35.0,60%,7,38%,18,42,56%
DDC-LC-CRYS-MateBook14s(21)-BLK,,67%,15.5,23.3,11.5,35.0,60%,7,38%,18,42,56%
DDC-LC-CRYS-D14(23/24)-CLR,,64%,17.0,23.8,12.5,35.0,60%,8,38%,20,42,52%
DDC-LC-CRYS-D14(23/24)-BLK,,64%,17.0,23.8,12.5,35.0,60%,8,38%,20,42,52%
DDC-LC-CRYS-MB16S-CLR,,62%,19.0,24.9,13.8,36.0,60%,8,38%,22,43,49%
DDC-LC-CRYS-MB16S-BLK,,62%,19.0,24.9,13.8,36.0,60%,8,38%,22,43,49%
DDC-LC-CRYS-D16(22/23)-CLR,,62%,19.0,24.9,13.8,36.0,60%,8,38%,22,43,49%
DDC-LC-CRYS-D16(22/23)-BLK,,62%,19.0,24.9,13.8,36.0,60%,8,38%,22,43,49%
DDC-LC-CRYS-D16(24)-CLR,,62%,19.0,24.9,13.8,36.0,60%,8,38%,22,43,49%
DDC-LC-CRYS-D16(24)-BLK,,62%,19.0,24.9,13.8,36.0,60%,8,38%,22,43,49%
DDC-LC-CRYS-MB14(24)-CLR,,64%,17.0,23.8,12.5,35.0,60%,8,38%,20,42,52%
DDC-LC-CRYS-MB14(24)-BLK,,64%,17.0,23.8,12.5,35.0,60%,8,38%,20,42,52%
DDC-LC-CRYS-SurfaceGo/12.4-BLK,,64%,17.0,23.8,12.5,35.0,60%,8,38%,20,42,52%
DDC-LC-CRYS-SurfaceGo/12.4-CLR,,64%,17.0,23.8,12.5,35.0,60%,8,38%,20,42,52%
DDC-LC-CRYS-Surface3(S)-BLK,,64%,17.0,23.8,12.5,35.0,60%,8,38%,20,42,52%
DDC-LC-CRYS-Surface3(S)-WHT,,64%,17.0,23.8,12.5,35.0,60%,8,38%,20,42,52%
DDC-LC-CRYS-Surface2(A)-BLK,,64%,17.0,23.8,12.5,35.0,60%,8,38%,20,42,52%
DDC-LC-CRYS-Surface2(A)-WHT,,64%,17.0,23.8,12.5,35.0,60%,8,38%,20,42,52%
DDC-LC-CRYS-Surface15-BLK,,62%,19.0,24.9,13.8,36.0,60%,8,38%,22,43,49%
DDC-LC-CRYS-Surface15-CLR,,62%,19.0,24.9,13.8,36.0,60%,8,38%,22,43,49%
DDC-LC-MATT-MbookAir/13(18)-WHT,,58%,22.5,27.1,16.1,38.0,60%,10,38%,26,46,43%
DDC-LC-MATT-MbookAir/13(18)-BLK,,58%,22.5,27.1,16.1,38.0,60%,10,38%,26,46,43%
DDC-LC-MATT-MbookAir/13(18)-GRY,,58%,22.5,27.1,16.1,38.0,60%,10,38%,26,46,43%
DDC-LC-MATT-MbookAir/13(18)-MID/GRN,,58%,22.5,27.1,16.1,38.0,60%,10,38%,26,46,43%
DDC-LC-MATT-MbookAir/13(18)-NAV/BLU,,58%,22.5,27.1,16.1,38.0,60%,10,38%,26,46,43%
DDC-LC-MATT-MbookAir/13(22)-WHT,,58%,21.0,25.6,15.1,36.0,60%,9,38%,24,43,44%
DDC-LC-MATT-MbookAir/13(22)-BLK,,58%,21.0,25.6,15.1,36.0,60%,9,38%,24,43,44%
DDC-LC-MATT-MbookAir/13(22)-NAV/BLU,,58%,21.0,25.6,15.1,36.0,60%,9,38%,24,43,44%
DDC-LC-MATT-MbookAir/13(22)-PRP,,58%,21.0,25.6,15.1,36.0,60%,9,38%,24,43,44%
DDC-LC-MATT-MbookPro/13(16-19)-WHT,,58%,22.5,27.1,16.1,38.0,60%,10,38%,26,46,43%
DDC-LC-MATT-MbookPro/13(16-19)-BLK,,58%,22.5,27.1,16.1,38.0,60%,10,38%,26,46,43%
DDC-LC-MATT-MbookPro/13(16-19)-GRY,,58%,22.5,27.1,16.1,38.0,60%,10,38%,26,46,43%
DDC-LC-MATT-MbookPro/13(16-19)-MID/GRN,,58%,22.5,27.1,16.1,38.0,60%,10,38%,26,46,43%
DDC-LC-MATT-MbookPro/13(16-19)-NAV/BLU,,58%,22.5,27.1,16.1,38.0,60%,10,38%,26,46,43%
DDC-LC-MATT-MbookPro/14(21)-WHT,,58%,21.0,25.6,15.1,36.0,60%,9,38%,24,43,44%
DDC-LC-MATT-MbookPro/14(21)-BLK,,58%,21.0,25.6,15.1,36.0,60%,9,38%,24,43,44%
DDC-LC-MATT-MbookPro/14(21)-GRY,,58%,21.0,25.6,15.1,36.0,60%,9,38%,24,43,44%
DDC-LC-MATT-MbookPro/14(21)-MID/GRN,,58%,21.0,25.6,15.1,36.0,60%,9,38%,24,43,44%
DDC-LC-MATT-MbookPro/14(21)-NAV/BLU,,58%,21.0,25.6,15.1,36.0,60%,9,38%,24,43,44%
DDC-LC-MATT-MbookAir/15(23)-CLR,,57%,23.0,27.2,16.4,38.0,60%,10,38%,26,46,42%
DDC-LC-MATT-MbookAir/15(23)-BLK,,57%,23.0,27.2,16.4,38.0,60%,10,38%,26,46,42%
DDC-LC-MATT-MbookPro/16(21)-WHT,,59%,23.0,28.2,16.4,40.0,60%,10,38%,26,48,45%
DDC-LC-MATT-MbookPro/16(21)-BLK,,59%,23.0,28.2,16.4,40.0,60%,10,38%,26,48,45%
DDC-LC-MATT-MbookPro/16(21)-GRY,,59%,23.0,28.2,16.4,40.0,60%,10,38%,26,48,45%
DDC-LC-MATT-MbookPro/16(21)-MID/GRN,,59%,23.0,28.2,16.4,40.0,60%,10,38%,26,48,45%
DDC-LC-MATT-MbookPro/16(21)-NAV/BLU,,59%,23.0,28.2,16.4,40.0,60%,10,38%,26,48,45%
DDC-LC-MATT-MateBookD14-WHT,,65%,19.5,27.1,14.1,40.0,60%,8,38%,23,48,53%
DDC-LC-MATT-MateBookD14-BLK,,65%,19.5,27.1,14.1,40.0,60%,8,38%,23,48,53%
DDC-LC-MATT-MateBookD15-WHT,,63%,21.5,28.7,15.5,42.0,60%,9,38%,25,50,51%
DDC-LC-MATT-MateBookD15-BLK,,63%,21.5,28.7,15.5,42.0,60%,9,38%,25,50,51%
DDC-LC-MATT-MateBook14(20)-WHT,,65%,19.5,27.1,14.1,40.0,60%,8,38%,23,48,53%
DDC-LC-MATT-MateBook14(20)-BLK,,65%,19.5,27.1,14.1,40.0,60%,8,38%,23,48,53%
DDC-LC-MATT-MateBook14(21)-WHT,,65%,19.5,27.1,14.1,40.0,60%,8,38%,23,48,53%
DDC-LC-MATT-MateBook14(21)-BLK,,65%,19.5,27.1,14.1,40.0,60%,8,38%,23,48,53%
DDC-LC-MATT-MateBook14s(21)-WHT,,65%,19.5,27.1,14.1,40.0,60%,8,38%,23,48,53%
DDC-LC-MATT-MateBook14s(21)-BLK,,65%,19.5,27.1,14.1,40.0,60%,8,38%,23,48,53%
DDC-LC-MATT-MagicBook14(22)-BLK,,64%,21.0,28.6,15.1,42.0,60%,9,38%,24,50,52%
DDC-LC-MATT-MagicBook14(22)-WHT,,66%,19.5,28.1,14.1,42.0,60%,8,38%,23,50,55%
DDC-LC-MATT-D14(23/24)-WHT,,62%,21.0,27.6,15.1,40.0,60%,9,38%,24,48,50%
DDC-LC-MATT-D14(23/24)-BLK,,62%,21.0,27.6,15.1,40.0,60%,9,38%,24,48,50%
DDC-LC-MATT-MB16S-WHT,,61%,23.0,29.2,16.4,42.0,60%,10,38%,26,50,48%
DDC-LC-MATT-MB16S-BLK,,61%,23.0,29.2,16.4,42.0,60%,10,38%,26,50,48%
DDC-LC-MATT-D16(22/23)-WHT,,61%,23.0,29.2,16.4,42.0,60%,10,38%,26,50,48%
DDC-LC-MATT-D16(22/23)-BLK,,61%,23.0,29.2,16.4,42.0,60%,10,38%,26,50,48%
DDC-LC-MATT-D16(24)-WHT,,61%,23.0,29.2,16.4,42.0,60%,10,38%,26,50,48%
DDC-LC-MATT-D16(24)-BLK,,61%,23.0,29.2,16.4,42.0,60%,10,38%,26,50,48%
DDC-LC-MATT-MB14(24)-BLK,,62%,21.0,27.6,15.1,40.0,60%,9,38%,24,48,50%
DDC-LC-MATT-MB14(24)-WHT,,62%,21.0,27.6,15.1,40.0,60%,9,38%,24,48,50%
DDC-LC-SAND-MbookAir/13(18)-CLR,,63%,20.5,27.4,14.8,40.0,60%,9,38%,24,48,51%
DDC-LC-SAND-MbookAir/13(18)-BLK,,63%,20.5,27.4,14.8,40.0,60%,9,38%,24,48,51%
DDC-LC-SAND-MbookAir/13(22)-CLR,,65%,19.0,26.9,13.8,40.0,60%,8,38%,22,48,54%
DDC-LC-SAND-MbookAir/13(22)-BLK,,65%,19.0,26.9,13.8,40.0,60%,8,38%,22,48,54%
DDC-LC-SAND-MbookPro/13(16-19)-CLR,,63%,20.5,27.4,14.8,40.0,60%,9,38%,24,48,51%
DDC-LC-SAND-MbookPro/13(16-19)-BLK,,63%,20.5,27.4,14.8,40.0,60%,9,38%,24,48,51%
DDC-LC-SAND-MbookPro/14(21)-CLR,,65%,19.0,26.9,13.8,40.0,60%,8,38%,22,48,54%
DDC-LC-SAND-MbookPro/14(21)-BLK,,65%,19.0,26.9,13.8,40.0,60%,8,38%,22,48,54%
DDC-LC-SAND-MbookAir/15(23)-CLR,,62%,21.0,27.6,15.1,40.0,60%,9,38%,24,48,50%
DDC-LC-SAND-MbookAir/15(23)-BLK,,62%,21.0,27.6,15.1,40.0,60%,9,38%,24,48,50%
DDC-LC-SAND-MbookPro/16(21)-CLR,,62%,21.0,27.6,15.1,40.0,60%,9,38%,24,48,50%
DDC-LC-SAND-MbookPro/16(21)-BLK,,62%,21.0,27.6,15.1,40.0,60%,9,38%,24,48,50%
ZFRI-LC-MbookAir/13(12-17)-CLR,,47%,30.0,31.5,21.1,40.0,60%,13,38%,34,48,30%
ZFRI-LC-MbookAir/13(12-17)-BLK,,47%,30.0,31.5,21.1,40.0,60%,13,38%,34,48,30%
ZFRI-LC-MbookAir/13(20)-CLR,,47%,30.0,31.5,21.1,40.0,60%,13,38%,34,48,30%
ZFRI-LC-MbookAir/13(20)-BLK,,47%,30.0,31.5,21.1,40.0,60%,13,38%,34,48,30%
ZFRI-LC-MbookAir/13(20)-PNK,,47%,30.0,31.5,21.1,40.0,60%,13,38%,34,48,30%
ZFRI-LC-MbookAir/13(22)-CLR,,47%,34.0,35.4,23.7,45.0,60%,14,38%,38,54,30%
ZFRI-LC-MbookAir/13(22)-BLK,,47%,34.0,35.4,23.7,45.0,60%,14,38%,38,54,30%
ZFRI-LC-MbookAir/15(23)-CLR,,56%,37.0,43.4,25.7,58.0,60%,15,38%,41,70,41%
ZFRI-LC-MbookAir/15(23)-BLK,,56%,37.0,43.4,25.7,58.0,60%,15,38%,41,70,41%
ZFRI-LC-MbookPro/13(20)-CLR,,47%,30.0,31.5,21.1,40.0,60%,13,38%,34,48,30%
ZFRI-LC-MbookPro/13(20)-BLK,,47%,30.0,31.5,21.1,40.0,60%,13,38%,34,48,30%
ZFRI-LC-MbookPro/13(20)-PNK,,47%,30.0,31.5,21.1,40.0,60%,13,38%,34,48,30%
ZFRI-LC-MbookPro/14(2021)-CLR,,55%,36.0,41.5,25.0,55.0,60%,15,38%,40,66,39%
ZFRI-LC-MbookPro/14(2021)-BLK,,55%,36.0,41.5,25.0,55.0,60%,15,38%,40,66,39%
ZFRI-LC-MbookPro/16(2021)-CLR,,55%,38.0,43.7,26.3,58.0,60%,16,38%,42,70,40%
ZFRI-LC-MbookPro/16(2021)-BLK,,55%,38.0,43.7,26.3,58.0,60%,16,38%,42,70,40%
DDC-WTF-AR-MbookAir/13(18)-CLR,,75%,4.0,10.0,3.9,16.0,80%,3,44%,7,19,63%
DDC-WTF-AR-MbookAir/13(22)-CLR,,75%,4.0,10.0,3.9,16.0,80%,3,44%,7,19,63%
DDC-WTF-AR-MbookPro/14(21)-CLR,,75%,4.0,10.0,3.9,16.0,80%,3,44%,7,19,63%
DDC-WTF-AR-MbookPro/15(16-19)-CLR,,71%,5.0,10.3,4.6,16.0,80%,4,44%,8,19,57%
DDC-WTF-AR-MbookAir/15(23)-CLR,,71%,5.0,10.3,4.6,16.0,80%,4,44%,8,19,57%
DDC-WTF-AR-MbookPro/16(19-20)-CLR,,71%,5.0,10.3,4.6,16.0,80%,4,44%,8,19,57%
DDC-WTF-AR-MbookPro/16(21)-CLR,,71%,5.0,10.3,4.6,16.0,80%,4,44%,8,19,57%
DDC-LAC-TPAD-MbookAir/13(18)-CLR,,63%,4.0,6.1,3.3,9.0,80%,3,44%,6,11,45%
DDC-LAC-TPAD-MbookAir/13(22)-CLR,,63%,4.0,6.1,3.3,9.0,80%,3,44%,6,11,45%
DDC-LAC-TPAD-MbookAir/15(23)-CLR,,63%,4.0,6.1,3.3,9.0,80%,3,44%,6,11,45%
DDC-LAC-TPAD-MbookPro/13(16-19)-CLR,,63%,4.0,6.1,3.3,9.0,80%,3,44%,6,11,45%
DDC-LAC-TPAD-MbookPro/13(20)-CLR,,63%,4.0,6.1,3.3,9.0,80%,3,44%,6,11,45%
DDC-LAC-TPAD-MbookPro/14(21)-CLR,,63%,4.0,6.1,3.3,9.0,80%,3,44%,6,11,45%
DDC-LAC-TPAD-MbookPro/15(16-19)-CLR,,63%,4.0,6.1,3.3,9.0,80%,3,44%,6,11,45%
DDC-LAC-TPAD-MbookPro/16(19-20)-CLR,,63%,4.0,6.1,3.3,9.0,80%,3,44%,6,11,45%
DDC-LAC-TPAD-MbookPro/16(21)-CLR,,63%,4.0,6.1,3.3,9.0,80%,3,44%,6,11,45%
DDC-LAC-KC-MbookAir/13(18)-CLR,,70%,2.5,6.5,3.0,10.0,80%,2,44%,5,12,56%
DDC-LAC-KC-MbookAir/13(18)-BLK,,70%,2.5,6.5,3.0,10.0,80%,2,44%,5,12,56%
DDC-LAC-KC-MbookAir/13(20)-CLR,,70%,2.5,6.5,3.0,10.0,80%,2,44%,5,12,56%
DDC-LAC-KC-MbookAir/13(20)-BLK,,70%,2.5,6.5,3.0,10.0,80%,2,44%,5,12,56%
DDC-LAC-KC-MbookAir/13(22)-CLR,,70%,2.5,6.5,3.0,10.0,80%,2,44%,5,12,56%
DDC-LAC-KC-MbookAir/13(22)-BLK,,70%,2.5,6.5,3.0,10.0,80%,2,44%,5,12,56%
DDC-LAC-KC-MbookPro/13(22)-CLR,,70%,2.5,6.5,3.0,10.0,80%,2,44%,5,12,56%
DDC-LAC-KC-MbookPro/13(22)-BLK,,70%,2.5,6.5,3.0,10.0,80%,2,44%,5,12,56%
DDC-LAC-KC-MbookPro/13(16/19)-CLR,,70%,2.5,6.5,3.0,10.0,80%,2,44%,5,12,56%
DDC-LAC-KC-MbookPro/13(16/19)-BLK,,70%,2.5,6.5,3.0,10.0,80%,2,44%,5,12,56%
XINC-LAC-VERS-Bag/12inch-BLK,,56%,11.5,14.4,8.9,20.0,60%,5,38%,14,24,41%
XINC-LAC-VERS-Bag/12inch-BRW,,56%,11.5,14.4,8.9,20.0,60%,5,38%,14,24,41%
XINC-LAC-VERS-Bag/12inch-GRY,,56%,11.5,14.4,8.9,20.0,60%,5,38%,14,24,41%
XINC-LAC-VERS-Bag/12inch-BLU/YLW,,55%,13.0,15.9,9.9,22.0,60%,6,38%,16,26,40%
XINC-LAC-VERS-Bag/14inch-BLK,,57%,12.5,15.8,9.5,22.0,60%,6,38%,15,26,42%
XINC-LAC-VERS-Bag/14inch-BLU,,57%,12.5,15.8,9.5,22.0,60%,6,38%,15,26,42%
XINC-LAC-VERS-Bag/14inch-BRW,,57%,12.5,15.8,9.5,22.0,60%,6,38%,15,26,42%
XINC-LAC-VERS-Bag/14inch-GRY,,57%,12.5,15.8,9.5,22.0,60%,6,38%,15,26,42%
XINC-LAC-VERS-Bag/14inch-BLU/YLW,,56%,14.0,17.3,10.5,24.0,60%,6,38%,17,29,42%
XINC-LAC-VERS-Bag/15.4inch-BLK,,56%,13.5,16.6,10.2,23.0,60%,6,38%,16,28,41%
XINC-LAC-VERS-Bag/15.4inch-BRW,,56%,13.5,16.6,10.2,23.0,60%,6,38%,16,28,41%
XINC-LAC-VERS-Bag/15.4inch-GRY,,56%,13.5,16.6,10.2,23.0,60%,6,38%,16,28,41%
XINC-LAC-VERS-Bag/15.4inch-BLU/YLW,,55%,15.0,18.1,11.2,25.0,60%,7,38%,18,30,40%
XINC-LAC-VERS-Bag/16inch-BLK,,55%,14.5,17.4,10.9,24.0,60%,7,38%,17,29,40%
XINC-LAC-VERS-Bag/16inch-BRW,,55%,14.5,17.4,10.9,24.0,60%,7,38%,17,29,40%
XINC-LAC-VERS-Bag/16inch-GRY,,55%,14.5,17.4,10.9,24.0,60%,7,38%,17,29,40%
XINC-LAC-VERS-Bag/16inch-BLU/YLW,,54%,16.0,18.9,11.8,26.0,60%,7,38%,19,31,39%
BG-WAC-METAL/ALP-46mm-TTN,,58%,37.0,44.3,25.0,60.0,70%,18,41%,43,72,41%
BG-WAC-METAL/ALP-46mm-BLK,,58%,37.0,44.3,25.0,60.0,70%,18,41%,43,72,41%
BG-WAC-METAL/ALP-49mm-TTN,,58%,37.0,44.3,25.0,60.0,70%,18,41%,43,72,41%
BG-WAC-METAL/ALP-49mm-BLK,,58%,37.0,44.3,25.0,60.0,70%,18,41%,43,72,41%
BG-STP-NRM-38/40/41-BLK,,62%,19.0,24.1,13.2,35.0,70%,9,41%,22,42,47%
BG-STP-NRM-38/40/41-BLK/ORG,,62%,19.0,24.1,13.2,35.0,70%,9,41%,22,42,47%
BG-STP-NRM-38/40/41-BLK/GRN,,62%,19.0,24.1,13.2,35.0,70%,9,41%,22,42,47%
BG-STP-NRM-38/40/41-BLK/BLU,,62%,19.0,24.1,13.2,35.0,70%,9,41%,22,42,47%
BG-STP-NRM-42/44/45/49-BLK,,62%,19.0,24.1,13.2,35.0,70%,9,41%,22,42,47%
BG-STP-NRM-42/44/45/49-BLK/ORG,,62%,19.0,24.1,13.2,35.0,70%,9,41%,22,42,47%
BG-STP-NRM-42/44/45/49-BLK/GRN,,62%,19.0,24.1,13.2,35.0,70%,9,41%,22,42,47%
BG-STP-NRM-42/44/45/49-BLK/BLU,,62%,19.0,24.1,13.2,35.0,70%,9,41%,22,42,47%
BG-WAC-BG1(SP)-49mm-BLK,,63%,4.0,6.1,3.3,9.0,70%,2,41%,6,11,48%
BG-WAC-BG1(SP)-49mm-CLR,,67%,3.5,6.0,3.0,9.0,70%,2,41%,5,11,53%
BG-WAC-BG1(SP)-45mm-BLK,,63%,4.0,6.1,3.3,9.0,70%,2,41%,6,11,48%
BG-WAC-BG1(SP)-45mm-BLU,,63%,4.0,6.1,3.3,9.0,70%,2,41%,6,11,48%
BG-WAC-BG1(SP)-45mm-CLR,,67%,3.5,6.0,3.0,9.0,70%,2,41%,5,11,53%
BG-WAC-BG1(SP)-41mm-BLK,,63%,4.0,6.1,3.3,9.0,70%,2,41%,6,11,48%
BG-WAC-BG1(SP)-41mm-BLU,,63%,4.0,6.1,3.3,9.0,70%,2,41%,6,11,48%
BG-WAC-BG1(SP)-41mm-CLR,,67%,3.5,6.0,3.0,9.0,70%,2,41%,5,11,53%
BG-WAC-BG1(SP)-44mm-BLK,,63%,4.0,6.1,3.3,9.0,70%,2,41%,6,11,48%
BG-WAC-BG1(SP)-44mm-BLU,,63%,4.0,6.1,3.3,9.0,70%,2,41%,6,11,48%
BG-WAC-BG1(SP)-44mm-CLR,,67%,3.5,6.0,3.0,9.0,70%,2,41%,5,11,53%
BG-WAC-BG1(SP)-40mm-BLK,,63%,4.0,6.1,3.3,9.0,70%,2,41%,6,11,48%
BG-WAC-BG1(SP)-40mm-BLU,,63%,4.0,6.1,3.3,9.0,70%,2,41%,6,11,48%
BG-WAC-BG1(SP)-40mm-CLR,,67%,3.5,6.0,3.0,9.0,70%,2,41%,5,11,53%
BG-WAC-BG1(SP)-46mm-BLK,,63%,4.0,6.1,3.3,9.0,70%,2,41%,6,11,48%
BG-WAC-BG1(SP)-46mm-CLR,,67%,3.5,6.0,3.0,9.0,70%,2,41%,5,11,53%
BG-WAC-BG1(SP)-42mm-BLK,,63%,4.0,6.1,3.3,9.0,70%,2,41%,6,11,48%
BG-WAC-BG1(SP)-42mm-CLR,,67%,3.5,6.0,3.0,9.0,70%,2,41%,5,11,53%
BG-WAC-AW-49mm-BLK,,71%,2.5,5.2,2.3,8.0,70%,2,41%,4,10,59%
BG-WAC-AW-49mm-SLV,,71%,2.5,5.2,2.3,8.0,70%,2,41%,4,10,59%
BG-WAC-AW-49mm-STA,,71%,2.5,5.2,2.3,8.0,70%,2,41%,4,10,59%
BG-WAC-AW-42mm-BLK,,71%,2.5,5.2,2.3,8.0,70%,2,41%,4,10,59%
BG-WAC-AW-42mm-SLV,,71%,2.5,5.2,2.3,8.0,70%,2,41%,4,10,59%
BG-WAC-AW-42mm-BLU,,71%,2.5,5.2,2.3,8.0,70%,2,41%,4,10,59%
BG-WAC-AW-42mm-RG,,71%,2.5,5.2,2.3,8.0,70%,2,41%,4,10,59%
BG-WAC-AW-46mm-BLK,,71%,2.5,5.2,2.3,8.0,70%,2,41%,4,10,59%
BG-WAC-AW-46mm-SLV,,71%,2.5,5.2,2.3,8.0,70%,2,41%,4,10,59%
BG-WAC-AW-46mm-BLU,,71%,2.5,5.2,2.3,8.0,70%,2,41%,4,10,59%
BG-WAC-AW-46mm-RG,,71%,2.5,5.2,2.3,8.0,70%,2,41%,4,10,59%
BG-WAC-AW-45mm-BLK,,71%,2.5,5.2,2.3,8.0,70%,2,41%,4,10,59%
BG-WAC-AW-45mm-SLV,,71%,2.5,5.2,2.3,8.0,70%,2,41%,4,10,59%
BG-WAC-AW-45mm-BLU,,71%,2.5,5.2,2.3,8.0,70%,2,41%,4,10,59%
BG-WAC-AW-45mm-RG,,71%,2.5,5.2,2.3,8.0,70%,2,41%,4,10,59%
BG-WAC-AW-44mm-BLK,,71%,2.5,5.2,2.3,8.0,70%,2,41%,4,10,59%
BG-WAC-AW-44mm-SLV,,71%,2.5,5.2,2.3,8.0,70%,2,41%,4,10,59%
BG-WAC-AW-44mm-BLU,,71%,2.5,5.2,2.3,8.0,70%,2,41%,4,10,59%
BG-WAC-AW-44mm-RG,,71%,2.5,5.2,2.3,8.0,70%,2,41%,4,10,59%
BG-WAC-AW-40mm-BLK,,71%,2.5,5.2,2.3,8.0,70%,2,41%,4,10,59%
BG-WAC-AW-40mm-SLV,,71%,2.5,5.2,2.3,8.0,70%,2,41%,4,10,59%
BG-WAC-AW-40mm-BLU,,71%,2.5,5.2,2.3,8.0,70%,2,41%,4,10,59%
BG-WAC-AW-40mm-RG,,71%,2.5,5.2,2.3,8.0,70%,2,41%,4,10,59%
BG-STP-YAW1090-42-BLK/GRY,,52%,12.0,13.3,8.6,18.0,70%,6,41%,15,22,33%
BG-STP-YAW1090-42-BLK/ARM,,52%,12.0,13.3,8.6,18.0,70%,6,41%,15,22,33%
BG-STP-YAW1090-42-BLK/ORG,,52%,12.0,13.3,8.6,18.0,70%,6,41%,15,22,33%
BG-STP-YAW1090-42-BLU/GRN,,52%,12.0,13.3,8.6,18.0,70%,6,41%,15,22,33%
BG-STP-CDY(YT)-40/41-CLR,,54%,8.0,9.5,5.9,13.0,70%,4,41%,10,16,35%
BG-STP-CDY(YT)-40/41-CLR/BLK,,54%,8.0,9.5,5.9,13.0,70%,4,41%,10,16,35%
BG-STP-CDY(YT)-40/41-BLK,,54%,8.0,9.5,5.9,13.0,70%,4,41%,10,16,35%
BG-STP-CDY(YT)-40/41-PNK,,54%,8.0,9.5,5.9,13.0,70%,4,41%,10,16,35%
BG-STP-CDY(YT)-40/41-CLR/ORG,,54%,8.0,9.5,5.9,13.0,70%,4,41%,10,16,35%
BG-STP-CDY(YT)-40/41-CLR/PNK,,54%,8.0,9.5,5.9,13.0,70%,4,41%,10,16,35%
BG-STP-CDY(YT)-40/41-CLR/BLU,,54%,8.0,9.5,5.9,13.0,70%,4,41%,10,16,35%
BG-STP-CDY(YT)-40/41-CLR/PRP,,54%,8.0,9.5,5.9,13.0,70%,4,41%,10,16,35%
BG-STP-CDY(YT)-40/41-CLR/GRN,,54%,8.0,9.5,5.9,13.0,70%,4,41%,10,16,35%
BG-STP-CDY(YT)-44/45-CLR,,54%,8.0,9.5,5.9,13.0,70%,4,41%,10,16,35%
BG-STP-CDY(YT)-44/45-CLR/BLK,,54%,8.0,9.5,5.9,13.0,70%,4,41%,10,16,35%
BG-STP-CDY(YT)-44/45-BLK,,54%,8.0,9.5,5.9,13.0,70%,4,41%,10,16,35%
BG-STP-CDY(YT)-44/45-PNK,,54%,8.0,9.5,5.9,13.0,70%,4,41%,10,16,35%
BG-STP-CDY(YT)-44/45-CLR/ORG,,54%,8.0,9.5,5.9,13.0,70%,4,41%,10,16,35%
BG-STP-CDY(YT)-44/45-CLR/PNK,,54%,8.0,9.5,5.9,13.0,70%,4,41%,10,16,35%
BG-STP-CDY(YT)-44/45-CLR/BLU,,54%,8.0,9.5,5.9,13.0,70%,4,41%,10,16,35%
BG-STP-CDY(YT)-44/45-CLR/PRP,,54%,8.0,9.5,5.9,13.0,70%,4,41%,10,16,35%
BG-STP-CDY(YT)-44/45-CLR/GRN,,54%,8.0,9.5,5.9,13.0,70%,4,41%,10,16,35%
BG-STP-CDY(YT)-49-CLR,,52%,10.0,11.1,7.2,15.0,70%,5,41%,12,18,32%
BG-STP-CDY(YT)-49-CLR/BLK,,52%,10.0,11.1,7.2,15.0,70%,5,41%,12,18,32%
BG-STP-CDY(YT)-49-BLK,,52%,10.0,11.1,7.2,15.0,70%,5,41%,12,18,32%
BG-STP-CDY(YT)-49-CLR/PNK,,52%,10.0,11.1,7.2,15.0,70%,5,41%,12,18,32%
BG-STP-CDY(YT)-42-CLR,,52%,10.0,11.1,7.2,15.0,70%,5,41%,12,18,32%
BG-STP-CDY(YT)-42-CLR/BLK,,52%,10.0,11.1,7.2,15.0,70%,5,41%,12,18,32%
BG-STP-CDY(YT)-46-CLR,,52%,10.0,11.1,7.2,15.0,70%,5,41%,12,18,32%
BG-STP-CDY(YT)-46-CLR/BLK,,52%,10.0,11.1,7.2,15.0,70%,5,41%,12,18,32%
BG-STP-GAW86-38-BLK,,57%,14.0,16.4,9.9,23.0,70%,7,41%,17,28,39%
BG-STP-GAW86-38-GRN,,57%,14.0,16.4,9.9,23.0,70%,7,41%,17,28,39%
BG-STP-GAW86-38-ORG,,57%,14.0,16.4,9.9,23.0,70%,7,41%,17,28,39%
BG-STP-GAW86-38-BLU,,57%,14.0,16.4,9.9,23.0,70%,7,41%,17,28,39%
BG-STP-GAW86-42-BLK,,57%,14.0,16.4,9.9,23.0,70%,7,41%,17,28,39%
BG-STP-GAW86-42-GRN,,57%,14.0,16.4,9.9,23.0,70%,7,41%,17,28,39%
BG-STP-GAW86-42-ORG,,57%,14.0,16.4,9.9,23.0,70%,7,41%,17,28,39%
BG-STP-GAW86-42-BLU,,57%,14.0,16.4,9.9,23.0,70%,7,41%,17,28,39%
BG-STP-CAW1440-38-BLK,,60%,4.5,6.3,3.6,9.0,70%,3,41%,6,11,43%
BG-STP-CAW1440-38-WHT,,60%,4.5,6.3,3.6,9.0,70%,3,41%,6,11,43%
BG-STP-CAW1440-38-PNK,,60%,4.5,6.3,3.6,9.0,70%,3,41%,6,11,43%
BG-STP-CAW1440-38-BLU,,60%,4.5,6.3,3.6,9.0,70%,3,41%,6,11,43%
BG-STP-CAW1440-38-GRY,,60%,4.5,6.3,3.6,9.0,70%,3,41%,6,11,43%
BG-STP-CAW1440-38-RED,,60%,4.5,6.3,3.6,9.0,70%,3,41%,6,11,43%
BG-STP-CAW1440-38-GRN,,60%,4.5,6.3,3.6,9.0,70%,3,41%,6,11,43%
BG-STP-CAW1440-38-YLW,,60%,4.5,6.3,3.6,9.0,70%,3,41%,6,11,43%
BG-STP-CAW1440-38-ORG,,60%,4.5,6.3,3.6,9.0,70%,3,41%,6,11,43%
BG-STP-CAW1440-42-BLK,,60%,4.5,6.3,3.6,9.0,70%,3,41%,6,11,43%
BG-STP-CAW1440-42-WHT,,60%,4.5,6.3,3.6,9.0,70%,3,41%,6,11,43%
BG-STP-CAW1440-42-PNK,,60%,4.5,6.3,3.6,9.0,70%,3,41%,6,11,43%
BG-STP-CAW1440-42-BLU,,60%,4.5,6.3,3.6,9.0,70%,3,41%,6,11,43%
BG-STP-CAW1440-42-GRY,,60%,4.5,6.3,3.6,9.0,70%,3,41%,6,11,43%
BG-STP-CAW1440-42-RED,,60%,4.5,6.3,3.6,9.0,70%,3,41%,6,11,43%
BG-STP-CAW1440-42-GRN,,60%,4.5,6.3,3.6,9.0,70%,3,41%,6,11,43%
BG-STP-CAW1440-42-YLW,,60%,4.5,6.3,3.6,9.0,70%,3,41%,6,11,43%
BG-STP-CAW1440-42-ORG,,60%,4.5,6.3,3.6,9.0,70%,3,41%,6,11,43%
BG-WAC-2IN1-S/47mm-CLR,,58%,15.0,17.8,10.5,25.0,70%,7,41%,18,30,40%
BG-WAC-2IN1-S/47mm-BLK,,58%,15.0,17.8,10.5,25.0,70%,7,41%,18,30,40%
BG-WAC-ALLOY-S/47mm-TTN/ORG,,69%,27.0,39.2,18.4,60.0,70%,13,41%,31,72,57%
BG-WAC-ALLOY-S/47mm-BLK/WHT,,69%,27.0,39.2,18.4,60.0,70%,13,41%,31,72,57%
BG-WAC-ALLOY-S/47mm-BLK/ORG,,69%,27.0,39.2,18.4,60.0,70%,13,41%,31,72,57%
BG-WAC-ALLOY-S/47mm-GRY/ORG,,69%,27.0,39.2,18.4,60.0,70%,13,41%,31,72,57%
BG-WAC-ALLOY-S/47mm-SLV/WHT,,69%,27.0,39.2,18.4,60.0,70%,13,41%,31,72,57%
BG-STP-AW186-38-WHT,,60%,4.5,6.3,3.6,9.0,70%,3,41%,6,11,43%
BG-STP-AW186-38-BLK,,60%,4.5,6.3,3.6,9.0,70%,3,41%,6,11,43%
BG-STP-AW186-38-PNK,,60%,4.5,6.3,3.6,9.0,70%,3,41%,6,11,43%
BG-STP-AW186-38-GRY,,60%,4.5,6.3,3.6,9.0,70%,3,41%,6,11,43%
BG-STP-AW186-38-BLU,,60%,4.5,6.3,3.6,9.0,70%,3,41%,6,11,43%
BG-STP-AW186-38-STA,,60%,4.5,6.3,3.6,9.0,70%,3,41%,6,11,43%
BG-STP-AW186-42-WHT,,60%,4.5,6.3,3.6,9.0,70%,3,41%,6,11,43%
BG-STP-AW186-42-BLK,,60%,4.5,6.3,3.6,9.0,70%,3,41%,6,11,43%
BG-STP-AW186-42-PNK,,60%,4.5,6.3,3.6,9.0,70%,3,41%,6,11,43%
BG-STP-AW186-42-GRY,,60%,4.5,6.3,3.6,9.0,70%,3,41%,6,11,43%
BG-STP-AW186-42-BLU,,60%,4.5,6.3,3.6,9.0,70%,3,41%,6,11,43%
BG-STP-AW186-42-STA,,60%,4.5,6.3,3.6,9.0,70%,3,41%,6,11,43%
LEEU-LANY-PK-ADJ-BLK,,61%,23.0,27.9,15.8,40.0,50%,8,33%,24,48,51%
LEEU-LANY-PK-ADJ-KHA,,61%,23.0,27.9,15.8,40.0,40%,6,29%,22,48,54%
LEEU-LANY-PK-ADJ-GRY,,61%,23.0,27.9,15.8,40.0,50%,8,33%,24,48,51%
LEEU-LANY-PK-ADJ-LPRP,,61%,23.0,27.9,15.8,40.0,50%,8,33%,24,48,51%
LEEU-LANY-PK-ADJ-BEI,,61%,23.0,27.9,15.8,40.0,50%,8,33%,24,48,51%
LEEU-LANY-PK-CROS-BLK,,61%,20.0,24.4,13.8,35.0,50%,7,33%,21,42,51%
LEEU-LANY-PK-CROS-KHA,,61%,20.0,24.4,13.8,35.0,50%,7,33%,21,42,51%
LEEU-LANY-PK-CROS-GRY,,61%,20.0,24.4,13.8,35.0,50%,7,33%,21,42,51%
LEEU-LANY-PK-CROS-LPRP,,61%,20.0,24.4,13.8,35.0,50%,7,33%,21,42,51%
LEEU-LANY-PK-CROS-BEI,,61%,20.0,24.4,13.8,35.0,50%,7,33%,21,42,51%
LEEU-LANY-PK-HAND-BLK,,60%,16.0,19.6,11.2,28.0,50%,6,33%,17,34,50%
LEEU-LANY-PK-HAND-KHA,,60%,16.0,19.6,11.2,28.0,50%,6,33%,17,34,50%
LEEU-LANY-PK-HAND-GRY,,60%,16.0,19.6,11.2,28.0,50%,6,33%,17,34,50%
LEEU-LANY-PK-HAND-LPRP,,60%,16.0,19.6,11.2,28.0,50%,6,33%,17,34,50%
LEEU-LANY-PK-HAND-BEI,,60%,16.0,19.6,11.2,28.0,50%,6,33%,17,34,50%
LEEU-LANY-FUR-ADJ-TUR,,61%,32.0,40.0,21.7,55.0,50%,11,33%,33,66,51%
LEEU-LANY-FUR-ADJ-PNK,,61%,32.0,40.0,21.7,55.0,50%,11,33%,33,66,51%
LEEU-LANY-FUR-ADJ-MAI,,61%,32.0,40.0,21.7,55.0,50%,11,33%,33,66,51%
LEEU-LANY-FUR-CROS-TUR,,61%,29.0,34.9,19.7,50.0,50%,10,33%,30,60,51%
LEEU-LANY-FUR-CROS-PNK,,61%,29.0,34.9,19.7,50.0,50%,10,33%,30,60,51%
LEEU-LANY-FUR-CROS-MAI,,61%,29.0,34.9,19.7,50.0,50%,10,33%,30,60,51%
LEEU-LANY-FUR-HAND-TUR,,59%,27.0,31.7,18.4,45.0,50%,9,33%,28,54,49%
LEEU-LANY-FUR-HAND-PNK,,59%,27.0,31.7,18.4,45.0,50%,9,33%,28,54,49%
LEEU-LANY-FUR-HAND-MAI,,59%,27.0,31.7,18.4,45.0,50%,9,33%,28,54,49%
LEEU-LANY-CLIMB-ADJ-BLK,,50%,18.0,18.8,12.5,25.0,50%,6,33%,19,30,38%
LEEU-LANY-CLIMB-ADJ-ORG,,50%,18.0,18.8,12.5,25.0,50%,6,33%,19,30,38%
LEEU-LANY-CLIMB-ADJ-BLU,,50%,18.0,18.8,12.5,25.0,50%,6,33%,19,30,38%
LEEU-LANY-CLIMB-ADJ-TFN,,50%,18.0,18.8,12.5,25.0,50%,6,33%,19,30,38%
LEEU-LANY-CLIMB-ADJ-RED,,50%,18.0,18.8,12.5,25.0,50%,6,33%,19,30,38%
LEEU-LANY-CLIMB-ADJ-KHA,,50%,18.0,18.8,12.5,25.0,50%,6,33%,19,30,38%
LEEU-LANY-CLIMB-ADJ-GRY,,50%,18.0,18.8,12.5,25.0,50%,6,33%,19,30,38%
LEEU-LANY-CLIMB-ADJ-INKG,,50%,18.0,18.8,12.5,25.0,50%,6,33%,19,30,38%
LEEU-LANY-CLIMB-ADJ-AGRN,,50%,18.0,18.8,12.5,25.0,50%,6,33%,19,30,38%
LEEU-LANY-CLIMB-ADJ-LGRN,,50%,18.0,18.8,12.5,25.0,50%,6,33%,19,30,38%
LEEU-LANY-CLIMB-ADJ-LPRP,,50%,18.0,18.8,12.5,25.0,50%,6,33%,19,30,38%
LEEU-LANY-CLIMB-ADJ-BEI,,50%,18.0,18.8,12.5,25.0,50%,6,33%,19,30,38%
LEEU-LANY-CLIMB-ADJ-COF,,50%,18.0,18.8,12.5,25.0,50%,6,33%,19,30,38%
LEEU-LANY-CLIMB-CROS-BLK,,52%,15.0,16.3,10.5,22.0,50%,5,33%,16,26,40%
LEEU-LANY-CLIMB-CROS-ORG,,52%,15.0,16.3,10.5,22.0,50%,5,33%,16,26,40%
LEEU-LANY-CLIMB-CROS-BLU,,52%,15.0,16.3,10.5,22.0,50%,5,33%,16,26,40%
LEEU-LANY-CLIMB-CROS-TFN,,52%,15.0,16.3,10.5,22.0,50%,5,33%,16,26,40%
LEEU-LANY-CLIMB-CROS-RED,,52%,15.0,16.3,10.5,22.0,50%,5,33%,16,26,40%
LEEU-LANY-CLIMB-CROS-KHA,,52%,15.0,16.3,10.5,22.0,50%,5,33%,16,26,40%
LEEU-LANY-CLIMB-CROS-GRY,,52%,15.0,16.3,10.5,22.0,50%,5,33%,16,26,40%
LEEU-LANY-CLIMB-CROS-INKG,,52%,15.0,16.3,10.5,22.0,50%,5,33%,16,26,40%
LEEU-LANY-CLIMB-CROS-AGRN,,52%,15.0,16.3,10.5,22.0,50%,5,33%,16,26,40%
LEEU-LANY-CLIMB-CROS-LGRN,,52%,15.0,16.3,10.5,22.0,50%,5,33%,16,26,40%
LEEU-LANY-CLIMB-CROS-LPRP,,52%,15.0,16.3,10.5,22.0,50%,5,33%,16,26,40%
LEEU-LANY-CLIMB-CROS-BEI,,52%,15.0,16.3,10.5,22.0,50%,5,33%,16,26,40%
LEEU-LANY-CLIMB-CROS-COF,,52%,15.0,16.3,10.5,22.0,50%,5,33%,16,26,40%
LEEU-LANY-CLIMB-HAND-BLK,,49%,13.0,13.6,9.2,18.0,50%,5,33%,14,22,36%
LEEU-LANY-CLIMB-HAND-ORG,,49%,13.0,13.6,9.2,18.0,50%,5,33%,14,22,36%
LEEU-LANY-CLIMB-HAND-BLU,,49%,13.0,13.6,9.2,18.0,50%,5,33%,14,22,36%
LEEU-LANY-CLIMB-HAND-TFN,,49%,13.0,13.6,9.2,18.0,50%,5,33%,14,22,36%
LEEU-LANY-CLIMB-HAND-RED,,49%,13.0,13.6,9.2,18.0,50%,5,33%,14,22,36%
LEEU-LANY-CLIMB-HAND-KHA,,49%,13.0,13.6,9.2,18.0,50%,5,33%,14,22,36%
LEEU-LANY-CLIMB-HAND-GRY,,49%,13.0,13.6,9.2,18.0,50%,5,33%,14,22,36%
LEEU-LANY-CLIMB-HAND-INKG,,49%,13.0,13.6,9.2,18.0,50%,5,33%,14,22,36%
LEEU-LANY-CLIMB-HAND-AGRN,,49%,13.0,13.6,9.2,18.0,50%,5,33%,14,22,36%
LEEU-LANY-CLIMB-HAND-LGRN,,49%,13.0,13.6,9.2,18.0,50%,5,33%,14,22,36%
LEEU-LANY-CLIMB-HAND-LPRP,,49%,13.0,13.6,9.2,18.0,50%,5,33%,14,22,36%
LEEU-LANY-CLIMB-HAND-BEI,,49%,13.0,13.6,9.2,18.0,50%,5,33%,14,22,36%
LEEU-LANY-CLIMB-HAND-COF,,49%,13.0,13.6,9.2,18.0,50%,5,33%,14,22,36%
LEEU-LANY-CLIMB-NECK-BLK,,51%,14.0,14.9,9.9,20.0,50%,5,33%,15,24,38%
LEEU-LANY-CLIMB-NECK-ORG,,51%,14.0,14.9,9.9,20.0,50%,5,33%,15,24,38%
LEEU-LANY-CLIMB-NECK-BLU,,51%,14.0,14.9,9.9,20.0,50%,5,33%,15,24,38%
LEEU-LANY-CLIMB-NECK-TFN,,51%,14.0,14.9,9.9,20.0,50%,5,33%,15,24,38%
LEEU-LANY-CLIMB-NECK-RED,,51%,14.0,14.9,9.9,20.0,50%,5,33%,15,24,38%
LEEU-LANY-CLIMB-NECK-KHA,,51%,14.0,14.9,9.9,20.0,50%,5,33%,15,24,38%
LEEU-LANY-CLIMB-NECK-GRY,,51%,14.0,14.9,9.9,20.0,50%,5,33%,15,24,38%
LEEU-LANY-CLIMB-NECK-INKG,,51%,14.0,14.9,9.9,20.0,50%,5,33%,15,24,38%
LEEU-LANY-CLIMB-NECK-AGRN,,51%,14.0,14.9,9.9,20.0,50%,5,33%,15,24,38%
LEEU-LANY-CLIMB-NECK-LGRN,,51%,14.0,14.9,9.9,20.0,50%,5,33%,15,24,38%
LEEU-LANY-CLIMB-NECK-LPRP,,51%,14.0,14.9,9.9,20.0,50%,5,33%,15,24,38%
LEEU-LANY-CLIMB-NECK-BEI,,51%,14.0,14.9,9.9,20.0,50%,5,33%,15,24,38%
LEEU-LANY-CLIMB-NECK-COF,,51%,14.0,14.9,9.9,20.0,50%,5,33%,15,24,38%
LEEU-MAC-STL-Clip-GLD,,56%,4.5,5.4,3.3,7.5,50%,2,33%,5,9,45%
LEEU-MAC-STL-Clip-SLV,,56%,4.5,5.4,3.3,7.5,50%,2,33%,5,9,45%
LEEU-MAC-STL-Clip-BLK,,56%,4.5,5.4,3.3,7.5,50%,2,33%,5,9,45%
LEEU-MAC-STL-DClip/REC-GLD,,61%,4.0,5.2,3.0,7.5,50%,1,33%,4,9,51%
LEEU-MAC-STL-DClip/REC-SLV,,61%,4.0,5.2,3.0,7.5,50%,1,33%,4,9,51%
LEEU-MAC-STL-DClip/REC-BLK,,61%,4.0,5.2,3.0,7.5,50%,1,33%,4,9,51%
LEEU-MAC-STL-DClip/TRI-GLD,,61%,4.0,5.2,3.0,7.5,50%,1,33%,4,9,51%
LEEU-MAC-STL-DClip/TRI-SLV,,61%,4.0,5.2,3.0,7.5,50%,1,33%,4,9,51%
LEEU-MAC-STL-DClip/TRI-BLK,,61%,4.0,5.2,3.0,7.5,50%,1,33%,4,9,51%
LEEU-MAC-STL-mini-GLD,,71%,6.0,9.6,4.3,15.0,50%,2,33%,6,18,64%
LEEU-MAC-STL-mini-SLV,,71%,6.0,9.6,4.3,15.0,50%,2,33%,6,18,64%
LEEU-MAC-STL-mini-BLK,,71%,6.0,9.6,4.3,15.0,50%,2,33%,6,18,64%
LEEU-MAC-STL-360Clip/REC-GLD,,60%,6.5,8.1,4.6,11.5,50%,2,33%,7,14,50%
LEEU-MAC-STL-360Clip/REC-SLV,,60%,6.5,8.1,4.6,11.5,50%,2,33%,7,14,50%
LEEU-MAC-STL-360Clip/REC-BLK,,60%,6.5,8.1,4.6,11.5,50%,2,33%,7,14,50%
LEEU-MAC-STL-360Clip/TRI-GLD,,60%,6.5,8.1,4.6,11.5,50%,2,33%,7,14,50%
LEEU-MAC-STL-360Clip/TRI-SLV,,60%,6.5,8.1,4.6,11.5,50%,2,33%,7,14,50%
LEEU-MAC-STL-360Clip/TRI-BLK,,60%,6.5,8.1,4.6,11.5,50%,2,33%,7,14,50%
PSG-IC-PU-TabS9-BLK,,60%,18.0,23.1,13.2,33.0,50%,7,33%,20,40,50%
PSG-IC-PU-TabS9-PNK,,60%,18.0,23.1,13.2,33.0,50%,7,33%,20,40,50%
PSG-IC-PU-TabS9-LAV,,60%,18.0,23.1,13.2,33.0,50%,7,33%,20,40,50%
PSG-IC-PU-TabS9Plus-BLK,,61%,22.0,27.9,15.8,40.0,50%,8,33%,24,48,51%
PSG-IC-PU-TabS9Plus-PNK,,61%,22.0,27.9,15.8,40.0,50%,8,33%,24,48,51%
PSG-IC-PU-TabS9Plus-LAV,,61%,22.0,27.9,15.8,40.0,50%,8,33%,24,48,51%
PSG-IC-PU-TabS9Plus-MNG,,61%,22.0,27.9,15.8,40.0,50%,8,33%,24,48,51%
PSG-IC-PU-TabS9Ultra-BLK,,59%,26.0,31.7,18.4,45.0,50%,9,33%,28,54,49%
PSG-IC-PU-TabS9Ultra-PNK,,59%,26.0,31.7,18.4,45.0,50%,9,33%,28,54,49%
PSG-IC-PU-TabS9Ultra-LAV,,59%,26.0,31.7,18.4,45.0,50%,9,33%,28,54,49%
PSG-IC-PU-S/A9-BLK,,60%,15.0,19.6,11.2,28.0,50%,6,33%,17,34,50%
PSG-IC-PU-S/A9-PNK,,60%,15.0,19.6,11.2,28.0,50%,6,33%,17,34,50%
PSG-IC-PU-S/A9-LAV,,60%,15.0,19.6,11.2,28.0,50%,6,33%,17,34,50%
PSG-IC-PU-S/A9Plus-BLK,,60%,18.0,23.1,13.2,33.0,50%,7,33%,20,40,50%
PSG-IC-PU-S/A9Plus-PNK,,60%,18.0,23.1,13.2,33.0,50%,7,33%,20,40,50%
PSG-IC-PU-S/A9Plus-LAV,,60%,18.0,23.1,13.2,33.0,50%,7,33%,20,40,50%
PSG-IC-PU-TabS6Lite-BLK,,60%,18.0,23.1,13.2,33.0,50%,7,33%,20,40,50%
PSG-IC-PU-TabS6Lite-PNK,,60%,18.0,23.1,13.2,33.0,50%,7,33%,20,40,50%
PSG-IC-PU-TabS6Lite-LAV,,60%,18.0,23.1,13.2,33.0,50%,7,33%,20,40,50%
PSG-IC-PU-TabS7/S8-BLK,,60%,18.0,23.1,13.2,33.0,50%,7,33%,20,40,50%
PSG-IC-PU-TabS7/S8-PNK,,60%,18.0,23.1,13.2,33.0,50%,7,33%,20,40,50%
PSG-IC-PU-TabS7/S8-LAV,,60%,18.0,23.1,13.2,33.0,50%,7,33%,20,40,50%
PSG-IC-PU-TabS7FE-BLK,,61%,22.0,27.9,15.8,40.0,50%,8,33%,24,48,51%
PSG-IC-PU-TabS7FE-PNK,,61%,22.0,27.9,15.8,40.0,50%,8,33%,24,48,51%
PSG-IC-MAG4-Mini6-BLK,,67%,33.0,48.9,23.0,70.0,50%,12,33%,35,84,59%
PSG-IC-MAG4-Mini6-LAV,,67%,33.0,48.9,23.0,70.0,50%,12,33%,35,84,59%
PSG-IC-MAG4-iPad10(10.9)-BLK,,67%,43.0,62.8,29.6,90.0,50%,15,33%,44,108,59%
PSG-IC-MAG4-iPad10(10.9)-LAV,,67%,43.0,62.8,29.6,90.0,50%,15,33%,44,108,59%
PSG-IC-MAG4-iPad10(10.9)-BLU,,67%,43.0,62.8,29.6,90.0,50%,15,33%,44,108,59%
PSG-IC-MAG4-iPad10(10.9)-PNK,,67%,43.0,62.8,29.6,90.0,50%,15,33%,44,108,59%
PSG-IC-MAG4-Air11(2024)-BLK,,67%,43.0,62.8,29.6,90.0,50%,15,33%,44,108,59%
PSG-IC-MAG4-Air11(2024)-LAV,,67%,43.0,62.8,29.6,90.0,50%,15,33%,44,108,59%
PSG-IC-MAG4-Air11(2024)-BLU,,67%,43.0,62.8,29.6,90.0,50%,15,33%,44,108,59%
PSG-IC-MAG4-Air11(2024)-PNK,,67%,43.0,62.8,29.6,90.0,50%,15,33%,44,108,59%
PSG-IC-MAG4-Pro11(20)-BLK,,67%,43.0,62.8,29.6,90.0,50%,15,33%,44,108,59%
PSG-IC-MAG4-Pro11(20)-LAV,,67%,43.0,62.8,29.6,90.0,50%,15,33%,44,108,59%
PSG-IC-MAG4-Pro11(20)-BLU,,67%,43.0,62.8,29.6,90.0,50%,15,33%,44,108,59%
PSG-IC-MAG4-Pro11(20)-PNK,,67%,43.0,62.8,29.6,90.0,50%,15,33%,44,108,59%
PSG-IC-MAG4-Pro11(2024)-BLK,,67%,43.0,62.8,29.6,90.0,50%,15,33%,44,108,59%
PSG-IC-MAG4-Pro11(2024)-LAV,,67%,43.0,62.8,29.6,90.0,50%,15,33%,44,108,59%
PSG-IC-MAG4-Pro11(2024)-BLU,,67%,43.0,62.8,29.6,90.0,50%,15,33%,44,108,59%
PSG-IC-MAG4-Pro11(2024)-PNK,,67%,43.0,62.8,29.6,90.0,50%,15,33%,44,108,59%
PSG-IC-MAG4-Air13(2024)-BLK,,66%,52.0,73.7,35.5,105.0,50%,18,33%,53,126,58%
PSG-IC-MAG4-Air13(2024)-LAV,,66%,52.0,73.7,35.5,105.0,50%,18,33%,53,126,58%
PSG-IC-MAG4-Air13(2024)-BLU,,66%,52.0,73.7,35.5,105.0,50%,18,33%,53,126,58%
PSG-IC-MAG4-Air13(2024)-PNK,,66%,52.0,73.7,35.5,105.0,50%,18,33%,53,126,58%
PSG-IC-MAG4-Pro13(2024)-BLK,,66%,52.0,73.7,35.5,105.0,50%,18,33%,53,126,58%
PSG-IC-MAG4-Pro13(2024)-LAV,,66%,52.0,73.7,35.5,105.0,50%,18,33%,53,126,58%
PSG-IC-MAG4-Pro13(2024)-BLU,,66%,52.0,73.7,35.5,105.0,50%,18,33%,53,126,58%
PSG-IC-MAG4-Pro13(2024)-PNK,,66%,52.0,73.7,35.5,105.0,50%,18,33%,53,126,58%
PSG-IC-AUR2-Mini6-BLK,,74%,26.0,44.2,18.4,70.0,50%,9,33%,28,84,67%
PSG-IC-AUR2-Mini6-PNK,,74%,26.0,44.2,18.4,70.0,50%,9,33%,28,84,67%
PSG-IC-AUR2-Mini6-LAV,,74%,26.0,44.2,18.4,70.0,50%,9,33%,28,84,67%
PSG-IC-AUR2-iPad10.2-BLK,,70%,35.0,55.0,24.3,80.0,50%,12,33%,37,96,62%
PSG-IC-AUR2-iPad10.2-PNK,,70%,35.0,55.0,24.3,80.0,50%,12,33%,37,96,62%
PSG-IC-AUR2-iPad10.2-LAV,,70%,35.0,55.0,24.3,80.0,50%,12,33%,37,96,62%
PSG-IC-AUR2-iPad10(10.9)-BLK,,70%,35.0,55.0,24.3,80.0,50%,12,33%,37,96,62%
PSG-IC-AUR2-iPad10(10.9)-PNK,,70%,35.0,55.0,24.3,80.0,50%,12,33%,37,96,62%
PSG-IC-AUR2-iPad10(10.9)-LAV,,70%,35.0,55.0,24.3,80.0,50%,12,33%,37,96,62%
PSG-IC-AUR2-Air11(2024)-BLK,,70%,35.0,55.0,24.3,80.0,50%,12,33%,37,96,62%
PSG-IC-AUR2-Air11(2024)-PNK,,70%,35.0,55.0,24.3,80.0,50%,12,33%,37,96,62%
PSG-IC-AUR2-Air11(2024)-LAV,,70%,35.0,55.0,24.3,80.0,50%,12,33%,37,96,62%
PSG-IC-AUR2-Pro11(20)-BLK,,70%,35.0,55.0,24.3,80.0,50%,12,33%,37,96,62%
PSG-IC-AUR2-Pro11(20)-PNK,,70%,35.0,55.0,24.3,80.0,50%,12,33%,37,96,62%
PSG-IC-AUR2-Pro11(20)-LAV,,70%,35.0,55.0,24.3,80.0,50%,12,33%,37,96,62%
PSG-IC-AUR2-Pro11(2024)-BLK,,70%,35.0,55.0,24.3,80.0,50%,12,33%,37,96,62%
PSG-IC-AUR2-Pro11(2024)-PNK,,70%,35.0,55.0,24.3,80.0,50%,12,33%,37,96,62%
PSG-IC-AUR2-Pro11(2024)-LAV,,70%,35.0,55.0,24.3,80.0,50%,12,33%,37,96,62%
PSG-IC-AUR2-Air13(2024)-BLK,,69%,40.0,61.9,27.6,90.0,50%,14,33%,41,108,62%
PSG-IC-AUR2-Air13(2024)-PNK,,69%,40.0,61.9,27.6,90.0,50%,14,33%,41,108,62%
PSG-IC-AUR2-Air13(2024)-LAV,,69%,40.0,61.9,27.6,90.0,50%,14,33%,41,108,62%
PSG-IC-AUR2-Pro13(2024)-BLK,,69%,40.0,61.9,27.6,90.0,50%,14,33%,41,108,62%
PSG-IC-AUR2-Pro13(2024)-PNK,,69%,40.0,61.9,27.6,90.0,50%,14,33%,41,108,62%
PSG-IC-AUR2-Pro13(2024)-LAV,,69%,40.0,61.9,27.6,90.0,50%,14,33%,41,108,62%
PSG-IC-G2-iPad10.2-BLK,,62%,24.0,31.1,17.1,45.0,50%,9,33%,26,54,52%
PSG-IC-G2-iPad10.2-LAV,,62%,24.0,31.1,17.1,45.0,50%,9,33%,26,54,52%
PSG-IC-G2-iPad10.2-PNK,,62%,24.0,31.1,17.1,45.0,50%,9,33%,26,54,52%
PSG-IC-G2-iPad10(10.9)-BLK,,62%,24.0,31.1,17.1,45.0,50%,9,33%,26,54,52%
PSG-IC-G2-iPad10(10.9)-LAV,,62%,24.0,31.1,17.1,45.0,50%,9,33%,26,54,52%
PSG-IC-G2-iPad10(10.9)-PNK,,62%,24.0,31.1,17.1,45.0,50%,9,33%,26,54,52%
PSG-IC-G2-Air11(2024)-BLK,,62%,24.0,31.1,17.1,45.0,50%,9,33%,26,54,52%
PSG-IC-G2-Air11(2024)-LAV,,62%,24.0,31.1,17.1,45.0,50%,9,33%,26,54,52%
PSG-IC-G2-Air11(2024)-PNK,,62%,24.0,31.1,17.1,45.0,50%,9,33%,26,54,52%
PSG-IC-G2-Pro11(20)-BLK,,62%,24.0,31.1,17.1,45.0,50%,9,33%,26,54,52%
PSG-IC-G2-Pro11(20)-LAV,,62%,24.0,31.1,17.1,45.0,50%,9,33%,26,54,52%
PSG-IC-G2-Pro11(20)-PNK,,62%,24.0,31.1,17.1,45.0,50%,9,33%,26,54,52%
PSG-IC-G2-Pro11(2024)-BLK,,62%,24.0,31.1,17.1,45.0,50%,9,33%,26,54,52%
PSG-IC-G2-Pro11(2024)-LAV,,62%,24.0,31.1,17.1,45.0,50%,9,33%,26,54,52%
PSG-IC-G2-Pro11(2024)-PNK,,62%,24.0,31.1,17.1,45.0,50%,9,33%,26,54,52%
PSG-IC-G2-Air13(2024)-BLK,,62%,30.0,39.7,21.1,55.0,50%,11,33%,32,66,52%
PSG-IC-G2-Air13(2024)-LAV,,62%,30.0,39.7,21.1,55.0,50%,11,33%,32,66,52%
PSG-IC-G2-Air13(2024)-PNK,,62%,30.0,39.7,21.1,55.0,50%,11,33%,32,66,52%
PSG-IC-G2-Pro13(2024)-BLK,,62%,30.0,39.7,21.1,55.0,50%,11,33%,32,66,52%
PSG-IC-G2-Pro13(2024)-LAV,,62%,30.0,39.7,21.1,55.0,50%,11,33%,32,66,52%
PSG-IC-G2-Pro13(2024)-PNK,,62%,30.0,39.7,21.1,55.0,50%,11,33%,32,66,52%
PSG-IC-G1-TabS7/S8-BLK,,61%,23.0,29.2,16.4,42.0,50%,8,33%,25,50,51%
PSG-IC-G1-TabS7/S8-LAV,,61%,23.0,29.2,16.4,42.0,50%,8,33%,25,50,51%
PSG-IC-G1-TabS7/S8-PNK,,61%,23.0,29.2,16.4,42.0,50%,8,33%,25,50,51%
PSG-IC-G1-TabS7FE-BLK,,62%,29.0,38.3,20.4,53.0,50%,10,33%,31,64,52%
PSG-IC-G1-TabS7FE-LAV,,62%,29.0,38.3,20.4,53.0,50%,10,33%,31,64,52%
PSG-IC-G1-TabS7FE-PNK,,62%,29.0,38.3,20.4,53.0,50%,10,33%,31,64,52%
PSG-IC-G1-TabS9-BLK,,61%,23.0,29.2,16.4,42.0,50%,8,33%,25,50,51%
PSG-IC-G1-TabS9-LAV,,61%,23.0,29.2,16.4,42.0,50%,8,33%,25,50,51%
PSG-IC-G1-TabS9-PNK,,61%,23.0,29.2,16.4,42.0,50%,8,33%,25,50,51%
PSG-IC-G1-TabS9Plus-BLK,,62%,29.0,38.3,20.4,53.0,50%,10,33%,31,64,52%
PSG-IC-G1-TabS9Plus-LAV,,62%,29.0,38.3,20.4,53.0,50%,10,33%,31,64,52%
PSG-IC-G1-TabS9Plus-PNK,,62%,29.0,38.3,20.4,53.0,50%,10,33%,31,64,52%
PSG-IC-G1-TabS9Ultra-BLK,,61%,32.0,42.0,22.4,58.0,50%,11,33%,34,70,52%
PSG-IC-G1-TabS9Ultra-LAV,,61%,32.0,42.0,22.4,58.0,50%,11,33%,34,70,52%
PSG-IC-G1-TabS9Ultra-PNK,,61%,32.0,42.0,22.4,58.0,50%,11,33%,34,70,52%
PSG-IC-LAC-Bag/14inch-BLK,,61%,27.5,34.7,19.4,50.0,50%,10,33%,29,60,51%
PSG-IC-LAC-Bag/14inch-BRW,,61%,27.5,34.7,19.4,50.0,50%,10,33%,29,60,51%
PSG-IC-LAC-Bag/14inch-BLU,,61%,27.5,34.7,19.4,50.0,50%,10,33%,29,60,51%
PSG-IC-LAC-Bag/16inch-BLK,,61%,29.5,38.5,20.7,53.0,50%,10,33%,31,64,51%
PSG-IC-LAC-Bag/16inch-BRW,,61%,29.5,38.5,20.7,53.0,50%,10,33%,31,64,51%
PSG-IC-LAC-Bag/16inch-BLU,,61%,29.5,38.5,20.7,53.0,50%,10,33%,31,64,51%
LUS-PC-SIL(STAND)-i16ProMax-WHT,,61%,20.0,24.4,13.8,35.0,40%,6,29%,19,42,54%
LUS-PC-SIL(STAND)-i16ProMax-PNK,,61%,20.0,24.4,13.8,35.0,40%,6,29%,19,42,54%
LUS-PC-SIL(STAND)-i16ProMax-BLK,,61%,20.0,24.4,13.8,35.0,40%,6,29%,19,42,54%
LUS-PC-SIL(STAND)-i16Pro-WHT,,61%,20.0,24.4,13.8,35.0,40%,6,29%,19,42,54%
LUS-PC-SIL(STAND)-i16Pro-PNK,,61%,20.0,24.4,13.8,35.0,40%,6,29%,19,42,54%
LUS-PC-SIL(STAND)-i16Pro-BLK,,61%,20.0,24.4,13.8,35.0,40%,6,29%,19,42,54%
LUS-PC-SIL(STAND)-i16Plus-WHT,,61%,20.0,24.4,13.8,35.0,40%,6,29%,19,42,54%
LUS-PC-SIL(STAND)-i16Plus-PNK,,61%,20.0,24.4,13.8,35.0,40%,6,29%,19,42,54%
LUS-PC-SIL(STAND)-i16Plus-BLK,,61%,20.0,24.4,13.8,35.0,40%,6,29%,19,42,54%
LUS-PC-SIL(STAND)-i16-WHT,,61%,20.0,24.4,13.8,35.0,40%,6,29%,19,42,54%
LUS-PC-SIL(STAND)-i16-PNK,,61%,20.0,24.4,13.8,35.0,40%,6,29%,19,42,54%
LUS-PC-SIL(STAND)-i16-BLK,,61%,20.0,24.4,13.8,35.0,40%,6,29%,19,42,54%
LUS-PC-SIL(STAND)-i15ProMax-WHT,,61%,20.0,24.4,13.8,35.0,40%,6,29%,19,42,54%
LUS-PC-SIL(STAND)-i15ProMax-PNK,,61%,20.0,24.4,13.8,35.0,40%,6,29%,19,42,54%
LUS-PC-SIL(STAND)-i15ProMax-BLK,,61%,20.0,24.4,13.8,35.0,40%,6,29%,19,42,54%
LUS-PC-SIL(STAND)-i15Pro-WHT,,61%,20.0,24.4,13.8,35.0,40%,6,29%,19,42,54%
LUS-PC-SIL(STAND)-i15Pro-PNK,,61%,20.0,24.4,13.8,35.0,40%,6,29%,19,42,54%
LUS-PC-SIL(STAND)-i15Pro-BLK,,61%,20.0,24.4,13.8,35.0,40%,6,29%,19,42,54%
LUS-PC-G(STAND)-iP16E-TP,,66%,14.5,21.1,10.2,30.0,40%,4,29%,14,36,60%
LUS-PC-G(STAND)-i16-BLK,,66%,14.5,20.1,10.2,30.0,40%,4,29%,14,36,60%
LUS-PC-G(STAND)-i16-WHT,,66%,14.5,20.1,10.2,30.0,40%,4,29%,14,36,60%
LUS-PC-G(STAND)-i16-PRP,,66%,14.5,20.1,10.2,30.0,40%,4,29%,14,36,60%
LUS-PC-G(STAND)-i16Plus-BLK,,66%,14.5,20.1,10.2,30.0,40%,4,29%,14,36,60%
LUS-PC-G(STAND)-i16Plus-WHT,,66%,14.5,20.1,10.2,30.0,40%,4,29%,14,36,60%
LUS-PC-G(STAND)-i16Plus-PRP,,66%,14.5,20.1,10.2,30.0,40%,4,29%,14,36,60%
LUS-PC-G(STAND)-i16Pro-BLK,,66%,14.5,20.1,10.2,30.0,40%,4,29%,14,36,60%
LUS-PC-G(STAND)-i16Pro-WHT,,66%,14.5,20.1,10.2,30.0,40%,4,29%,14,36,60%
LUS-PC-G(STAND)-i16Pro-BLU,,66%,14.5,20.1,10.2,30.0,40%,4,29%,14,36,60%
LUS-PC-G(STAND)-i16Pro-PRP,,66%,14.5,20.1,10.2,30.0,40%,4,29%,14,36,60%
LUS-PC-G(STAND)-i16ProMax-BLK,,66%,14.5,20.1,10.2,30.0,40%,4,29%,14,36,60%
LUS-PC-G(STAND)-i16ProMax-WHT,,66%,14.5,20.1,10.2,30.0,40%,4,29%,14,36,60%
LUS-PC-G(STAND)-i16ProMax-BLU,,66%,14.5,20.1,10.2,30.0,40%,4,29%,14,36,60%
LUS-PC-G(STAND)-i16ProMax-PRP,,66%,14.5,20.1,10.2,30.0,40%,4,29%,14,36,60%
LUS-PC-G(STAND)-i15Pro-BLK,,66%,14.5,20.1,10.2,30.0,40%,4,29%,14,36,60%
LUS-PC-G(STAND)-i15Pro-WHT,,66%,14.5,20.1,10.2,30.0,40%,4,29%,14,36,60%
LUS-PC-G(STAND)-i15ProMax-BLK,,66%,14.5,20.1,10.2,30.0,40%,4,29%,14,36,60%
LUS-PC-G(STAND)-i15ProMax-WHT,,66%,14.5,20.1,10.2,30.0,40%,4,29%,14,36,60%
LUS-PC-J1-i16-BLK,,63%,18.5,23.9,12.8,35.0,40%,5,29%,18,42,57%
LUS-PC-J1-i16-WHT,,63%,18.5,23.9,12.8,35.0,40%,5,29%,18,42,57%
LUS-PC-J1-i16Plus-BLK,,63%,18.5,23.9,12.8,35.0,40%,5,29%,18,42,57%
LUS-PC-J1-i16Plus-WHT,,63%,18.5,23.9,12.8,35.0,40%,5,29%,18,42,57%
LUS-PC-J1-i16Pro-BLK,,63%,18.5,23.9,12.8,35.0,40%,5,29%,18,42,57%
LUS-PC-J1-i16Pro-WHT,,63%,18.5,23.9,12.8,35.0,40%,5,29%,18,42,57%
LUS-PC-J1-i16Pro-BLU,,63%,18.5,23.9,12.8,35.0,40%,5,29%,18,42,57%
LUS-PC-J1-i16ProMax-BLK,,63%,18.5,23.9,12.8,35.0,40%,5,29%,18,42,57%
LUS-PC-J1-i16ProMax-WHT,,63%,18.5,23.9,12.8,35.0,40%,5,29%,18,42,57%
LUS-PC-J1-i16ProMax-BLU,,63%,18.5,23.9,12.8,35.0,40%,5,29%,18,42,57%
LUS-PC-J1-i15Pro-WHT,,63%,18.5,23.9,12.8,35.0,40%,5,29%,18,42,57%
LUS-PC-J1-i15ProMax-WHT,,63%,18.5,23.9,12.8,35.0,40%,5,29%,18,42,57%
LUS-PC-J1-i14ProMax-WHT,,63%,18.5,23.9,12.8,35.0,40%,5,29%,18,42,57%
LUS-PC-J1-i14Pro-WHT,,63%,18.5,23.9,12.8,35.0,40%,5,29%,18,42,57%
LUS-PC-C2(MS)-i16-BLK,,63%,13.0,17.1,9.2,25.0,40%,4,29%,13,30,57%
LUS-PC-C2(MS)-i16-WHT,,63%,13.0,17.1,9.2,25.0,40%,4,29%,13,30,57%
LUS-PC-C2(MS)-i16-PNK,,63%,13.0,17.1,9.2,25.0,40%,4,29%,13,30,57%
LUS-PC-C2(MS)-i16Plus-BLK,,63%,13.0,17.1,9.2,25.0,40%,4,29%,13,30,57%
LUS-PC-C2(MS)-i16Plus-WHT,,63%,13.0,17.1,9.2,25.0,40%,4,29%,13,30,57%
LUS-PC-C2(MS)-i16Plus-PNK,,63%,13.0,17.1,9.2,25.0,40%,4,29%,13,30,57%
LUS-PC-C2(MS)-i16Pro-BLK,,63%,13.0,17.1,9.2,25.0,40%,4,29%,13,30,57%
LUS-PC-C2(MS)-i16Pro-WHT,,63%,13.0,17.1,9.2,25.0,40%,4,29%,13,30,57%
LUS-PC-C2(MS)-i16Pro-PNK,,63%,13.0,17.1,9.2,25.0,40%,4,29%,13,30,57%
LUS-PC-C2(MS)-i16Pro-PRP,,63%,13.0,17.1,9.2,25.0,40%,4,29%,13,30,57%
LUS-PC-C2(MS)-i16ProMax-BLK,,63%,13.0,17.1,9.2,25.0,40%,4,29%,13,30,57%
LUS-PC-C2(MS)-i16ProMax-WHT,,63%,13.0,17.1,9.2,25.0,40%,4,29%,13,30,57%
LUS-PC-C2(MS)-i16ProMax-PNK,,63%,13.0,17.1,9.2,25.0,40%,4,29%,13,30,57%
LUS-PC-C2(MS)-i16ProMax-PRP,,63%,13.0,17.1,9.2,25.0,40%,4,29%,13,30,57%
LUS-PC-C2(MS)-i15Pro-BLK,,63%,13.0,17.1,9.2,25.0,40%,4,29%,13,30,57%
LUS-PC-C2(MS)-i15Pro-WHT,,63%,13.0,17.1,9.2,25.0,40%,4,29%,13,30,57%
KDZ-PC-CAMB-i16ProMax-BLK,,53%,17.0,18.4,11.8,25.0,40%,5,29%,17,30,45%
KDZ-PC-CAMB-i16Pro-BLK,,53%,17.0,18.4,11.8,25.0,40%,5,29%,17,30,45%
KDZ-PC-CAMB-i16Plus-BLK,,53%,17.0,18.4,11.8,25.0,40%,5,29%,17,30,45%
KDZ-PC-CAMB-i16-BLK,,53%,17.0,18.4,11.8,25.0,40%,5,29%,17,30,45%
KDZ-PC-CAMB-i15ProMax-BLK,,53%,17.0,18.4,11.8,25.0,40%,5,29%,17,30,45%
KDZ-PC-CAMB-i15Pro-BLK,,53%,17.0,18.4,11.8,25.0,40%,5,29%,17,30,45%
KDZ-PC-CAMB-i15Plus-BLK,,53%,17.0,18.4,11.8,25.0,40%,5,29%,17,30,45%
KDZ-PC-CAMB-i15-BLK,,53%,17.0,18.4,11.8,25.0,40%,5,29%,17,30,45%
KDZ-PC-CAMB-i14ProMax-BLK,,53%,17.0,18.4,11.8,25.0,40%,5,29%,17,30,45%
KDZ-PC-CAMB-i14Pro-BLK,,53%,17.0,18.4,11.8,25.0,40%,5,29%,17,30,45%
KDZ-PC-CAMB-i14-BLK,,53%,17.0,18.4,11.8,25.0,40%,5,29%,17,30,45%
KDZ-PC-CAMB-i11-BLK,,53%,17.0,18.4,11.8,25.0,40%,5,29%,17,30,45%
KDZ-PC-CAMB-i13ProMax-BLK,,53%,17.0,18.4,11.8,25.0,40%,5,29%,17,30,45%
KDZ-PC-CAMB-i15Pro-TTN,,53%,17.0,18.4,11.8,25.0,40%,5,29%,17,30,45%
KDZ-PC-CAMB-i15Plus-TTN,,53%,17.0,18.4,11.8,25.0,40%,5,29%,17,30,45%
KDZ-PC-CAMB-i15-TTN,,53%,17.0,18.4,11.8,25.0,40%,5,29%,17,30,45%
KDZ-PC-CAMB-i14Pro-TTN,,53%,17.0,18.4,11.8,25.0,40%,5,29%,17,30,45%
KDZ-PC-CAMB-i14-TTN,,53%,17.0,18.4,11.8,25.0,40%,5,29%,17,30,45%
KDZ-PC-CSTAND-i16ProMax-BLK,,55%,14.0,15.9,9.9,22.0,40%,4,29%,14,26,48%
KDZ-PC-CSTAND-i16ProMax-TTN,,55%,14.0,15.9,9.9,22.0,40%,4,29%,14,26,48%
KDZ-PC-CSTAND-i16Pro-BLK,,55%,14.0,15.9,9.9,22.0,40%,4,29%,14,26,48%
KDZ-PC-CSTAND-i16Pro-TTN,,55%,14.0,15.9,9.9,22.0,40%,4,29%,14,26,48%
KDZ-PC-CSTAND-i16Plus-BLK,,55%,14.0,15.9,9.9,22.0,40%,4,29%,14,26,48%
KDZ-PC-CSTAND-i16Plus-TTN,,55%,14.0,15.9,9.9,22.0,40%,4,29%,14,26,48%
KDZ-PC-CSTAND-i16-BLK,,55%,14.0,15.9,9.9,22.0,40%,4,29%,14,26,48%
KDZ-PC-CSTAND-i16-TTN,,55%,14.0,15.9,9.9,22.0,40%,4,29%,14,26,48%
KDZ-PC-CSTAND-i15ProMax-BLK,,55%,14.0,15.9,9.9,22.0,40%,4,29%,14,26,48%
KDZ-PC-CSTAND-i15ProMax-TTN,,55%,14.0,15.9,9.9,22.0,40%,4,29%,14,26,48%
KDZ-PC-CSTAND-i15Pro-BLK,,55%,14.0,15.9,9.9,22.0,40%,4,29%,14,26,48%
KDZ-PC-CSTAND-i15Pro-TTN,,55%,14.0,15.9,9.9,22.0,40%,4,29%,14,26,48%
KDZ-PC-CSTAND-i15Plus-BLK,,55%,14.0,15.9,9.9,22.0,40%,4,29%,14,26,48%
KDZ-PC-CSTAND-i15Plus-TTN,,55%,14.0,15.9,9.9,22.0,40%,4,29%,14,26,48%
KDZ-PC-CSTAND-i15-BLK,,55%,14.0,15.9,9.9,22.0,40%,4,29%,14,26,48%
KDZ-PC-CSTAND-i15-TTN,,55%,14.0,15.9,9.9,22.0,40%,4,29%,14,26,48%
KDZ-PC-CSTAND-i14ProMax-BLK,,55%,14.0,15.9,9.9,22.0,40%,4,29%,14,26,48%
KDZ-PC-CSTAND-i14ProMax-TTN,,55%,14.0,15.9,9.9,22.0,40%,4,29%,14,26,48%
KDZ-PC-CSTAND-i14Pro-BLK,,55%,14.0,15.9,9.9,22.0,40%,4,29%,14,26,48%
KDZ-PC-CSTAND-i14Pro-TTN,,55%,14.0,15.9,9.9,22.0,40%,4,29%,14,26,48%
KDZ-PC-CSTAND-i14-BLK,,55%,14.0,15.9,9.9,22.0,40%,4,29%,14,26,48%
KDZ-PC-CSTAND-i14-TTN,,55%,14.0,15.9,9.9,22.0,40%,4,29%,14,26,48%
KDZ-PC-DDR-i16ProMax-BLK,,57%,24.0,27.2,16.4,38.0,40%,7,29%,23,46,50%
KDZ-PC-DDR-i16Pro-BLK,,57%,24.0,27.2,16.4,38.0,40%,7,29%,23,46,50%
KDZ-PC-DDR-i16Plus-BLK,,57%,24.0,27.2,16.4,38.0,40%,7,29%,23,46,50%
KDZ-PC-DDR-i16-BLK,,57%,24.0,27.2,16.4,38.0,40%,7,29%,23,46,50%
KDZ-PC-DDR-i15ProMax-BLK,,57%,24.0,27.2,16.4,38.0,40%,7,29%,23,46,50%
KDZ-PC-DDR-i15ProMax-GRY,,57%,24.0,27.2,16.4,38.0,40%,7,29%,23,46,50%
KDZ-PC-DDR-i15ProMax-ORG,,57%,24.0,27.2,16.4,38.0,40%,7,29%,23,46,50%
KDZ-PC-DDR-i15Pro-BLK,,57%,24.0,27.2,16.4,38.0,40%,7,29%,23,46,50%
KDZ-PC-DDR-i15Pro-GRY,,57%,24.0,27.2,16.4,38.0,40%,7,29%,23,46,50%
KDZ-PC-DDR-i15Pro-ORG,,57%,24.0,27.2,16.4,38.0,40%,7,29%,23,46,50%
KDZ-PC-DDR-i15Plus-BLK,,57%,24.0,27.2,16.4,38.0,40%,7,29%,23,46,50%
KDZ-PC-DDR-i15Plus-GRY,,57%,24.0,27.2,16.4,38.0,40%,7,29%,23,46,50%
KDZ-PC-DDR-i15Plus-ORG,,57%,24.0,27.2,16.4,38.0,40%,7,29%,23,46,50%
KDZ-PC-DDR-i15-BLK,,57%,24.0,27.2,16.4,38.0,40%,7,29%,23,46,50%
KDZ-PC-DDR-i15-GRY,,57%,24.0,27.2,16.4,38.0,40%,7,29%,23,46,50%
KDZ-PC-DDR-i15-ORG,,57%,24.0,27.2,16.4,38.0,40%,7,29%,23,46,50%
KDZ-PC-DDR-i14ProMax-BLK,,57%,24.0,27.2,16.4,38.0,40%,7,29%,23,46,50%
KDZ-PC-DDR-i14ProMax-GRY,,57%,24.0,27.2,16.4,38.0,40%,7,29%,23,46,50%
KDZ-PC-DDR-i14ProMax-ORG,,57%,24.0,27.2,16.4,38.0,40%,7,29%,23,46,50%
KDZ-PC-DDR-i14Pro-BLK,,57%,24.0,27.2,16.4,38.0,40%,7,29%,23,46,50%
KDZ-PC-DDR-i14Pro-GRY,,57%,24.0,27.2,16.4,38.0,40%,7,29%,23,46,50%
KDZ-PC-DDR-i14Pro-ORG,,57%,24.0,27.2,16.4,38.0,40%,7,29%,23,46,50%
KDZ-PC-DDR-i14-BLK,,57%,24.0,27.2,16.4,38.0,40%,7,29%,23,46,50%
KDZ-PC-DDR-i14-GRY,,57%,24.0,27.2,16.4,38.0,40%,7,29%,23,46,50%
KDZ-PC-DDR-i14-ORG,,57%,24.0,27.2,16.4,38.0,40%,7,29%,23,46,50%
LEEU-PC-ABAG-i15ProMax-CLR,,67%,5.5,8.6,4.3,13.0,40%,2,29%,6,16,62%
LEEU-PC-ABAG-i15ProMax-BLK,,67%,5.5,8.6,4.3,13.0,40%,2,29%,6,16,62%
LEEU-PC-ABAG-i15Pro-CLR,,67%,5.5,8.6,4.3,13.0,40%,2,29%,6,16,62%
LEEU-PC-ABAG-i15Pro-BLK,,67%,5.5,8.6,4.3,13.0,40%,2,29%,6,16,62%
LEEU-PC-ABAG-i15Plus-CLR,,67%,5.5,8.6,4.3,13.0,40%,2,29%,6,16,62%
LEEU-PC-ABAG-i15Plus-BLK,,67%,5.5,8.6,4.3,13.0,40%,2,29%,6,16,62%
LEEU-PC-ABAG-i15-CLR,,67%,5.5,8.6,4.3,13.0,40%,2,29%,6,16,62%
LEEU-PC-ABAG-i15-BLK,,67%,5.5,8.6,4.3,13.0,40%,2,29%,6,16,62%
LEEU-PC-ABAG-i14ProMax-CLR,,67%,5.5,8.6,4.3,13.0,40%,2,29%,6,16,62%
LEEU-PC-ABAG-i14ProMax-BLK,,67%,5.5,8.6,4.3,13.0,40%,2,29%,6,16,62%
LEEU-PC-ABAG-i14Pro-CLR,,67%,5.5,8.6,4.3,13.0,40%,2,29%,6,16,62%
LEEU-PC-ABAG-i14Pro-BLK,,67%,5.5,8.6,4.3,13.0,40%,2,29%,6,16,62%
LEEU-PC-ABAG-i14Plus-CLR,,67%,5.5,8.6,4.3,13.0,40%,2,29%,6,16,62%
LEEU-PC-ABAG-i14Plus-BLK,,67%,5.5,8.6,4.3,13.0,40%,2,29%,6,16,62%
LEEU-PC-ABAG-i14-CLR,,67%,5.5,8.6,4.3,13.0,40%,2,29%,6,16,62%
LEEU-PC-ABAG-i14-BLK,,67%,5.5,8.6,4.3,13.0,40%,2,29%,6,16,62%
LEEU-PC-ABAG-i13ProMax-TP,,67%,5.5,8.6,4.3,13.0,40%,2,29%,6,16,62%
LEEU-PC-ABAG-i13Pro-TP,,67%,5.5,8.6,4.3,13.0,40%,2,29%,6,16,62%
LEEU-PC-ABAG-i13Pro-TPBLK,,67%,5.5,8.6,4.3,13.0,40%,2,29%,6,16,62%
LEEU-PC-ABAG-i13-TP,,67%,5.5,8.6,4.3,13.0,40%,2,29%,6,16,62%
LEEU-PC-ABAG-i12ProMax-TP,,67%,5.5,8.6,4.3,13.0,40%,2,29%,6,16,62%
LEEU-PC-ABAG-i16ProMax-CLR,,67%,5.5,8.6,4.3,13.0,40%,2,29%,6,16,62%
LEEU-PC-ABAG-i16Pro-CLR,,67%,5.5,8.6,4.3,13.0,40%,2,29%,6,16,62%
LEEU-PC-ABAG-i16Plus-CLR,,67%,5.5,8.6,4.3,13.0,40%,2,29%,6,16,62%
LEEU-PC-ABAG-i16-CLR,,67%,5.5,8.6,4.3,13.0,40%,2,29%,6,16,62%
LEEU-PC-ABAG-i11Max-TP,,67%,5.5,8.6,4.3,13.0,40%,2,29%,6,16,62%
LEEU-PC-ABAG-i11Pro-TP,,67%,5.5,8.6,4.3,13.0,40%,2,29%,6,16,62%
LEEU-PC-ABAG-i11-TP,,67%,5.5,8.6,4.3,13.0,40%,2,29%,6,16,62%
LEEU-PC-ABAG-i12-TP,,67%,5.5,8.6,4.3,13.0,40%,2,29%,6,16,62%
LEEU-PC-ARCY(MS)-i15ProMax-CLR,,54%,15.0,16.8,10.5,23.0,40%,4,29%,15,28,47%
LEEU-PC-ARCY(MS)-i15ProMax-BLK,,54%,15.0,16.8,10.5,23.0,40%,4,29%,15,28,47%
LEEU-PC-ARCY(MS)-i15Pro-CLR,,54%,15.0,16.8,10.5,23.0,40%,4,29%,15,28,47%
LEEU-PC-ARCY(MS)-i15Pro-BLK,,54%,15.0,16.8,10.5,23.0,40%,4,29%,15,28,47%
LEEU-PC-ARCY(MS)-i15Plus-CLR,,54%,15.0,16.8,10.5,23.0,40%,4,29%,15,28,47%
LEEU-PC-ARCY(MS)-i15-CLR,,54%,15.0,16.8,10.5,23.0,40%,4,29%,15,28,47%
LEEU-PC-ARCY(MS)-i15-BLK,,54%,15.0,16.8,10.5,23.0,40%,4,29%,15,28,47%
LEEU-PC-ACRY(MS)-i13ProMax-CLR,,52%,15.0,16.3,10.5,22.0,40%,4,29%,15,26,44%
LEEU-PC-ACRY(MS)-i13Pro-CLR,,52%,15.0,16.3,10.5,22.0,40%,4,29%,15,26,44%
LEEU-PC-ACRY(MS)-i13-CLR,,52%,15.0,16.3,10.5,22.0,40%,4,29%,15,26,44%
LEEU-PC-ARCY(MS)-i16ProMax-BLK,,49%,17.0,17.4,11.8,23.0,40%,5,29%,17,28,40%
LEEU-PC-ARCY(MS)-i16ProMax-CLR,,49%,17.0,17.4,11.8,23.0,40%,5,29%,17,28,40%
LEEU-PC-ARCY(MS)-i16Pro-BLK,,49%,17.0,17.4,11.8,23.0,40%,5,29%,17,28,40%
LEEU-PC-ARCY(MS)-i16Pro-CLR,,49%,17.0,17.4,11.8,23.0,40%,5,29%,17,28,40%
LEEU-PC-ARCY(MS)-i16Plus-BLK,,49%,17.0,17.4,11.8,23.0,40%,5,29%,17,28,40%
LEEU-PC-ARCY(MS)-i16-BLK,,49%,17.0,17.4,11.8,23.0,40%,5,29%,17,28,40%
LEEU-PC-ARCY(MS)-i16-CLR,,49%,17.0,17.4,11.8,23.0,40%,5,29%,17,28,40%
LEEU-PC-ARCY-i16ProMax-CLR,,63%,8.0,11.0,5.9,16.0,40%,2,29%,8,19,57%
LEEU-PC-ARCY-i16ProMax-BLK,,63%,8.0,11.0,5.9,16.0,40%,2,29%,8,19,57%
LEEU-PC-ARCY-i16Pro-CLR,,63%,8.0,11.0,5.9,16.0,40%,2,29%,8,19,57%
LEEU-PC-ARCY-i16Pro-BLK,,63%,8.0,11.0,5.9,16.0,40%,2,29%,8,19,57%
LEEU-PC-ARCY-i16-CLR,,63%,8.0,11.0,5.9,16.0,40%,2,29%,8,19,57%
LEEU-PC-ARCY-i16-BLK,,63%,8.0,11.0,5.9,16.0,40%,2,29%,8,19,57%
LEEU-PC-ARCY-i15ProMax-CLR,,63%,8.0,11.0,5.9,16.0,40%,2,29%,8,19,57%
LEEU-PC-ARCY-i15ProMax-BLK,,63%,8.0,11.0,5.9,16.0,40%,2,29%,8,19,57%
LEEU-PC-ARCY-i15Pro-CLR,,63%,8.0,11.0,5.9,16.0,40%,2,29%,8,19,57%
LEEU-PC-ARCY-i15Pro-BLK,,63%,8.0,11.0,5.9,16.0,40%,2,29%,8,19,57%
LEEU-PC-ARCY-i15-CLR,,63%,8.0,11.0,5.9,16.0,40%,2,29%,8,19,57%
LEEU-PC-ARCY-i15-BLK,,63%,8.0,11.0,5.9,16.0,40%,2,29%,8,19,57%
LEEU-PC-ARCY-i14ProMax-CLR,,63%,8.0,11.0,5.9,16.0,40%,2,29%,8,19,57%
LEEU-PC-ARCY-i14ProMax-BLK,,63%,8.0,11.0,5.9,16.0,40%,2,29%,8,19,57%
LEEU-PC-ARCY-i14Pro-CLR,,63%,8.0,11.0,5.9,16.0,40%,2,29%,8,19,57%
LEEU-PC-ARCY-i14Pro-BLK,,63%,8.0,11.0,5.9,16.0,40%,2,29%,8,19,57%
LEEU-PC-ARCY-i14-CLR,,63%,8.0,11.0,5.9,16.0,40%,2,29%,8,19,57%
LEEU-PC-ARCY-i14-BLK,,63%,8.0,11.0,5.9,16.0,40%,2,29%,8,19,57%
LEEU-PC-ARCY-i13ProMax-TP,,63%,8.0,11.0,5.9,16.0,40%,2,29%,8,19,57%
LEEU-PC-ARCY-i13ProMax-BLK,,63%,8.0,11.0,5.9,16.0,40%,2,29%,8,19,57%
LEEU-PC-ARCY-i13Pro-TP,,63%,8.0,11.0,5.9,16.0,40%,2,29%,8,19,57%
LEEU-PC-ARCY-i13Pro-BLK,,63%,8.0,11.0,5.9,16.0,40%,2,29%,8,19,57%
LEEU-PC-ARCY-i13-TP,,63%,8.0,11.0,5.9,16.0,40%,2,29%,8,19,57%
LEEU-PC-ARCY-i13-BLK,,63%,8.0,11.0,5.9,16.0,40%,2,29%,8,19,57%
LEEU-PC-ARCY-i12ProMax-TP,,63%,8.0,11.0,5.9,16.0,40%,2,29%,8,19,57%
LEEU-PC-ARCY-i12ProMax-BLK,,63%,8.0,11.0,5.9,16.0,40%,2,29%,8,19,57%
LEEU-PC-ARCY-i12-TP,,63%,8.0,11.0,5.9,16.0,40%,2,29%,8,19,57%
LEEU-PC-ARCY-i12-BLK,,63%,8.0,11.0,5.9,16.0,40%,2,29%,8,19,57%
LEEU-PC-ARCY-i11-TP,,63%,8.0,11.0,5.9,16.0,40%,2,29%,8,19,57%
LEEU-PC-ARCY-i11-BLK,,63%,8.0,11.0,5.9,16.0,40%,2,29%,8,19,57%
LEEU-PC-ARCY-i16Plus-CLR,,63%,8.0,11.0,5.9,16.0,40%,2,29%,8,19,57%
LEEU-PC-ARCY-i16Plus-BLK,,63%,8.0,11.0,5.9,16.0,40%,2,29%,8,19,57%
LEEU-PC-ARCY-i15Plus-CLR,,63%,8.0,11.0,5.9,16.0,40%,2,29%,8,19,57%
LEEU-PC-ARCY-i15Plus-BLK,,63%,8.0,11.0,5.9,16.0,40%,2,29%,8,19,57%
LEEU-PC-ARCY-i14Plus-CLR,,63%,8.0,11.0,5.9,16.0,40%,2,29%,8,19,57%
LEEU-PC-ARCY-i14Plus-BLK,,63%,8.0,11.0,5.9,16.0,40%,2,29%,8,19,57%
LEEU-PC-ARCY-i14ProMax-BLU,,63%,8.0,11.0,5.9,16.0,40%,2,29%,8,19,57%
LEEU-PC-ARCY-i14Pro-BLU,,63%,8.0,11.0,5.9,16.0,40%,2,29%,8,19,57%
LEEU-PC-ARCY-i14Plus-BLU,,63%,8.0,11.0,5.9,16.0,40%,2,29%,8,19,57%
LEEU-PC-ARCY-i14-BLU,,63%,8.0,11.0,5.9,16.0,40%,2,29%,8,19,57%
LEEU-PC-ARCY-i13ProMax-BLU/PUR,,63%,8.0,11.0,5.9,16.0,40%,2,29%,8,19,57%
LEEU-PC-ARCY-i13ProMax-BLU,,63%,8.0,11.0,5.9,16.0,40%,2,29%,8,19,57%
LEEU-PC-ARCY-i13Pro-RED/BLU,,63%,8.0,11.0,5.9,16.0,40%,2,29%,8,19,57%
LEEU-PC-ARCY-i13Pro-BLU/PUR,,63%,8.0,11.0,5.9,16.0,40%,2,29%,8,19,57%
LEEU-PC-ARCY-i13Pro-BLU,,63%,8.0,11.0,5.9,16.0,40%,2,29%,8,19,57%
LEEU-PC-ARCY-i13Mini-RED/BLU,,63%,8.0,11.0,5.9,16.0,40%,2,29%,8,19,57%
LEEU-PC-ARCY-i13Mini-BLU,,63%,8.0,11.0,5.9,16.0,40%,2,29%,8,19,57%
LEEU-PC-ARCY-i13-RED/BLU,,63%,8.0,11.0,5.9,16.0,40%,2,29%,8,19,57%
LEEU-PC-ARCY-i13-BLU/PUR,,63%,8.0,11.0,5.9,16.0,40%,2,29%,8,19,57%
LEEU-PC-ARCY-i13-BLU,,63%,8.0,11.0,5.9,16.0,40%,2,29%,8,19,57%
LEEU-PC-ARCY-i12ProMax-RED/BLU,,63%,8.0,11.0,5.9,16.0,40%,2,29%,8,19,57%
LEEU-PC-ARCY-i12ProMax-BLU/PUR,,63%,8.0,11.0,5.9,16.0,40%,2,29%,8,19,57%
LEEU-PC-ARCY-i12-RED/BLU,,63%,8.0,11.0,5.9,16.0,40%,2,29%,8,19,57%
LEEU-PC-ARCY-i12-BLU/PUR,,63%,8.0,11.0,5.9,16.0,40%,2,29%,8,19,57%
LEEU-PC-ARCY-i12-BLU,,63%,8.0,11.0,5.9,16.0,40%,2,29%,8,19,57%
LEEU-PC-ARCY-i12Mini-RED/BLU,,63%,8.0,11.0,5.9,16.0,40%,2,29%,8,19,57%
LEEU-PC-ARCY-iXS-TP,,63%,8.0,11.0,5.9,16.0,40%,2,29%,8,19,57%
LEEU-PC-ARCY-iXS-BLK,,63%,8.0,11.0,5.9,16.0,40%,2,29%,8,19,57%
LEEU-PC-ARCY-iSE-TP,,63%,8.0,11.0,5.9,16.0,40%,2,29%,8,19,57%
LEEU-PC-ARCY-iSE-BLK,,63%,8.0,11.0,5.9,16.0,40%,2,29%,8,19,57%
LEEU-PC-ARCY-i78P-TP,,63%,8.0,11.0,5.9,16.0,40%,2,29%,8,19,57%
LEEU-PC-ARCY-i78P-BLU,,63%,8.0,11.0,5.9,16.0,40%,2,29%,8,19,57%
LEEU-PC-ARCY-i78P-BLK,,63%,8.0,11.0,5.9,16.0,40%,2,29%,8,19,57%
LEEU-PC-ARCY(MS)-i16-MTCLR,,53%,19.0,20.6,13.2,28.0,40%,5,29%,18,34,45%
LEEU-PC-ARCY(MS)-i16-MTBLK,,53%,19.0,20.6,13.2,28.0,40%,5,29%,18,34,45%
LEEU-PC-ARCY(MS)-i16Plus-MTBLK,,53%,19.0,20.6,13.2,28.0,40%,5,29%,18,34,45%
LEEU-PC-ARCY(MS)-i16Pro-MTCLR,,53%,19.0,20.6,13.2,28.0,40%,5,29%,18,34,45%
LEEU-PC-ARCY(MS)-i16Pro-MTBLK,,53%,19.0,20.6,13.2,28.0,40%,5,29%,18,34,45%
LEEU-PC-ARCY(MS)-i16ProMax-MTCLR,,53%,19.0,20.6,13.2,28.0,40%,5,29%,18,34,45%
LEEU-PC-ARCY(MS)-i16ProMax-MTBLK,,53%,19.0,20.6,13.2,28.0,40%,5,29%,18,34,45%
LEEU-PC-ARCY(MS)-i15-MTCLR,,53%,19.0,20.6,13.2,28.0,40%,5,29%,18,34,45%
LEEU-PC-ARCY(MS)-i15-MTBLK,,53%,19.0,20.6,13.2,28.0,40%,5,29%,18,34,45%
LEEU-PC-ARCY(MS)-i15PLus-MTBLK,,53%,19.0,20.6,13.2,28.0,40%,5,29%,18,34,45%
LEEU-PC-ARCY(MS)-i15Pro-MTCLR,,53%,19.0,20.6,13.2,28.0,40%,5,29%,18,34,45%
LEEU-PC-ARCY(MS)-i15Pro-MTBLK,,53%,19.0,20.6,13.2,28.0,40%,5,29%,18,34,45%
LEEU-PC-ARCY(MS)-i15ProMax-MTCLR,,53%,19.0,20.6,13.2,28.0,40%,5,29%,18,34,45%
LEEU-PC-ARCY(MS)-i15ProMax-MTBLK,,53%,19.0,20.6,13.2,28.0,40%,5,29%,18,34,45%
LEEU-PC-ARCY(M)-i15ProMax-CLR,,58%,13.0,15.6,9.2,22.0,40%,4,29%,13,26,51%
LEEU-PC-ARCY(M)-i15ProMax-BLK,,58%,13.0,15.6,9.2,22.0,40%,4,29%,13,26,51%
LEEU-PC-ARCY(M)-i15Pro-CLR,,58%,13.0,15.6,9.2,22.0,40%,4,29%,13,26,51%
LEEU-PC-ARCY(M)-i15Pro-BLK,,58%,13.0,15.6,9.2,22.0,40%,4,29%,13,26,51%
LEEU-PC-ARCY(M)-i15Plus-CLR,,58%,13.0,15.6,9.2,22.0,40%,4,29%,13,26,51%
LEEU-PC-ARCY(M)-i15-CLR,,58%,13.0,15.6,9.2,22.0,40%,4,29%,13,26,51%
LEEU-PC-ARCY(M)-i15-BLK,,58%,13.0,15.6,9.2,22.0,40%,4,29%,13,26,51%
LEEU-PC-ACRY(M)-i14ProMax-CLR,,58%,13.0,15.6,9.2,22.0,40%,4,29%,13,26,51%
LEEU-PC-ACRY(M)-i14ProMax-BLK,,58%,13.0,15.6,9.2,22.0,40%,4,29%,13,26,51%
LEEU-PC-ACRY(M)-i14ProMax-BLU,,58%,13.0,15.6,9.2,22.0,40%,4,29%,13,26,51%
LEEU-PC-ACRY(M)-i14Pro-CLR,,58%,13.0,15.6,9.2,22.0,40%,4,29%,13,26,51%
LEEU-PC-ACRY(M)-i14Pro-BLK,,58%,13.0,15.6,9.2,22.0,40%,4,29%,13,26,51%
LEEU-PC-ACRY(M)-i14Pro-BLU,,58%,13.0,15.6,9.2,22.0,40%,4,29%,13,26,51%
LEEU-PC-ACRY(M)-i14Plus-CLR,,58%,13.0,15.6,9.2,22.0,40%,4,29%,13,26,51%
LEEU-PC-ACRY(M)-i14Plus-BLU,,58%,13.0,15.6,9.2,22.0,40%,4,29%,13,26,51%
LEEU-PC-ACRY(M)-i14-CLR,,58%,13.0,15.6,9.2,22.0,40%,4,29%,13,26,51%
LEEU-PC-ACRY(M)-i14-BLK,,58%,13.0,15.6,9.2,22.0,40%,4,29%,13,26,51%
LEEU-PC-ACRY(M)-i14-BLU,,58%,13.0,15.6,9.2,22.0,40%,4,29%,13,26,51%
LEEU-PC-ACRY(M)-i13ProMax-TP,,58%,13.0,15.6,9.2,22.0,40%,4,29%,13,26,51%
LEEU-PC-ACRY(M)-i13ProMax-BLK,,58%,13.0,15.6,9.2,22.0,40%,4,29%,13,26,51%
LEEU-PC-ACRY(M)-i13ProMax-BLU,,58%,13.0,15.6,9.2,22.0,40%,4,29%,13,26,51%
LEEU-PC-ACRY(M)-i13Pro-TP,,58%,13.0,15.6,9.2,22.0,40%,4,29%,13,26,51%
LEEU-PC-ACRY(M)-i13Pro-BLK,,58%,13.0,15.6,9.2,22.0,40%,4,29%,13,26,51%
LEEU-PC-ACRY(M)-i13Pro-BLU,,58%,13.0,15.6,9.2,22.0,40%,4,29%,13,26,51%
LEEU-PC-ACRY(M)-i13Mini-BLU,,58%,13.0,15.6,9.2,22.0,40%,4,29%,13,26,51%
LEEU-PC-ACRY(M)-i13-TP,,58%,13.0,15.6,9.2,22.0,40%,4,29%,13,26,51%
LEEU-PC-ACRY(M)-i13-BLK,,58%,13.0,15.6,9.2,22.0,40%,4,29%,13,26,51%
LEEU-PC-ACRY(M)-i13-BLU,,58%,13.0,15.6,9.2,22.0,40%,4,29%,13,26,51%
LEEU-PC-ACRY(M)-i12ProMax-TP,,58%,13.0,15.6,9.2,22.0,40%,4,29%,13,26,51%
LEEU-PC-ACRY(M)-i12ProMax-BLK,,58%,13.0,15.6,9.2,22.0,40%,4,29%,13,26,51%
LEEU-PC-ACRY(M)-i12-TP,,58%,13.0,15.6,9.2,22.0,40%,4,29%,13,26,51%
LEEU-PC-ACRY(M)-i12-BLK,,58%,13.0,15.6,9.2,22.0,40%,4,29%,13,26,51%
LEEU-PC-ACRY(M)-i12-BLU,,58%,13.0,15.6,9.2,22.0,40%,4,29%,13,26,51%
LEEU-PC-ACRY(M)-iXsMax-TP,,58%,13.0,15.6,9.2,22.0,40%,4,29%,13,26,51%
LEEU-PC-ACRY(M)-iXR-TP,,58%,13.0,15.6,9.2,22.0,40%,4,29%,13,26,51%
LEEU-PC-ACRY(M)-iXR-BLK,,58%,13.0,15.6,9.2,22.0,40%,4,29%,13,26,51%
LEEU-PC-ACRY(M)-iXS-TP,,58%,13.0,15.6,9.2,22.0,40%,4,29%,13,26,51%
LEEU-PC-ACRY(M)-i7/8Plus-TP,,58%,13.0,15.6,9.2,22.0,40%,4,29%,13,26,51%
LEEU-PC-ACRY(M)-i7/8Plus-BLU,,58%,13.0,15.6,9.2,22.0,40%,4,29%,13,26,51%
LEEU-PC-ACRY(M)-i7/8/SE-TP,,58%,13.0,15.6,9.2,22.0,40%,4,29%,13,26,51%
LEEU-PC-ARCY(M)-i16ProMax-CLR,,58%,13.0,15.6,9.2,22.0,40%,4,29%,13,26,51%
LEEU-PC-ARCY(M)-i16ProMax-BLK,,58%,13.0,15.6,9.2,22.0,40%,4,29%,13,26,51%
LEEU-PC-ARCY(M)-i16Pro-CLR,,58%,13.0,15.6,9.2,22.0,40%,4,29%,13,26,51%
LEEU-PC-ARCY(M)-i16Pro-BLK,,58%,13.0,15.6,9.2,22.0,40%,4,29%,13,26,51%
LEEU-PC-ARCY(M)-i16Plus-CLR,,58%,13.0,15.6,9.2,22.0,40%,4,29%,13,26,51%
LEEU-PC-ARCY(M)-i16Plus-BLK,,58%,13.0,15.6,9.2,22.0,40%,4,29%,13,26,51%
LEEU-PC-ARCY(M)-i16-CLR,,58%,13.0,15.6,9.2,22.0,40%,4,29%,13,26,51%
LEEU-PC-ARCY(M)-i16-BLK,,58%,13.0,15.6,9.2,22.0,40%,4,29%,13,26,51%
LEEU-PC-ACRY(M)-i11ProMax-BLK,,58%,13.0,15.6,9.2,22.0,40%,4,29%,13,26,51%
LEEU-PC-ACRY(M)-i11ProMax-BLU,,58%,13.0,15.6,9.2,22.0,40%,4,29%,13,26,51%
LEEU-PC-ACRY(M)-i11Pro-TP,,58%,13.0,15.6,9.2,22.0,40%,4,29%,13,26,51%
LEEU-PC-ACRY(M)-i11-TP,,58%,13.0,15.6,9.2,22.0,40%,4,29%,13,26,51%
LEEU-PC-ACRY(M)-i11-BLK,,58%,13.0,15.6,9.2,22.0,40%,4,29%,13,26,51%
LEEU-PC-ACRY(M)-S24-BLK,,63%,9.0,12.3,6.6,18.0,40%,3,29%,9,22,57%
LEEU-PC-ACRY(M)-S24Plus-BLK,,63%,9.0,12.3,6.6,18.0,40%,3,29%,9,22,57%
KDZ-PC-STAN-S25Ultra-TPR,,57%,25.0,28.6,17.1,40.0,50%,9,33%,26,48,47%
KDZ-PC-STAN-S25Ultra-BLK,,57%,25.0,28.6,17.1,40.0,50%,9,33%,26,48,47%
KDZ-PC-STAN-S25Plus-TPR,,57%,25.0,28.6,17.1,40.0,50%,9,33%,26,48,47%
KDZ-PC-STAN-S25Plus-BLK,,57%,25.0,28.6,17.1,40.0,50%,9,33%,26,48,47%
KDZ-PC-STAN-S24Ultra-TPR,,57%,25.0,28.6,17.1,40.0,50%,9,33%,26,48,47%
KDZ-PC-STAN-S24Ultra-BLK,,57%,25.0,28.6,17.1,40.0,50%,9,33%,26,48,47%
KDZ-PC-STAN-S24Plus-TPR,,57%,25.0,28.6,17.1,40.0,50%,9,33%,26,48,47%
KDZ-PC-STAN-S24Plus-BLK,,57%,25.0,28.6,17.1,40.0,50%,9,33%,26,48,47%
KDZ-PC-STAN-S23Ultra-TPR,,57%,25.0,28.6,17.1,40.0,50%,9,33%,26,48,47%
KDZ-PC-STAN-S23Ultra-BLK,,57%,25.0,28.6,17.1,40.0,50%,9,33%,26,48,47%
KDZ-PC-STAN-S23Plus-TPR,,57%,25.0,28.6,17.1,40.0,50%,9,33%,26,48,47%
KDZ-PC-STAN-S23Plus-BLK,,57%,25.0,28.6,17.1,40.0,50%,9,33%,26,48,47%
KDZ-PC-STAN-ZFlip5-TPR,,54%,27.0,29.2,18.4,40.0,50%,9,33%,28,48,42%
KDZ-PC-STAN-ZFlip5-BLK,,54%,27.0,29.2,18.4,40.0,50%,9,33%,28,48,42%
KDZ-PC-STAN-ZFlip6-TPR,,54%,27.0,29.2,18.4,40.0,50%,9,33%,28,48,42%
KDZ-PC-STAN-ZFlip6-BLK,,54%,27.0,29.2,18.4,40.0,50%,9,33%,28,48,42%
KDZ-PC-STAN-Pixel10/10Pro-BLK,,62%,22.0,27.6,15.1,40.0,50%,8,33%,23,48,53%
KDZ-PC-STAN-Pixel10/10Pro-TPR,,61%,23.0,27.9,15.8,40.0,50%,8,33%,24,48,51%
KDZ-PC-STAN-Pixel10ProXL-BLK,,62%,22.0,27.6,15.1,40.0,50%,8,33%,23,48,53%
KDZ-PC-STAN-Pixel10ProXL-TPR,,61%,23.0,27.9,15.8,40.0,50%,8,33%,24,48,51%
KDZ-PC-STAN-Pixel9A-BLK,,61%,23.0,27.9,15.8,40.0,50%,8,33%,24,48,51%
KDZ-PC-STAN-Pixel9A-TPR,,61%,23.0,27.9,15.8,40.0,50%,8,33%,24,48,51%
KDZ-PC-SHINE-Pixel10/10Pro-TPR,,65%,15.0,20.3,10.5,30.0,50%,5,33%,16,36,56%
KDZ-PC-SHINE-Pixel10ProXL-TPR,,65%,15.0,20.3,10.5,30.0,50%,5,33%,16,36,56%
7TREE-PC-PU-Magic7Pro-BLK,,64%,10.0,13.6,7.2,20.0,50%,4,33%,11,24,55%
7TREE-PC-PU-Magic7Pro-WHT,,64%,10.0,13.6,7.2,20.0,50%,4,33%,11,24,55%
7TREE-PC-PU(MS)-Magic7Pro-BLK,,62%,15.0,19.3,10.5,28.0,50%,5,33%,16,34,53%
7TREE-PC-PU(MS)-Magic7Pro-WHT,,62%,15.0,19.3,10.5,28.0,50%,5,33%,16,34,53%
KDZ-PC-YJSTAN-S25Ultra-TPR,,60%,19.0,23.1,13.2,33.0,50%,7,33%,20,40,50%
KDZ-PC-YJSTAN-S25Ultra-BLK,,60%,19.0,23.1,13.2,33.0,50%,7,33%,20,40,50%
KDZ-PC-YJSTAN-S25Plus-TPR,,60%,19.0,23.1,13.2,33.0,50%,7,33%,20,40,50%
KDZ-PC-YJSTAN-S25Plus-BLK,,60%,19.0,23.1,13.2,33.0,50%,7,33%,20,40,50%
KDZ-PC-YJSTAN-S24Ultra-TPR,,60%,19.0,23.1,13.2,33.0,50%,7,33%,20,40,50%
KDZ-PC-YJSTAN-S24Ultra-BLK,,60%,19.0,23.1,13.2,33.0,50%,7,33%,20,40,50%
KDZ-PC-YJSTAN-S23Ultra-TPR,,60%,19.0,23.1,13.2,33.0,50%,7,33%,20,40,50%
KDZ-PC-YJSTAN-S23Ultra-BLK,,60%,19.0,23.1,13.2,33.0,50%,7,33%,20,40,50%
KDZ-PC-DDR-S25Ultra-GRY,,57%,24.0,27.2,16.4,38.0,50%,8,33%,25,46,46%
KDZ-PC-DDR-S25Ultra-BLK,,57%,24.0,27.2,16.4,38.0,50%,8,33%,25,46,46%
KDZ-PC-DDR-S25Plus-GRY,,57%,24.0,27.2,16.4,38.0,50%,8,33%,25,46,46%
KDZ-PC-DDR-S25Plus-BLK,,57%,24.0,27.2,16.4,38.0,50%,8,33%,25,46,46%
KDZ-PC-DDR-S24Ultra-GRY,,57%,24.0,27.2,16.4,38.0,50%,8,33%,25,46,46%
KDZ-PC-DDR-S24Ultra-BLK,,57%,24.0,27.2,16.4,38.0,50%,8,33%,25,46,46%
KDZ-PC-DDR-S24Ultra-ORG,,57%,24.0,27.2,16.4,38.0,50%,8,33%,25,46,46%
KDZ-PC-DDR-S23Ultra-GRY,,57%,24.0,27.2,16.4,38.0,50%,8,33%,25,46,46%
KDZ-PC-DDR-S23Ultra-BLK,,57%,24.0,27.2,16.4,38.0,50%,8,33%,25,46,46%
KDZ-PC-DDR-S23Ultra-ORG,,57%,24.0,27.2,16.4,38.0,50%,8,33%,25,46,46%
LUS-PC-G(STAND)-S24Ultra-TP,,66%,14.5,20.1,10.2,30.0,50%,5,33%,15,36,58%
LUS-PC-G(STAND)-S25Ultra-TP,,66%,14.5,20.1,10.2,30.0,50%,5,33%,15,36,58%
LUS-PC-G(STAND)-S25Plus-TP,,66%,14.5,20.1,10.2,30.0,50%,5,33%,15,36,58%
LUS-PC-G(STAND)-S25Edge-TP,,66%,14.5,21.1,10.2,30.0,50%,5,33%,15,36,58%
LUS-PC-YD(STAND)-S24Ultra-BLK,,62%,16.5,20.8,11.5,30.0,50%,6,33%,17,36,52%
LUS-PC-YD(STAND)-S24Ultra-WHT,,62%,16.5,20.8,11.5,30.0,50%,6,33%,17,36,52%
LUS-PC-YD(STAND)-S24FE-BLK,,62%,16.5,20.8,11.5,30.0,50%,6,33%,17,36,52%
LUS-PC-YD(STAND)-S24FE-WHT,,62%,16.5,20.8,11.5,30.0,50%,6,33%,17,36,52%
LUS-PC-YD(STAND)-S25Ultra-BLK,,62%,16.5,20.8,11.5,30.0,50%,6,33%,17,36,52%
LUS-PC-YD(STAND)-S25Ultra-WHT,,62%,16.5,20.8,11.5,30.0,50%,6,33%,17,36,52%
LUS-PC-YD(STAND)-S25Plus-BLK,,62%,16.5,20.8,11.5,30.0,50%,6,33%,17,36,52%
LUS-PC-YD(STAND)-S25Plus-WHT,,62%,16.5,20.8,11.5,30.0,50%,6,33%,17,36,52%
LUS-PC-YD(STAND)-S25Edge-BLK,,62%,16.5,21.7,11.5,30.0,50%,6,33%,17,36,52%
LUS-PC-YD(STAND)-S25Edge-WHT,,62%,16.5,21.7,11.5,30.0,50%,6,33%,17,36,52%
LUS-PC-YD(MS)-S25Ultra-BLK,,62%,13.5,17.3,9.5,25.0,50%,5,33%,14,30,52%
LUS-PC-YD(MS)-S25Ultra-WHT,,62%,13.5,17.3,9.5,25.0,50%,5,33%,14,30,52%
LUS-PC-YD(MS)-S25Plus-BLK,,62%,13.5,17.3,9.5,25.0,50%,5,33%,14,30,52%
LUS-PC-YD(MS)-S25Plus-WHT,,62%,13.5,17.3,9.5,25.0,50%,5,33%,14,30,52%
LUS-PC-YD(MS)-S25Edge-BLK,,62%,13.5,18.0,9.5,25.0,50%,5,33%,14,30,52%
LUS-PC-YD(MS)-S25Edge-WHT,,62%,13.5,18.0,9.5,25.0,50%,5,33%,14,30,52%
LUS-PC-YD(MS)-S24Ultra-BLK,,62%,13.5,17.3,9.5,25.0,50%,5,33%,14,30,52%
LUS-PC-YD(MS)-S24Ultra-WHT,,62%,13.5,17.3,9.5,25.0,50%,5,33%,14,30,52%
LUS-PC-YD(MS)-S24Plus-BLK,,62%,13.5,17.3,9.5,25.0,50%,5,33%,14,30,52%
LUS-PC-YD(MS)-S24Plus-WHT,,62%,13.5,17.3,9.5,25.0,50%,5,33%,14,30,52%
LUS-PC-YD(MS)-S23Plus-WHT,,62%,13.5,17.3,9.5,25.0,50%,5,33%,14,30,52%
GKK-PC-BLADE-MagicV3-BLK,,59%,41.0,49.8,27.6,68.0,45%,12,31%,40,82,51%
GKK-PC-BLADE-MagicV3-GRY,,59%,41.0,49.8,27.6,68.0,45%,12,31%,40,82,51%
GKK-PC-STAND-MagicV3-BLK,,63%,36.0,46.7,24.3,65.0,45%,11,31%,35,78,55%
GKK-PC-STAND-MagicV3-SLV,,63%,36.0,46.7,24.3,65.0,45%,11,31%,35,78,55%
GKK-PC-STAND-MagicV3-RED,,63%,36.0,46.7,24.3,65.0,45%,11,31%,35,78,55%
GKK-PC-ABAG-ZFold6-TP,,64%,26.0,33.9,17.8,50.0,45%,8,31%,26,60,57%
GKK-PC-ABAG-ZFold6-BLK,,64%,26.0,33.9,17.8,50.0,45%,8,31%,26,60,57%
GKK-PC-ABAG(MS)-ZFold6-TP,,65%,28.0,37.0,19.1,55.0,45%,9,31%,28,66,58%
GKK-PC-ABAG(MS)-ZFold6-BLK,,65%,28.0,37.0,19.1,55.0,45%,9,31%,28,66,58%
GKK-PC-BLADE-S23Ultra-TTN/GRY,,63%,14.0,18.4,9.9,27.0,45%,4,31%,14,32,56%
GKK-PC-BLADE-S23Ultra-PRP,,63%,14.0,18.4,9.9,27.0,45%,4,31%,14,32,56%
GKK-PC-BLADE-S23Ultra-BLK,,63%,14.0,18.4,9.9,27.0,45%,4,31%,14,32,56%
GKK-PC-BLADE-S23Ultra-GRY,,63%,14.0,18.4,9.9,27.0,45%,4,31%,14,32,56%
GKK-PC-BLADE-S24Ultra-TTN/GRY,,63%,14.0,18.4,9.9,27.0,45%,4,31%,14,32,56%
GKK-PC-BLADE-S24Ultra-PRP,,63%,14.0,18.4,9.9,27.0,45%,4,31%,14,32,56%
GKK-PC-BLADE-S24Ultra-BLK,,63%,14.0,18.4,9.9,27.0,45%,4,31%,14,32,56%
GKK-PC-BLADE-S24Ultra-GRY,,63%,14.0,18.4,9.9,27.0,45%,4,31%,14,32,56%
GKK-PC-AIR2-ZFlip5-CLR,,56%,9.0,10.8,6.6,15.0,45%,3,31%,10,18,47%
GKK-PC-AIR2-ZFlip5-PRP,,56%,9.0,10.8,6.6,15.0,45%,3,31%,10,18,47%
GKK-PC-AIR2-ZFlip5-GRN,,56%,9.0,10.8,6.6,15.0,45%,3,31%,10,18,47%
GKK-PC-AIR2-ZFlip5-BLK,,56%,9.0,10.8,6.6,15.0,45%,3,31%,10,18,47%
GKK-PC-AIR2-ZFlip6-CLR,,55%,10.0,11.6,7.2,16.0,45%,3,31%,10,19,45%
GKK-PC-AIR2-ZFlip6-PRP,,55%,10.0,11.6,7.2,16.0,45%,3,31%,10,19,45%
GKK-PC-AIR2-ZFlip6-GRN,,55%,10.0,11.6,7.2,16.0,45%,3,31%,10,19,45%
GKK-PC-AIR2-ZFlip6-BLK,,55%,10.0,11.6,7.2,16.0,45%,3,31%,10,19,45%
GKK-PC-AIR2(MS)-ZFlip6-PRP,,54%,12.0,14.6,9.2,20.0,45%,4,31%,13,24,44%
GKK-PC-AIR2(MS)-ZFlip6-GRN,,57%,12.0,14.3,8.6,20.0,45%,4,31%,12,24,48%
GKK-PC-AIR2(MS)-ZFlip6-CLR,,54%,12.0,14.6,9.2,20.0,45%,4,31%,13,24,44%
GKK-PC-AIR2(MS)-ZFlip6-BLK,,54%,12.0,14.6,9.2,20.0,45%,4,31%,13,24,44%
GKK-PC-AIR2(MS)-ZFlip5-PRP,,57%,12.0,14.3,8.6,20.0,45%,4,31%,12,24,48%
GKK-PC-AIR2(MS)-ZFlip5-GRN,,57%,12.0,14.3,8.6,20.0,45%,4,31%,12,24,48%
GKK-PC-AIR2(MS)-ZFlip5-CLR,,57%,12.0,14.3,8.6,20.0,45%,4,31%,12,24,48%
GKK-PC-AIR2(MS)-ZFlip5-BLK,,57%,12.0,14.3,8.6,20.0,45%,4,31%,12,24,48%
GKK-PC-UTT-ZFlip4-BLK,,62%,14.0,19.3,10.5,28.0,45%,5,31%,15,34,55%
GKK-PC-UTT-ZFlip4-FOR/GRN,,62%,14.0,19.3,10.5,28.0,45%,5,31%,15,34,55%
GKK-PC-UTT-ZFlip4-DRM/PRP,,62%,14.0,19.3,10.5,28.0,45%,5,31%,15,34,55%
GKK-PC-UTT-ZFold3-BLK,,58%,16.0,19.9,11.8,28.0,45%,5,31%,17,34,49%
GKK-PC-UTT-ZFold3-SLV,,58%,16.0,19.9,11.8,28.0,45%,5,31%,17,34,49%
GKK-PC-UTT-ZFold3-MNG,,58%,16.0,19.9,11.8,28.0,45%,5,31%,17,34,49%
GKK-PC-UTT-ZFold4-BLK,,62%,14.0,19.3,10.5,28.0,45%,5,31%,15,34,55%
GKK-PC-UTT-ZFold4-SLV,,62%,14.0,19.3,10.5,28.0,45%,5,31%,15,34,55%
GKK-PC-UTT-ZFold4-MIS/GLD,,62%,14.0,19.3,10.5,28.0,45%,5,31%,15,34,55%
GKK-PC-UTT-ZFold5-BLK,,67%,12.0,18.6,9.2,28.0,45%,4,31%,13,34,60%
GKK-PC-UTT-ZFold5-GRN,,67%,12.0,18.6,9.2,28.0,45%,4,31%,13,34,60%
GKK-PC-UTT-ZFold5-GRY,,69%,12.0,18.3,8.6,28.0,45%,4,31%,12,34,63%
GKK-PC-UT-ZFold6-BLK,,69%,12.0,18.3,8.6,28.0,45%,4,31%,12,34,63%
GKK-PC-UT-ZFold6-GRY,,69%,12.0,18.3,8.6,28.0,45%,4,31%,12,34,63%
GKK-PC-UT-ZFold6-TTN,,69%,12.0,18.3,8.6,28.0,45%,4,31%,12,34,63%
GKK-PC-UTT(SP)-ZFold5-BLK,,61%,17.0,20.9,11.8,30.0,45%,5,31%,17,36,52%
GKK-PC-UTT(SP)-ZFold5-GRN,,61%,17.0,20.9,11.8,30.0,45%,5,31%,17,36,52%
GKK-PC-UTT(SP)-ZFold5-GRY,,61%,17.0,20.9,11.8,30.0,45%,5,31%,17,36,52%
GKK-PC-UT(SP)-ZFold6-BLK,,61%,17.0,20.9,11.8,30.0,45%,5,31%,17,36,52%
GKK-PC-UT(SP)-ZFold6-GRY,,61%,17.0,20.9,11.8,30.0,45%,5,31%,17,36,52%
GKK-PC-UT(SP)-ZFold6-TTN,,61%,17.0,20.9,11.8,30.0,45%,5,31%,17,36,52%
GKK-PC-UTT(MS)-ZFold3-BLK,,53%,24.0,25.7,16.4,35.0,45%,7,31%,24,42,43%
GKK-PC-UTT(MS)-ZFold4-BLK,,59%,21.0,24.7,14.5,35.0,45%,7,31%,21,42,50%
GKK-PC-UT(SP/MS)-ZFold5-BLK,,59%,21.0,24.7,14.5,35.0,45%,7,31%,21,42,50%
GKK-PC-UTT(MS)-ZFold3-MNG,,53%,24.0,25.7,16.4,35.0,45%,7,31%,24,42,43%
GKK-PC-UTT(MS)-ZFold3-SLV,,53%,24.0,25.7,16.4,35.0,45%,7,31%,24,42,43%
GKK-PC-UTT(MS)-ZFold4-MNG,,59%,21.0,24.7,14.5,35.0,45%,7,31%,21,42,50%
GKK-PC-UTT(MS)-ZFold4-SLV,,59%,21.0,24.7,14.5,35.0,45%,7,31%,21,42,50%
GKK-PC-TIFF-ZFlip6-TTN,,62%,15.0,19.3,10.5,28.0,45%,5,31%,15,34,55%
GKK-PC-TIFF-ZFlip6-PNK,,62%,15.0,19.3,10.5,28.0,45%,5,31%,15,34,55%
GKK-PC-TIFF-ZFlip6-GRN,,62%,15.0,19.3,10.5,28.0,45%,5,31%,15,34,55%
GKK-PC-TIFF-ZFlip6-BLK,,62%,15.0,19.3,10.5,28.0,45%,5,31%,15,34,55%
GKK-PC-TIFF-ZFlip5-PRP,,62%,15.0,19.3,10.5,28.0,45%,5,31%,15,34,55%
GKK-PC-TIFF-ZFlip5-PNK,,62%,15.0,19.3,10.5,28.0,45%,5,31%,15,34,55%
GKK-PC-TIFF-ZFlip5-GRY,,62%,15.0,19.3,10.5,28.0,45%,5,31%,15,34,55%
GKK-PC-TIFF-ZFlip5-GRN,,62%,15.0,19.3,10.5,28.0,45%,5,31%,15,34,55%
GKK-PC-TIFF-ZFlip5-BLK,,62%,15.0,19.3,10.5,28.0,45%,5,31%,15,34,55%
GKK-PC-TIFF-ZFlip4-PRP,,60%,16.0,19.6,11.2,28.0,45%,5,31%,16,34,52%
GKK-PC-TIFF-ZFlip4-GRN,,60%,16.0,19.6,11.2,28.0,45%,5,31%,16,34,52%
GKK-PC-TIFF-ZFlip4-BLK,,60%,16.0,19.6,11.2,28.0,45%,5,31%,16,34,52%
GKK-PC-TIFF-ZFlip3-PRP,,60%,16.0,19.6,11.2,28.0,45%,5,31%,16,34,52%
GKK-PC-TIFF-ZFlip3-GRN,,60%,16.0,19.6,11.2,28.0,45%,5,31%,16,34,52%
GKK-PC-TIFF-ZFlip3-BLK,,60%,16.0,19.6,11.2,28.0,45%,5,31%,16,34,52%
GKK-PC-TIFF-MateX3-GRN,,53%,26.0,27.9,17.8,38.0,45%,8,31%,26,46,44%
GKK-PC-TIFF-MateX3-BLK,,53%,26.0,27.9,17.8,38.0,45%,8,31%,26,46,44%
GKK-PC-MSTAND-MateX3-BLK,,52%,41.0,44.3,27.6,58.0,45%,12,31%,40,70,42%
GKK-PC-MSTAND-MateX3-GRN,,52%,41.0,44.3,27.6,58.0,45%,12,31%,40,70,42%
GKK-PC-MSTAND-MagicVS-BLK,,52%,41.0,44.3,27.6,58.0,45%,12,31%,40,70,42%
GKK-PC-MSTAND-MagicVS-GRN,,52%,41.0,44.3,27.6,58.0,45%,12,31%,40,70,42%
GKK-PC-MSTAND-MagicV2-BLK,,59%,41.0,49.8,27.6,68.0,45%,12,31%,40,82,51%
GKK-PC-MSTAND-MagicV2-PRP,,59%,41.0,49.8,27.6,68.0,45%,12,31%,40,82,51%
7TREE-PC-SHI-XM15Ultra-TP,,61%,11.0,13.9,7.9,20.0,50%,4,33%,12,24,51%
7TREE-PC-SHI-XM15Ultra-BLK,,61%,11.0,13.9,7.9,20.0,50%,4,33%,12,24,51%
7TREE-PC-SHI-XM15Pro-BLK,,61%,11.0,13.9,7.9,20.0,50%,4,33%,12,24,51%
7TREE-PC-SHI-XM15Pro-TP,,61%,11.0,13.9,7.9,20.0,50%,4,33%,12,24,51%
7TREE-PC-SHI-XM15-BLK,,61%,11.0,13.9,7.9,20.0,50%,4,33%,12,24,51%
7TREE-PC-SHI-XM15-TP,,61%,11.0,13.9,7.9,20.0,50%,4,33%,12,24,51%
7TREE-PC-SHI-Mi14TPro-BLK,,61%,11.0,13.9,7.9,20.0,50%,4,33%,12,24,51%
7TREE-PC-SHI-Mi14TPro-TP,,61%,11.0,13.9,7.9,20.0,50%,4,33%,12,24,51%
7TREE-PC-SHI-Mi14T-BLK,,61%,11.0,13.9,7.9,20.0,50%,4,33%,12,24,51%
7TREE-PC-SHI-Mi14T-TP,,61%,11.0,13.9,7.9,20.0,50%,4,33%,12,24,51%
7TREE-PC-SHI-XM14Ultra-TP,,61%,11.0,13.9,7.9,20.0,50%,4,33%,12,24,51%
7TREE-PC-SHI-XM14Ultra-BLK,,61%,11.0,13.9,7.9,20.0,50%,4,33%,12,24,51%
7TREE-PC-SHI-XM14-BLK,,61%,11.0,13.9,7.9,20.0,50%,4,33%,12,24,51%
7TREE-PC-SHI-XM14-TP,,61%,11.0,13.9,7.9,20.0,50%,4,33%,12,24,51%
7TREE-PC-SHI-XM13Ultra-TP,,61%,11.0,13.9,7.9,20.0,50%,4,33%,12,24,51%
7TREE-PC-SHI-XM13Ultra-BLK,,61%,11.0,13.9,7.9,20.0,50%,4,33%,12,24,51%
7TREE-PC-SHI-1+11-BLK,,61%,11.0,13.9,7.9,20.0,50%,4,33%,12,24,51%
7TREE-PC-SHI-1+11-TP,,61%,11.0,13.9,7.9,20.0,50%,4,33%,12,24,51%
7TREE-PC-SHI-OnePlus12-BLK,,61%,11.0,13.9,7.9,20.0,50%,4,33%,12,24,51%
7TREE-PC-SHI-OnePlus12-TP,,61%,11.0,13.9,7.9,20.0,50%,4,33%,12,24,51%
7TREE-PC-SHI-HN/X9C-BLK,,61%,11.0,13.9,7.9,20.0,50%,4,33%,12,24,51%
7TREE-PC-SHI-HN/X9C-TP,,61%,11.0,13.9,7.9,20.0,50%,4,33%,12,24,51%
7TREE-PC-SHI-Magic7Pro-BLK,,61%,11.0,13.9,7.9,20.0,50%,4,33%,12,24,51%
7TREE-PC-SHI-Magic7Pro-TP,,61%,11.0,13.9,7.9,20.0,50%,4,33%,12,24,51%
7TREE-PC-SHI-Magic6Pro-TP,,61%,11.0,13.9,7.9,20.0,50%,4,33%,12,24,51%
7TREE-PC-SHI-Magic6Pro-BLK,,61%,11.0,13.9,7.9,20.0,50%,4,33%,12,24,51%
7TREE-PC-SHI-Magic5Pro-TP,,61%,11.0,13.9,7.9,20.0,50%,4,33%,12,24,51%
7TREE-PC-SHI-Magic5Pro-BLK,,61%,11.0,13.9,7.9,20.0,50%,4,33%,12,24,51%
7TREE-PC-SHI-Magic5-TP,,61%,11.0,13.9,7.9,20.0,50%,4,33%,12,24,51%
7TREE-PC-SHI-Magic5-BLK,,61%,11.0,13.9,7.9,20.0,50%,4,33%,12,24,51%
7TREE-PC-SHI-Honor200Pro-BLK,,61%,11.0,13.9,7.9,20.0,50%,4,33%,12,24,51%
7TREE-PC-SHI-Honor200Pro-TP,,61%,11.0,13.9,7.9,20.0,50%,4,33%,12,24,51%
7TREE-PC-SHI-Honor200-BLK,,61%,11.0,13.9,7.9,20.0,50%,4,33%,12,24,51%
7TREE-PC-SHI-Honor200-TP,,61%,11.0,13.9,7.9,20.0,50%,4,33%,12,24,51%
7TREE-PC-SHI-Honor90-BLK,,61%,11.0,13.9,7.9,20.0,50%,4,33%,12,24,51%
7TREE-PC-SHI-Honor90-TP,,61%,11.0,13.9,7.9,20.0,50%,4,33%,12,24,51%
7TREE-PC-SHI-iQOO12-BLK,,61%,11.0,13.9,7.9,20.0,50%,4,33%,12,24,51%
7TREE-PC-SHI-iQOO12-TP,,61%,11.0,13.9,7.9,20.0,50%,4,33%,12,24,51%
7TREE-PC-SHI-IQOO13-BLK,,61%,11.0,13.9,7.9,20.0,50%,4,33%,12,24,51%
7TREE-PC-SHI-IQOO13-TP,,61%,11.0,13.9,7.9,20.0,50%,4,33%,12,24,51%
7TREE-PC-SHI-Pixel9A-BLK,,61%,11.0,13.9,7.9,20.0,50%,4,33%,12,24,51%
7TREE-PC-SHI-Pixel9A-TP,,61%,11.0,13.9,7.9,20.0,50%,4,33%,12,24,51%
7TREE-PC-SHI-Pixel9Pro-BLK,,61%,11.0,13.9,7.9,20.0,50%,4,33%,12,24,51%
7TREE-PC-SHI-Pixel9Pro-TP,,61%,11.0,13.9,7.9,20.0,50%,4,33%,12,24,51%
7TREE-PC-SHI-Pixel9ProXL-BLK,,61%,11.0,13.9,7.9,20.0,50%,4,33%,12,24,51%
7TREE-PC-SHI-Pixel9ProXL-TP,,61%,11.0,13.9,7.9,20.0,50%,4,33%,12,24,51%
7TREE-PC-SHI-NTH/3APRO-TP,,61%,11.0,13.9,7.9,20.0,50%,4,33%,12,24,51%
7TREE-PC-SHI-NTH/3APRO-BLK,,61%,11.0,13.9,7.9,20.0,50%,4,33%,12,24,51%
7TREE-PC-SHI-NTH/3A-TP,,61%,11.0,13.9,7.9,20.0,50%,4,33%,12,24,51%
7TREE-PC-SHI-NTH/3A-BLK,,61%,11.0,13.9,7.9,20.0,50%,4,33%,12,24,51%
7TREE-PC-SHI-NTH/Phone2A-TP,,61%,11.0,13.9,7.9,20.0,50%,4,33%,12,24,51%
7TREE-PC-SHI-NTH/Phone2A-BLK,,61%,11.0,13.9,7.9,20.0,50%,4,33%,12,24,51%
7TREE-PC-SHI-S24FE-BLK,,61%,11.0,13.9,7.9,20.0,50%,4,33%,12,24,51%
7TREE-PC-SHI-S24FE-TP,,61%,11.0,13.9,7.9,20.0,50%,4,33%,12,24,51%
7TREE-PC-SHI(MS)-S24Ultra-BLK,,55%,18.0,20.3,12.5,28.0,50%,6,33%,19,34,44%
7TREE-PC-SHI(MS)-S24Ultra-TP,,55%,18.0,20.3,12.5,28.0,50%,6,33%,19,34,44%
7TREE-PC-SHI(MS)-S24Plus-BLK,,55%,18.0,20.3,12.5,28.0,50%,6,33%,19,34,44%
7TREE-PC-SHI(MS)-S24Plus-TP,,55%,18.0,20.3,12.5,28.0,50%,6,33%,19,34,44%
7TREE-PC-SHI(MS)-S24-BLK,,55%,18.0,20.3,12.5,28.0,50%,6,33%,19,34,44%
7TREE-PC-SHI(MS)-S24-TP,,55%,18.0,20.3,12.5,28.0,50%,6,33%,19,34,44%
7TREE-PC-SHI(MS)-XM15Ultra-BLK,,55%,18.0,20.3,12.5,28.0,50%,6,33%,19,34,44%
7TREE-PC-SHI(MS)-XM15Ultra-TP,,55%,18.0,20.3,12.5,28.0,50%,6,33%,19,34,44%
7TREE-PC-SHI(MS)-XM15Pro-TP,,55%,18.0,20.3,12.5,28.0,50%,6,33%,19,34,44%
7TREE-PC-SHI(MS)-XM15Pro-BLK,,55%,18.0,20.3,12.5,28.0,50%,6,33%,19,34,44%
7TREE-PC-SHI(MS)-XM15-BLK,,55%,18.0,20.3,12.5,28.0,50%,6,33%,19,34,44%
7TREE-PC-SHI(MS)-XM15-TP,,55%,18.0,20.3,12.5,28.0,50%,6,33%,19,34,44%
7TREE-PC-SHI(MS)-Mi14TPro-BLK,,55%,18.0,20.3,12.5,28.0,50%,6,33%,19,34,44%
7TREE-PC-SHI(MS)-Mi14TPro-TP,,55%,18.0,20.3,12.5,28.0,50%,6,33%,19,34,44%
7TREE-PC-SHI(MS)-Mi14T-BLK,,55%,18.0,20.3,12.5,28.0,50%,6,33%,19,34,44%
7TREE-PC-SHI(MS)-Mi14T-TP,,55%,18.0,20.3,12.5,28.0,50%,6,33%,19,34,44%
7TREE-PC-SHI(MS)-XM14Ultra-BLK,,55%,18.0,20.3,12.5,28.0,50%,6,33%,19,34,44%
7TREE-PC-SHI(MS)-XM14Ultra-TP,,55%,18.0,20.3,12.5,28.0,50%,6,33%,19,34,44%
7TREE-PC-SHI(MS)-XM14-BLK,,55%,18.0,20.3,12.5,28.0,50%,6,33%,19,34,44%
7TREE-PC-SHI(MS)-XM14-TP,,55%,18.0,20.3,12.5,28.0,50%,6,33%,19,34,44%
7TREE-PC-SHI(MS)-XM13Ultra-BLK,,55%,18.0,20.3,12.5,28.0,50%,6,33%,19,34,44%
7TREE-PC-SHI(MS)-XM13Ultra-TP,,55%,18.0,20.3,12.5,28.0,50%,6,33%,19,34,44%
7TREE-PC-SHI(MS)-HN/X9C-TP,,55%,18.0,20.3,12.5,28.0,50%,6,33%,19,34,44%
7TREE-PC-SHI(MS)-HN/X9C-BLK,,55%,18.0,20.3,12.5,28.0,50%,6,33%,19,34,44%
7TREE-PC-SHI(MS)-Magic7Pro-TP,,55%,18.0,20.3,12.5,28.0,50%,6,33%,19,34,44%
7TREE-PC-SHI(MS)-Magic7Pro-BLK,,55%,18.0,20.3,12.5,28.0,50%,6,33%,19,34,44%
7TREE-PC-SHI(MS)-Magic6Pro-BLK,,55%,18.0,20.3,12.5,28.0,50%,6,33%,19,34,44%
7TREE-PC-SHI(MS)-Magic6Pro-TP,,55%,18.0,20.3,12.5,28.0,50%,6,33%,19,34,44%
7TREE-PC-SHI(MS)-Magic5Pro-BLK,,55%,18.0,20.3,12.5,28.0,50%,6,33%,19,34,44%
7TREE-PC-SHI(MS)-Magic5Pro-TP,,55%,18.0,20.3,12.5,28.0,50%,6,33%,19,34,44%
7TREE-PC-SHI(MS)-Magic5-BLK,,55%,18.0,20.3,12.5,28.0,50%,6,33%,19,34,44%
7TREE-PC-SHI(MS)-Magic5-TP,,55%,18.0,20.3,12.5,28.0,50%,6,33%,19,34,44%
7TREE-PC-SHI(MS)-Honor200Pro-BLK,,55%,18.0,20.3,12.5,28.0,50%,6,33%,19,34,44%
7TREE-PC-SHI(MS)-Honor200Pro-TP,,55%,18.0,20.3,12.5,28.0,50%,6,33%,19,34,44%
7TREE-PC-SHI(MS)-Honor200-BLK,,55%,18.0,20.3,12.5,28.0,50%,6,33%,19,34,44%
7TREE-PC-SHI(MS)-Honor200-TP,,55%,18.0,20.3,12.5,28.0,50%,6,33%,19,34,44%
7TREE-PC-SHI(MS)-Honor90-BLK,,55%,18.0,20.3,12.5,28.0,50%,6,33%,19,34,44%
7TREE-PC-SHI(MS)-Honor90-TP,,55%,18.0,20.3,12.5,28.0,50%,6,33%,19,34,44%
7TREE-PC-SHI(MS)-IQOO13-BLK,,61%,11.0,13.9,7.9,20.0,50%,4,33%,12,24,51%
7TREE-PC-SHI(MS)-IQOO13-TP,,61%,11.0,13.9,7.9,20.0,50%,4,33%,12,24,51%
7TREE-PC-SHI(MS)-Pixel9Pro-BLK,,55%,18.0,20.3,12.5,28.0,50%,6,33%,19,34,44%
7TREE-PC-SHI(MS)-Pixel9Pro-TP,,55%,18.0,20.3,12.5,28.0,50%,6,33%,19,34,44%
7TREE-PC-SHI(MS)-Pixel9ProXL-BLK,,55%,18.0,20.3,12.5,28.0,50%,6,33%,19,34,44%
7TREE-PC-SHI(MS)-Pixel9ProXL-TP,,55%,18.0,20.3,12.5,28.0,50%,6,33%,19,34,44%
7TREE-PC-SHI(MS)-Pixel9A-BLK,,55%,18.0,20.3,12.5,28.0,50%,6,33%,19,34,44%
7TREE-PC-SHI(MS)-Pixel9A-TP,,55%,18.0,20.3,12.5,28.0,50%,6,33%,19,34,44%
7TREE-PC-SHI(MS)-NTH/3APRO-BLK,,55%,18.0,20.3,12.5,28.0,50%,6,33%,19,34,44%
7TREE-PC-SHI(MS)-NTH/3APRO-TP,,55%,18.0,20.3,12.5,28.0,50%,6,33%,19,34,44%
7TREE-PC-SHI(MS)-NTH/3A-BLK,,55%,18.0,20.3,12.5,28.0,50%,6,33%,19,34,44%
7TREE-PC-SHI(MS)-NTH/3A-TP,,55%,18.0,20.3,12.5,28.0,50%,6,33%,19,34,44%
7TREE-PC-SHI(MS)-NTH/Phone2A-BLK,,55%,18.0,20.3,12.5,28.0,50%,6,33%,19,34,44%
7TREE-PC-SHI(MS)-NTH/Phone2A-TP,,55%,18.0,20.3,12.5,28.0,50%,6,33%,19,34,44%
7TREE-PC-SHI(MS)-NTH/Phone2-BLK,,55%,18.0,20.3,12.5,28.0,50%,6,33%,19,34,44%
7TREE-PC-SHI(MS)-NTH/Phone2-TP,,55%,18.0,20.3,12.5,28.0,50%,6,33%,19,34,44%
GB-PC-QJ-NTH/3A-MAT/BLK,,72%,7.5,12.8,5.6,20.0,50%,3,33%,8,24,65%
GB-PC-QJ-NTH/3A-CLR/BLK,,72%,7.5,12.8,5.6,20.0,50%,3,33%,8,24,65%
GB-PC-QJ-NTH/3APRO-MAT/BLK,,72%,7.5,12.8,5.6,20.0,50%,3,33%,8,24,65%
GB-PC-QJ-NTH/3APRO-CLR/BLK,,72%,7.5,12.8,5.6,20.0,50%,3,33%,8,24,65%
GB-PC-QJ-NoPhone2-MAT/BLK,,72%,7.5,12.8,5.6,20.0,50%,3,33%,8,24,65%
GB-PC-QJ-NoPhone2-CLR/BLK,,72%,7.5,12.8,5.6,20.0,50%,3,33%,8,24,65%
GB-PC-QJ-NTH/Phone2A-MAT/BLK,,72%,7.5,12.8,5.6,20.0,50%,3,33%,8,24,65%
GB-PC-QJ-NTH/Phone2A-CLR/BLK,,72%,7.5,12.8,5.6,20.0,50%,3,33%,8,24,65%
GB-PC-QJ-CMF1-MAT/BLK,,72%,7.5,12.8,5.6,20.0,50%,3,33%,8,24,65%
GB-PC-QJ-CMF1-CLR/BLK,,72%,7.5,12.8,5.6,20.0,50%,3,33%,8,24,65%
GB-PC-QJ-ROG7-MAT/BLK,,72%,7.5,12.8,5.6,20.0,50%,3,33%,8,24,65%
GB-PC-QJ-ROG7-CLR/BLK,,72%,7.5,12.8,5.6,20.0,50%,3,33%,8,24,65%
GB-PC-QJ-ROG8/8Pro-MAT/BLK,,72%,7.5,12.8,5.6,20.0,50%,3,33%,8,24,65%
GB-PC-QJ-ROG8/8Pro-CLR/BLK,,72%,7.5,12.8,5.6,20.0,50%,3,33%,8,24,65%
GB-PC-QJ-ROG9-MAT/BLK,,72%,7.5,12.8,5.6,20.0,50%,3,33%,8,24,65%
GB-PC-QJ-ROG9-CLR/BLK,,72%,7.5,12.8,5.6,20.0,50%,3,33%,8,24,65%
GB-PC-QJ-RMagic10Pro-MAT/BLK,,72%,7.5,12.8,5.6,20.0,50%,3,33%,8,24,65%
GB-PC-QJ-RMagic10Pro-CLR/BLK,,72%,7.5,12.8,5.6,20.0,50%,3,33%,8,24,65%
GB-PC-QJ-RMagic9-MAT/BLK,,72%,7.5,12.8,5.6,20.0,50%,3,33%,8,24,65%
GB-PC-QJ-RMagic9-CLR/BLK,,72%,7.5,12.8,5.6,20.0,50%,3,33%,8,24,65%
GB-PC-QJ-RMagic8-MAT/BLK,,72%,7.5,12.8,5.6,20.0,50%,3,33%,8,24,65%
GB-PC-QJ-RMagic8-CLR/BLK,,72%,7.5,12.8,5.6,20.0,50%,3,33%,8,24,65%
GB-PC-QJ-IQOO/13-MAT/BLK,,72%,7.5,12.8,5.6,20.0,50%,3,33%,8,24,65%
GB-PC-QJ-IQOO/13-CLR/BLK,,72%,7.5,12.8,5.6,20.0,50%,3,33%,8,24,65%
GB-PC-QJ-IQ/Z9X-MAT/BLK,,72%,7.5,12.8,5.6,20.0,50%,3,33%,8,24,65%
GB-PC-QJ-IQ/Z9X-CLR/BLK,,72%,7.5,12.8,5.6,20.0,50%,3,33%,8,24,65%
GB-PC-QJ-IQOO/12-MAT/BLK,,72%,7.5,12.8,5.6,20.0,50%,3,33%,8,24,65%
GB-PC-QJ-IQOO/12-CLR/BLK,,72%,7.5,12.8,5.6,20.0,50%,3,33%,8,24,65%
GB-PC-QJ-Honor200Pro-MAT/BLK,,72%,7.5,12.8,5.6,20.0,50%,3,33%,8,24,65%
GB-PC-QJ-Honor200Pro-CLR/BLK,,72%,7.5,12.8,5.6,20.0,50%,3,33%,8,24,65%
GB-PC-QJ-Honor200-MAT/BLK,,72%,7.5,12.8,5.6,20.0,50%,3,33%,8,24,65%
GB-PC-QJ-Honor200-CLR/BLK,,72%,7.5,12.8,5.6,20.0,50%,3,33%,8,24,65%
GB-PC-QJ-HN/X9B-MAT/BLK,,72%,7.5,12.8,5.6,20.0,50%,3,33%,8,24,65%
GB-PC-QJ-HN/X9B-CLR/BLK,,72%,7.5,12.8,5.6,20.0,50%,3,33%,8,24,65%
GB-PC-QJ-HN/X9C-MAT/BLK,,72%,7.5,12.8,5.6,20.0,50%,3,33%,8,24,65%
GB-PC-QJ-HN/X9C-CLR/BLK,,72%,7.5,12.8,5.6,20.0,50%,3,33%,8,24,65%
GB-PC-QJ-HN/SMARTX9C-MAT/BLK,,72%,7.5,12.8,5.6,20.0,50%,3,33%,8,24,65%
GB-PC-QJ-HN/SMARTX9C-CLR/BLK,,72%,7.5,12.8,5.6,20.0,50%,3,33%,8,24,65%
GB-PC-QJ-Smart/X7c-MAT/BLK,,72%,7.5,12.8,5.6,20.0,50%,3,33%,8,24,65%
GB-PC-QJ-Smart/X7c-CLR/BLK,,72%,7.5,12.8,5.6,20.0,50%,3,33%,8,24,65%
GB-PC-QJ-Magic7Pro-MAT/BLK,,72%,7.5,12.8,5.6,20.0,50%,3,33%,8,24,65%
GB-PC-QJ-Magic7Pro-CLR/BLK,,72%,7.5,12.8,5.6,20.0,50%,3,33%,8,24,65%
GB-PC-QJ-Pixel9Pro-MAT/BLK,,72%,7.5,12.8,5.6,20.0,50%,3,33%,8,24,65%
GB-PC-QJ-Pixel9Pro-CLR/BLK,,72%,7.5,12.8,5.6,20.0,50%,3,33%,8,24,65%
GB-PC-QJ-Pixel9ProXL-MAT/BLK,,72%,7.5,12.8,5.6,20.0,50%,3,33%,8,24,65%
GB-PC-QJ-Pixel9ProXL-CLR/BLK,,72%,7.5,12.8,5.6,20.0,50%,3,33%,8,24,65%
GB-PC-QJ-Pixel9A-MAT/BLK,,72%,7.5,12.8,5.6,20.0,50%,3,33%,8,24,65%
GB-PC-QJ-Pixel9A-CLR/BLK,,72%,7.5,12.8,5.6,20.0,50%,3,33%,8,24,65%
GB-PC-QJ-Pixel10/10Pro-MAT/BLK,,72%,7.5,12.8,5.6,20.0,50%,3,33%,8,24,65%
GB-PC-QJ-Pixel10/10Pro-CLR/BLK,,72%,7.5,12.8,5.6,20.0,50%,3,33%,8,24,65%
GB-PC-QJ-Pixel10ProXL-MAT/BLK,,72%,7.5,12.8,5.6,20.0,50%,3,33%,8,24,65%
GB-PC-QJ-Pixel10ProXL-CLR/BLK,,72%,7.5,12.8,5.6,20.0,50%,3,33%,8,24,65%
GB-PC-QJ-Reno12-MAT/BLK,,72%,7.5,12.8,5.6,20.0,50%,3,33%,8,24,65%
GB-PC-QJ-Reno12-CLR/BLK,,72%,7.5,12.8,5.6,20.0,50%,3,33%,8,24,65%
GB-PC-QJ-Reno12Pro-MAT/BLK,,72%,7.5,12.8,5.6,20.0,50%,3,33%,8,24,65%
GB-PC-QJ-Reno12Pro-CLR/BLK,,72%,7.5,12.8,5.6,20.0,50%,3,33%,8,24,65%
GB-PC-QJ-Reno12F-MAT/BLK,,72%,7.5,12.8,5.6,20.0,50%,3,33%,8,24,65%
GB-PC-QJ-Reno12F-CLR/BLK,,72%,7.5,12.8,5.6,20.0,50%,3,33%,8,24,65%
GB-PC-QJ-RENO13-MAT/BLK,,72%,7.5,12.8,5.6,20.0,50%,3,33%,8,24,65%
GB-PC-QJ-RENO13-CLR/BLK,,72%,7.5,12.8,5.6,20.0,50%,3,33%,8,24,65%
GB-PC-QJ-RENO13PRO-MAT/BLK,,72%,7.5,12.8,5.6,20.0,50%,3,33%,8,24,65%
GB-PC-QJ-RENO13PRO-CLR/BLK,,72%,7.5,12.8,5.6,20.0,50%,3,33%,8,24,65%
GB-PC-QJ-RENO13F(4G/5G)-MAT/BLK,,72%,7.5,12.8,5.6,20.0,50%,3,33%,8,24,65%
GB-PC-QJ-RENO13F(4G/5G)-CLR/BLK,,72%,7.5,12.8,5.6,20.0,50%,3,33%,8,24,65%
GB-PC-QJ-A5Pro(4G/5G)-MAT/BLK,,72%,7.5,12.8,5.6,20.0,50%,3,33%,8,24,65%
GB-PC-QJ-A5Pro(4G/5G)-CLR/BLK,,72%,7.5,12.8,5.6,20.0,50%,3,33%,8,24,65%
GB-PC-QJ-S/A56(5G)-MAT/BLK,,72%,7.5,12.8,5.6,20.0,50%,3,33%,8,24,65%
GB-PC-QJ-S/A56(5G)-CLR/BLK,,72%,7.5,12.8,5.6,20.0,50%,3,33%,8,24,65%
GB-PC-QJ-S/A55(5G)-MAT/BLK,,72%,7.5,12.8,5.6,20.0,50%,3,33%,8,24,65%
GB-PC-QJ-S/A55(5G)-CLR/BLK,,72%,7.5,12.8,5.6,20.0,50%,3,33%,8,24,65%
GB-PC-QJ-S/A36(5G)-MAT/BLK,,72%,7.5,12.8,5.6,20.0,50%,3,33%,8,24,65%
GB-PC-QJ-S/A36(5G)-CLR/BLK,,72%,7.5,12.8,5.6,20.0,50%,3,33%,8,24,65%
GB-PC-QJ-S/A35(5G)-MAT/BLK,,72%,7.5,12.8,5.6,20.0,50%,3,33%,8,24,65%
GB-PC-QJ-S/A35(5G)-CLR/BLK,,72%,7.5,12.8,5.6,20.0,50%,3,33%,8,24,65%
GB-PC-QJ-S/A15(4G/5G)-MAT/BLK,,72%,7.5,12.8,5.6,20.0,50%,3,33%,8,24,65%
GB-PC-QJ-S/A15(4G/5G)-CLR/BLK,,72%,7.5,12.8,5.6,20.0,50%,3,33%,8,24,65%
GB-PC-QJ-S/A16-MAT/BLK,,72%,7.5,12.8,5.6,20.0,50%,3,33%,8,24,65%
GB-PC-QJ-S/A16-CLR/BLK,,72%,7.5,12.8,5.6,20.0,50%,3,33%,8,24,65%
GB-PC-QJ-PocoF7Pro-MAT/BLK,,72%,7.5,12.8,5.6,20.0,50%,3,33%,8,24,65%
GB-PC-QJ-PocoF7Pro-CLR/BLK,,72%,7.5,12.8,5.6,20.0,50%,3,33%,8,24,65%
GB-PC-QJ-PocoF7Ultra-MAT/BLK,,72%,7.5,12.8,5.6,20.0,50%,3,33%,8,24,65%
GB-PC-QJ-PocoF7Ultra-CLR/BLK,,72%,7.5,12.8,5.6,20.0,50%,3,33%,8,24,65%
GB-PC-QJ-X200-MAT/BLK,,72%,7.5,12.8,5.6,20.0,50%,3,33%,8,24,65%
GB-PC-QJ-X200-CLR/BLK,,72%,7.5,12.8,5.6,20.0,50%,3,33%,8,24,65%
GB-PC-QJ-X200Pro-MAT/BLK,,72%,7.5,12.8,5.6,20.0,50%,3,33%,8,24,65%
GB-PC-QJ-X200Pro-CLR/BLK,,72%,7.5,12.8,5.6,20.0,50%,3,33%,8,24,65%
GB-PC-QJ-X100-MAT/BLK,,72%,7.5,12.8,5.6,20.0,50%,3,33%,8,24,65%
GB-PC-QJ-X100-CLR/BLK,,72%,7.5,12.8,5.6,20.0,50%,3,33%,8,24,65%
GB-PC-QJ-X100Pro-MAT/BLK,,72%,7.5,12.8,5.6,20.0,50%,3,33%,8,24,65%
GB-PC-QJ-X100Pro-CLR/BLK,,72%,7.5,12.8,5.6,20.0,50%,3,33%,8,24,65%
GB-PC-QJ-V50-MAT/BLK,,72%,7.5,12.8,5.6,20.0,50%,3,33%,8,24,65%
GB-PC-QJ-V50-CLR/BLK,,72%,7.5,12.8,5.6,20.0,50%,3,33%,8,24,65%
GB-PC-QJ-V40/Pro-MAT/BLK,,72%,7.5,12.8,5.6,20.0,50%,3,33%,8,24,65%
GB-PC-QJ-V40/Pro-CLR/BLK,,72%,7.5,12.8,5.6,20.0,50%,3,33%,8,24,65%
GB-PC-QJ-V30/PRO-MAT/BLK,,72%,7.5,12.8,5.6,20.0,50%,3,33%,8,24,65%
GB-PC-QJ-V30/PRO-CLR/BLK,,72%,7.5,12.8,5.6,20.0,50%,3,33%,8,24,65%
GB-PC-QJ-V29/Pro-MAT/BLK,,72%,7.5,12.8,5.6,20.0,50%,3,33%,8,24,65%
GB-PC-QJ-V29/Pro-CLR/BLK,,72%,7.5,12.8,5.6,20.0,50%,3,33%,8,24,65%
GB-PC-QJ-Y39(5G)-MAT/BLK,,72%,7.5,12.8,5.6,20.0,50%,3,33%,8,24,65%
GB-PC-QJ-Y39(5G)-CLR/BLK,,72%,7.5,12.8,5.6,20.0,50%,3,33%,8,24,65%
GB-PC-QJ-Y29-MAT/BLK,,72%,7.5,12.8,5.6,20.0,50%,3,33%,8,24,65%
GB-PC-QJ-Y29-CLR/BLK,,72%,7.5,12.8,5.6,20.0,50%,3,33%,8,24,65%
GB-PC-QJ-Y100(5G)-MAT/BLK,,72%,7.5,12.8,5.6,20.0,50%,3,33%,8,24,65%
GB-PC-QJ-Y100(5G)-CLR/BLK,,72%,7.5,12.8,5.6,20.0,50%,3,33%,8,24,65%
GB-PC-QJ(MS)-Honor200-MAT/BLK,,67%,13.0,18.6,9.2,28.0,50%,5,33%,14,34,59%
GB-PC-QJ(MS)-Honor200Pro-MAT/BLK,,67%,13.0,18.6,9.2,28.0,50%,5,33%,14,34,59%
GB-PC-QJ(MS)-Magic7Pro-MAT/BLK,,67%,13.0,18.6,9.2,28.0,50%,5,33%,14,34,59%
GB-PC-QJ(MS)-Magic6Pro-MAT/BLK,,67%,13.0,18.6,9.2,28.0,50%,5,33%,14,34,59%
GB-PC-QJ(MS)-Pixel9Pro-MAT/BLK,,67%,13.0,18.6,9.2,28.0,50%,5,33%,14,34,59%
GB-PC-QJ(MS)-Pixel9ProXL-MAT/BLK,,67%,13.0,18.6,9.2,28.0,50%,5,33%,14,34,59%
GB-PC-QJ(MS)-Pixel9A-MAT/BLK,,67%,13.0,18.6,9.2,28.0,50%,5,33%,14,34,59%
GB-PC-QJ(MS)-Pixel10/10Pro-MAT/BLK,,67%,13.0,18.6,9.2,28.0,50%,5,33%,14,34,59%
GB-PC-QJ(MS)-Pixel10ProXL-MAT/BLK,,67%,13.0,18.6,9.2,28.0,50%,5,33%,14,34,59%
GB-PC-QJ(MS)-Reno12-MAT/BLK,,67%,13.0,18.6,9.2,28.0,50%,5,33%,14,34,59%
GB-PC-QJ(MS)-Reno12Pro-MAT/BLK,,67%,13.0,18.6,9.2,28.0,50%,5,33%,14,34,59%
GB-PC-QJ(MS)-Reno12F-MAT/BLK,,67%,13.0,18.6,9.2,28.0,50%,5,33%,14,34,59%
GB-PC-QJ(MS)-RENO13-MAT/BLK,,67%,13.0,18.6,9.2,28.0,50%,5,33%,14,34,59%
GB-PC-QJ(MS)-RENO13PRO-MAT/BLK,,67%,13.0,18.6,9.2,28.0,50%,5,33%,14,34,59%
GB-PC-QJ(MS)-RENO13F(4G/5G)-MAT/BLK,,67%,13.0,18.6,9.2,28.0,50%,5,33%,14,34,59%
GB-PC-QJ(MS)-S/A56(5G)-MAT/BLK,,67%,13.0,18.6,9.2,28.0,50%,5,33%,14,34,59%
GB-PC-QJ(MS)-S/A55(5G)-MAT/BLK,,67%,13.0,18.6,9.2,28.0,50%,5,33%,14,34,59%
GB-PC-QJ(MS)-S/A36(5G)-MAT/BLK,,67%,13.0,18.6,9.2,28.0,50%,5,33%,14,34,59%
GB-PC-QJ(MS)-S/A35(5G)-MAT/BLK,,67%,13.0,18.6,9.2,28.0,50%,5,33%,14,34,59%
GB-PC-QJ(MS)-S/A16-MAT/BLK,,67%,13.0,18.6,9.2,28.0,50%,5,33%,14,34,59%
GB-PC-QJ(MS)-S/A15(4G/5G)-MAT/BLK,,67%,13.0,18.6,9.2,28.0,50%,5,33%,14,34,59%
GB-PC-QJ(MS)-PocoF7Pro-MAT/BLK,,67%,13.0,18.6,9.2,28.0,50%,5,33%,14,34,59%
GB-PC-QJ(MS)-PocoF7Ultra-MAT/BLK,,67%,13.0,18.6,9.2,28.0,50%,5,33%,14,34,59%
GB-PC-QJ(MS)-X200-MAT/BLK,,67%,13.0,18.6,9.2,28.0,50%,5,33%,14,34,59%
GB-PC-QJ(MS)-X200Pro-MAT/BLK,,67%,13.0,18.6,9.2,28.0,50%,5,33%,14,34,59%
GB-PC-QJ(MS)-X100-MAT/BLK,,67%,13.0,18.6,9.2,28.0,50%,5,33%,14,34,59%
GB-PC-QJ(MS)-X100Pro-MAT/BLK,,67%,13.0,18.6,9.2,28.0,50%,5,33%,14,34,59%
GB-PC-QJ(MS)-V50-MAT/BLK,,67%,13.0,18.6,9.2,28.0,50%,5,33%,14,34,59%
GB-PC-QJ(MS)-V40/Pro-MAT/BLK,,67%,13.0,18.6,9.2,28.0,50%,5,33%,14,34,59%
GB-PC-QJ(MS)-V30/PRO-MAT/BLK,,67%,13.0,18.6,9.2,28.0,50%,5,33%,14,34,59%
OEM1-PC-PU-Pixel9A-GRY,,66%,17.0,23.4,11.8,35.0,50%,6,33%,18,42,58%
OEM1-PC-PU-Pixel9A-BLK,,66%,17.0,23.4,11.8,35.0,50%,6,33%,18,42,58%
OEM1-PC-PU-Pixel9/9Pro-GRY,,66%,17.0,23.4,11.8,35.0,50%,6,33%,18,42,58%
OEM1-PC-PU-Pixel9/9Pro-BLK,,66%,17.0,23.4,11.8,35.0,50%,6,33%,18,42,58%
OEM1-PC-PU-Pixel9PROXL-GRY,,66%,17.0,23.4,11.8,35.0,50%,6,33%,18,42,58%
OEM1-PC-PU-Pixel9PROXL-BLK,,66%,17.0,23.4,11.8,35.0,50%,6,33%,18,42,58%
OEM1-PC-PU-Magic7Pro-GRY,,66%,17.0,23.4,11.8,35.0,50%,6,33%,18,42,58%
OEM1-PC-PU-Magic7Pro-BLK,,66%,17.0,23.4,11.8,35.0,50%,6,33%,18,42,58%
OEM1-PC-PU(MS)-Magic7Pro-GRY,,62%,24.0,29.7,16.4,43.0,50%,8,33%,25,52,52%
OEM1-PC-PU(MS)-Magic7Pro-BLK,,62%,24.0,29.7,16.4,43.0,50%,8,33%,25,52,52%
OEM1-PC-PU-IQOO13-GRY,,66%,17.0,23.4,11.8,35.0,50%,6,33%,18,42,58%
OEM1-PC-PU-IQOO13-BLK,,66%,17.0,23.4,11.8,35.0,50%,6,33%,18,42,58%
OEM1-PC-PU(MS)-IQOO13-GRY,,62%,24.0,29.7,16.4,43.0,50%,8,33%,25,52,52%
OEM1-PC-PU(MS)-IQOO13-BLK,,62%,24.0,29.7,16.4,43.0,50%,8,33%,25,52,52%
OEM1-PC-PU-X200-GRY,,66%,17.0,23.4,11.8,35.0,50%,6,33%,18,42,58%
OEM1-PC-PU-X200-BLK,,66%,17.0,23.4,11.8,35.0,50%,6,33%,18,42,58%
OEM1-PC-PU(MS)-X200-GRY,,62%,24.0,29.7,16.4,43.0,50%,8,33%,25,52,52%
OEM1-PC-PU(MS)-X200-BLK,,62%,24.0,29.7,16.4,43.0,50%,8,33%,25,52,52%
OEM1-PC-PU-X200Pro-GRY,,66%,17.0,23.4,11.8,35.0,50%,6,33%,18,42,58%
OEM1-PC-PU-X200Pro-BLK,,66%,17.0,23.4,11.8,35.0,50%,6,33%,18,42,58%
OEM1-PC-PU(MS)-X200Pro-GRY,,62%,24.0,29.7,16.4,43.0,50%,8,33%,25,52,52%
OEM1-PC-PU(MS)-X200Pro-BLK,,62%,24.0,29.7,16.4,43.0,50%,8,33%,25,52,52%
OEM1-PC-PU-XM15Ultra-GRY,,66%,17.0,23.4,11.8,35.0,50%,6,33%,18,42,58%
OEM1-PC-PU-XM15Ultra-BLK,,66%,17.0,23.4,11.8,35.0,50%,6,33%,18,42,58%
OEM1-PC-PU(MS)-XM15Ultra-GRY,,62%,24.0,29.7,16.4,43.0,50%,8,33%,25,52,52%
OEM1-PC-PU(MS)-XM15Ultra-BLK,,62%,24.0,29.7,16.4,43.0,50%,8,33%,25,52,52%
OEM1-PC-PU-XM15-GRY,,66%,17.0,23.4,11.8,35.0,50%,6,33%,18,42,58%
OEM1-PC-PU-XM15-BLK,,66%,17.0,23.4,11.8,35.0,50%,6,33%,18,42,58%
OEM1-PC-PU(MS)-XM15-GRY,,62%,24.0,29.7,16.4,43.0,50%,8,33%,25,52,52%
OEM1-PC-PU(MS)-XM15-BLK,,62%,24.0,29.7,16.4,43.0,50%,8,33%,25,52,52%
BNKS-PC-VitaPro-S25Ultra-BLK,,61%,59.0,72.8,39.5,100.0,50%,20,33%,59,120,51%
BNKS-PC-VitaPro-S25Ultra-GRY,,61%,59.0,72.8,39.5,100.0,50%,20,33%,59,120,51%
BNKS-PC-VitaPro-S25Ultra-GRN,,61%,59.0,72.8,39.5,100.0,50%,20,33%,59,120,51%
BNKS-PC-AMPRO/PRES-i16Pro-GLD,,51%,199.0,214.6,131.6,270.0,50%,66,33%,197,324,39%
BNKS-PC-AMPRO/PRES-i16ProMax-GLD,,51%,199.0,214.6,131.6,270.0,50%,66,33%,197,324,39%
BNKS-ACE-AMPOP/L56-PRES,,63%,65.0,88.2,43.4,118.0,50%,22,33%,65,142,54%
BNKS-ACE-AMPOP/L56-AUR,,63%,65.0,88.2,43.4,118.0,50%,22,33%,65,142,54%
BNKS-ACE-AMPOP/L56-BLK,,63%,65.0,88.2,43.4,118.0,50%,22,33%,65,142,54%
BNKS-ACE-GRIP-AURA,,63%,55.0,71.6,36.8,100.0,50%,18,33%,55,120,54%
BNKS-ACE-GRIP-CARB-BLK,,63%,55.0,71.6,36.8,100.0,50%,18,33%,55,120,54%
BNKS-ACE-GRIP-VitaPro-GRY,,57%,25.0,28.6,17.1,40.0,50%,9,33%,26,48,47%
BNKS-ACE-GRIP-VitaPro-BLK,,57%,25.0,28.6,17.1,40.0,50%,9,33%,26,48,47%
BNKS-ACE-GRIP-VitaPro-GRN,,57%,25.0,28.6,17.1,40.0,50%,9,33%,26,48,47%
BNKS-PC-AMPRO/MTG-i16Pro-BLK,,57%,129.0,154.2,85.5,200.0,50%,43,33%,128,240,47%
BNKS-PC-AMPRO/MTG-i16ProMax-BLK,,57%,129.0,154.2,85.5,200.0,50%,43,33%,128,240,47%
BNKS-PC-AMPRO/MTG-i15Pro-BLK,,57%,129.0,154.2,85.5,200.0,50%,43,33%,128,240,47%
BNKS-PC-AMPRO/MTG-i15ProMax-BLK,,57%,129.0,154.2,85.5,200.0,50%,43,33%,128,240,47%
BNKS-PC-AMPRO/MTG-S24Ultra-BLK,,57%,129.0,154.2,85.5,200.0,50%,43,33%,128,240,47%
BNKS-PC-AMPRO/MTG-S25Ultra-BLK,,57%,129.0,154.2,85.5,200.0,50%,43,33%,128,240,47%
BNKS-PC-AMAIR-i16ProMax-BLK,,55%,119.0,137.2,78.9,176.0,50%,39,33%,118,211,44%
BNKS-PC-AMAIR-i16Pro-BLK,,55%,119.0,137.2,78.9,176.0,50%,39,33%,118,211,44%
BNKS-PC-AMAIR-i16Plus-BLK,,55%,119.0,137.2,78.9,176.0,50%,39,33%,118,211,44%
BNKS-PC-AMAIR-i16-BLK,,55%,119.0,137.2,78.9,176.0,50%,39,33%,118,211,44%
BNKS-PC-AMAIR-i15ProMax-BLK,,55%,119.0,137.2,78.9,176.0,50%,39,33%,118,211,44%
BNKS-PC-AMAIR-i15Pro-BLK,,55%,119.0,137.2,78.9,176.0,50%,39,33%,118,211,44%
BNKS-PC-AMAIR-i14Pro-BLK,,56%,118.0,136.9,78.3,176.0,50%,39,33%,117,211,44%
BNKS-PC-AMAIR-i14ProMax-BLK,,56%,118.0,136.9,78.3,176.0,50%,39,33%,117,211,44%
BNKS-PC-AMAIR-S24Ultra-BLK,,55%,119.0,137.2,78.9,176.0,50%,39,33%,118,211,44%
BNKS-PC-AMAIR-S25Ultra-BLK,,55%,119.0,137.2,78.9,176.0,50%,39,33%,118,211,44%
BNKS-PC-AMPRO-i16ProMax-BLK,,57%,115.0,136.1,76.3,176.0,50%,38,33%,114,211,46%
BNKS-PC-AMPRO-i16Pro-BLK,,57%,115.0,136.1,76.3,176.0,50%,38,33%,114,211,46%
BNKS-PC-AMPRO-i16Plus-BLK,,57%,115.0,136.1,76.3,176.0,50%,38,33%,114,211,46%
BNKS-PC-AMPRO-i16-BLK,,57%,115.0,136.1,76.3,176.0,50%,38,33%,114,211,46%
BNKS-PC-AMPRO-i15ProMax-BLK,,57%,115.0,136.1,76.3,176.0,50%,38,33%,114,211,46%
BNKS-PC-AMPRO-i15Pro-BLK,,57%,115.0,136.1,76.3,176.0,50%,38,33%,114,211,46%
BNKS-PC-AMPRO-S24Ultra-BLK,,57%,115.0,136.1,76.3,176.0,50%,38,33%,114,211,46%
BNKS-PC-AMPRO-S25Ultra-BLK,,55%,119.0,137.2,78.9,176.0,50%,39,33%,118,211,44%
BNKS-PC-SHI(MS)-i15-BLK,,51%,48.0,50.8,32.2,66.0,50%,16,33%,48,79,39%
BNKS-PC-SHI(MS)-i15Plus-BLK,,51%,48.0,50.8,32.2,66.0,50%,16,33%,48,79,39%
BNKS-PC-SHI(MS)-i15Pro-BLK,,51%,48.0,50.8,32.2,66.0,50%,16,33%,48,79,39%
BNKS-PC-SHI(MS)-i15ProMax-BLK,,51%,48.0,50.8,32.2,66.0,50%,16,33%,48,79,39%
BNKS-PC-SHI(MS)-i14-BLK,,51%,48.0,50.8,32.2,66.0,50%,16,33%,48,79,39%
BNKS-PC-SHI(MS)-i14-BLU,,51%,48.0,50.8,32.2,66.0,50%,16,33%,48,79,39%
BNKS-PC-SHI(MS)-i14Plus-BLK,,51%,48.0,50.8,32.2,66.0,50%,16,33%,48,79,39%
BNKS-PC-SHI(MS)-i14Plus-BLU,,51%,48.0,50.8,32.2,66.0,50%,16,33%,48,79,39%
BNKS-PC-SHI(MS)-i14Pro-BLK,,51%,48.0,50.8,32.2,66.0,50%,16,33%,48,79,39%
BNKS-PC-SHI(MS)-i14Pro-BLU,,51%,48.0,50.8,32.2,66.0,50%,16,33%,48,79,39%
BNKS-PC-SHI(MS)-i14ProMax-BLK,,51%,48.0,50.8,32.2,66.0,50%,16,33%,48,79,39%
BNKS-PC-SHI(MS)-i14ProMax-BLU,,51%,48.0,50.8,32.2,66.0,50%,16,33%,48,79,39%
BNKS-PC-SHI(MS)-i13-BLK,,57%,42.0,49.0,28.3,66.0,50%,14,33%,42,79,46%
BNKS-PC-SHI(MS)-i13-BLU,,57%,42.0,49.0,28.3,66.0,50%,14,33%,42,79,46%
BNKS-PC-SHI(MS)-i13Pro-BLK,,57%,42.0,49.0,28.3,66.0,50%,14,33%,42,79,46%
BNKS-PC-SHI(MS)-i13Pro-BLU,,57%,42.0,49.0,28.3,66.0,50%,14,33%,42,79,46%
BNKS-PC-SHI(MS)-i13ProMax-BLU,,57%,42.0,49.0,28.3,66.0,50%,14,33%,42,79,46%
BNKS-PC-CRY(MS)-i13-CLR,,57%,43.0,50.4,28.9,68.0,50%,14,33%,43,82,47%
BNKS-PC-CRY(MS)-i13Pro-CLR,,57%,43.0,50.4,28.9,68.0,50%,14,33%,43,82,47%
BNKS-PC-CRY(MS)-i13ProMax-CLR,,57%,43.0,50.4,28.9,68.0,50%,14,33%,43,82,47%
BNKS-PC-CRY(MS)-i15-CLR,,61%,35.0,43.7,23.7,60.0,50%,12,33%,36,72,51%
BNKS-PC-CRY(MS)-i15Plus-CLR,,61%,35.0,43.7,23.7,60.0,50%,12,33%,36,72,51%
BNKS-PC-CRY(MS)-i15Pro-CLR,,61%,35.0,43.7,23.7,60.0,50%,12,33%,36,72,51%
BNKS-PC-CRY(MS)-i15ProMax-CLR,,61%,35.0,43.7,23.7,60.0,50%,12,33%,36,72,51%
BNKS-PC-CRY(MS)-i16-CLR,,67%,29.0,39.9,19.7,60.0,50%,10,33%,30,72,59%
BNKS-PC-CRY(MS)-i16Plus-CLR,,67%,29.0,39.9,19.7,60.0,50%,10,33%,30,72,59%
BNKS-PC-CRY(MS)-i16Pro-CLR,,67%,29.0,39.9,19.7,60.0,50%,10,33%,30,72,59%
BNKS-PC-CRY(MS)-i16ProMax-CLR,,67%,29.0,39.9,19.7,60.0,50%,10,33%,30,72,59%
BNKS-PC-HAZ-i14Pro-BLK,,50%,49.0,51.1,32.9,66.0,50%,16,33%,49,79,38%
BNKS-PC-HAZ-i14Pro-BLU,,50%,49.0,51.1,32.9,66.0,50%,16,33%,49,79,38%
BNKS-PC-HAZ-i14Pro-SLV,,50%,49.0,51.1,32.9,66.0,50%,16,33%,49,79,38%
BNKS-PC-HAZ-i14Pro-PRP,,50%,49.0,51.1,32.9,66.0,50%,16,33%,49,79,38%
BNKS-PC-HAZ-i14ProMax-BLK,,50%,49.0,51.1,32.9,66.0,50%,16,33%,49,79,38%
BNKS-PC-HAZ-i14ProMax-BLU,,50%,49.0,51.1,32.9,66.0,50%,16,33%,49,79,38%
BNKS-PC-HAZ-i14ProMax-SLV,,50%,49.0,51.1,32.9,66.0,50%,16,33%,49,79,38%
BNKS-PC-HAZ-i15-BLK,,64%,35.0,47.0,23.7,66.0,50%,12,33%,36,79,55%
BNKS-PC-HAZ-i15-WHT,,64%,35.0,47.0,23.7,66.0,50%,12,33%,36,79,55%
BNKS-PC-HAZ-i15Pro-BLK,,64%,35.0,47.0,23.7,66.0,50%,12,33%,36,79,55%
BNKS-PC-HAZ-i15Pro-WHT,,64%,35.0,47.0,23.7,66.0,50%,12,33%,36,79,55%
BNKS-PC-HAZ-i15ProMax-BLK,,64%,35.0,47.0,23.7,66.0,50%,12,33%,36,79,55%
BNKS-PC-HAZ-i15ProMax-WHT,,64%,35.0,47.0,23.7,66.0,50%,12,33%,36,79,55%
BNKS-PC-HAZ-i16-BLK,,64%,35.0,47.0,23.7,66.0,50%,12,33%,36,79,55%
BNKS-PC-HAZ-i16-WHT,,64%,35.0,47.0,23.7,66.0,50%,12,33%,36,79,55%
BNKS-PC-HAZ-i16Plus-BLK,,64%,35.0,47.0,23.7,66.0,50%,12,33%,36,79,55%
BNKS-PC-HAZ-i16Plus-WHT,,64%,35.0,47.0,23.7,66.0,50%,12,33%,36,79,55%
BNKS-PC-HAZ-i16Pro-BLK,,64%,35.0,47.0,23.7,66.0,50%,12,33%,36,79,55%
BNKS-PC-HAZ-i16Pro-WHT,,64%,35.0,47.0,23.7,66.0,50%,12,33%,36,79,55%
BNKS-PC-HAZ-i16ProMax-BLK,,64%,35.0,47.0,23.7,66.0,50%,12,33%,36,79,55%
BNKS-PC-HAZ-i16ProMax-WHT,,64%,35.0,47.0,23.7,66.0,50%,12,33%,36,79,55%
BNKS-SP-USHD-i14Pro-CLR,,69%,20.0,29.4,13.8,45.0,50%,7,33%,21,54,62%
BNKS-SP-USHD-i14ProMax-CLR,,69%,20.0,29.4,13.8,45.0,50%,7,33%,21,54,62%
BNKS-SP-USHD-i15-CLR,,65%,23.0,30.4,15.8,45.0,50%,8,33%,24,54,56%
BNKS-SP-USHD-i15Plus-CLR,,65%,23.0,30.4,15.8,45.0,50%,8,33%,24,54,56%
BNKS-SP-USHD-i15Pro-CLR,,65%,23.0,30.4,15.8,45.0,50%,8,33%,24,54,56%
BNKS-SP-USHD-i15ProMax-CLR,,65%,23.0,30.4,15.8,45.0,50%,8,33%,24,54,56%
BNKS-SP-USHD-i16-CLR,,65%,23.0,30.4,15.8,45.0,50%,8,33%,24,54,56%
BNKS-SP-USHD-i16Plus-CLR,,65%,23.0,30.4,15.8,45.0,50%,8,33%,24,54,56%
BNKS-SP-USHD-i16Pro-CLR,,65%,23.0,30.4,15.8,45.0,50%,8,33%,24,54,56%
BNKS-SP-USHD-i16ProMax-CLR,,65%,23.0,30.4,15.8,45.0,50%,8,33%,24,54,56%
BNKS-SP-USHD-i14Pro-PVC,,69%,30.0,45.5,20.4,66.0,50%,10,33%,31,79,61%
BNKS-SP-USHD-i14ProMax-PVC,,69%,30.0,45.5,20.4,66.0,50%,10,33%,31,79,61%
BNKS-SP-USHD-i15-PVC,,67%,32.0,46.1,21.7,66.0,50%,11,33%,33,79,59%
BNKS-SP-USHD-i15Plus-PVC,,67%,32.0,46.1,21.7,66.0,50%,11,33%,33,79,59%
BNKS-SP-USHD-i15Pro-PVC,,67%,32.0,46.1,21.7,66.0,50%,11,33%,33,79,59%
BNKS-SP-USHD-i15ProMax-PVC,,67%,32.0,46.1,21.7,66.0,50%,11,33%,33,79,59%
BNKS-SP-USHD-i16-PVC,,67%,32.0,46.1,21.7,66.0,50%,11,33%,33,79,59%
BNKS-SP-USHD-i16Plus-PVC,,67%,32.0,46.1,21.7,66.0,50%,11,33%,33,79,59%
BNKS-SP-USHD-i16Pro-PVC,,67%,32.0,46.1,21.7,66.0,50%,11,33%,33,79,59%
BNKS-SP-USHD-i16ProMax-PVC,,67%,32.0,46.1,21.7,66.0,50%,11,33%,33,79,59%
BNKS-SP-JOY-i16-MAT,,55%,32.0,36.2,21.7,48.0,50%,11,33%,33,58,43%
BNKS-SP-JOY-i16Plus-MAT,,55%,32.0,36.2,21.7,48.0,50%,11,33%,33,58,43%
BNKS-SP-JOY-i16Pro-MAT,,55%,32.0,36.2,21.7,48.0,50%,11,33%,33,58,43%
BNKS-SP-JOY-i16ProMax-MAT,,55%,32.0,36.2,21.7,48.0,50%,11,33%,33,58,43%
BNKS-SP-VPRO-S24-CLR,,55%,23.0,25.4,15.8,35.0,50%,8,33%,24,42,44%
BNKS-SP-VPRO-S24Plus-CLR,,55%,23.0,25.4,15.8,35.0,50%,8,33%,24,42,44%
BNKS-SP-VPRO-S24Ultra-CLR,,55%,23.0,25.4,15.8,35.0,50%,8,33%,24,42,44%
BNKS-SP-VPRO-S25Ultra-CLR,,59%,24.0,28.2,16.4,40.0,50%,8,33%,25,48,49%
BNKS-SP-VPRO-S24-PVC,,61%,32.0,40.0,21.7,55.0,50%,11,33%,33,66,51%
BNKS-SP-VPRO-S24Plus-PVC,,61%,32.0,40.0,21.7,55.0,50%,11,33%,33,66,51%
BNKS-SP-VPRO-S24Ultra-PVC,,61%,32.0,40.0,21.7,55.0,50%,11,33%,33,66,51%
BNKS-SP-VPRO-S25Ultra-PVC,,61%,32.0,40.0,21.7,55.0,50%,11,33%,33,66,51%
BNKS-CL-GLW-S25Ultra-CLR,,57%,25.0,28.6,17.1,40.0,50%,9,33%,26,48,47%
BNKS-ACE-L43Pro-Air4/10.9-SPG,,46%,258.0,257.2,170.4,315.0,50%,85,33%,256,378,32%
BNKS-ACE-L43Pro-Pro12.9-SPG,,47%,268.0,271.8,177.0,335.0,50%,88,33%,265,402,34%
BNKS-ACE-L40-Stand-BLK,,62%,75.0,94.0,50.0,130.0,50%,25,33%,75,156,52%
BNKS-ACE-L40-Stand-SLV,,62%,75.0,94.0,50.0,130.0,50%,25,33%,75,156,52%
BNKS-ACE-W16-BLK,,59%,105.0,129.9,69.7,170.0,50%,35,33%,105,204,49%
BNKS-ACE-W16-WHT,,59%,105.0,129.9,69.7,170.0,50%,35,33%,105,204,49%
DUX-AAC-PECL-AP1/2-CLR,,70%,12.5,19.4,8.9,30.0,70%,6,41%,15,36,58%
DUX-AAC-PECL-AP1/2-GRY,,70%,12.5,19.4,8.9,30.0,70%,6,41%,15,36,58%
DUX-AAC-PECL-AP1/2-PRP,,70%,12.5,19.4,8.9,30.0,70%,6,41%,15,36,58%
DUX-AAC-PECL-AP1/2-BLU,,70%,12.5,19.4,8.9,30.0,70%,6,41%,15,36,58%
DUX-AAC-PECL-AP1/2-PNK,,70%,12.5,19.4,8.9,30.0,70%,6,41%,15,36,58%
DUX-AAC-PECL-AP1/2-CLR/BLK,,70%,12.5,19.4,8.9,30.0,70%,6,41%,15,36,58%
DUX-AAC-PECL-AP3-CLR,,70%,12.5,19.4,8.9,30.0,70%,6,41%,15,36,58%
DUX-AAC-PECL-AP3-GRY,,70%,12.5,19.4,8.9,30.0,70%,6,41%,15,36,58%
DUX-AAC-PECL-AP3-PRP,,70%,12.5,19.4,8.9,30.0,70%,6,41%,15,36,58%
DUX-AAC-PECL-AP3-BLU,,70%,12.5,19.4,8.9,30.0,70%,6,41%,15,36,58%
DUX-AAC-PECL-AP3-PNK,,70%,12.5,19.4,8.9,30.0,70%,6,41%,15,36,58%
DUX-AAC-PECL-AP3-CLR/BLK,,70%,12.5,19.4,8.9,30.0,70%,6,41%,15,36,58%
DUX-AAC-PECL-APP-CLR,,70%,12.5,19.4,8.9,30.0,70%,6,41%,15,36,58%
DUX-AAC-PECL-APP-GRY,,70%,12.5,19.4,8.9,30.0,70%,6,41%,15,36,58%
DUX-AAC-PECL-APP-PRP,,70%,12.5,19.4,8.9,30.0,70%,6,41%,15,36,58%
DUX-AAC-PECL-APP-BLU,,70%,12.5,19.4,8.9,30.0,70%,6,41%,15,36,58%
DUX-AAC-PECL-APP-PNK,,70%,12.5,19.4,8.9,30.0,70%,6,41%,15,36,58%
DUX-AAC-PECL-APP-CLR/BLK,,70%,12.5,19.4,8.9,30.0,70%,6,41%,15,36,58%
DUX-AAC-PECL-APP2-CLR,,70%,12.5,19.4,8.9,30.0,70%,6,41%,15,36,58%
DUX-AAC-PECL-APP2-GRY,,70%,12.5,19.4,8.9,30.0,70%,6,41%,15,36,58%
DUX-AAC-PECL-APP2-PRP,,70%,12.5,19.4,8.9,30.0,70%,6,41%,15,36,58%
DUX-AAC-PECL-APP2-BLU,,70%,12.5,19.4,8.9,30.0,70%,6,41%,15,36,58%
DUX-AAC-PECL-APP2-PNK,,70%,12.5,19.4,8.9,30.0,70%,6,41%,15,36,58%
DUX-AAC-PECL-APP2-CLR/BLK,,70%,12.5,19.4,8.9,30.0,70%,6,41%,15,36,58%
DUX-AAC-PECL-AP4-CLR,,70%,12.5,19.4,8.9,30.0,70%,6,41%,15,36,58%
DUX-AAC-PECL-AP4-GRY,,70%,12.5,19.4,8.9,30.0,70%,6,41%,15,36,58%
DUX-AAC-PECL-AP4-CLR/BLK,,70%,12.5,19.4,8.9,30.0,70%,6,41%,15,36,58%
DUX-AAC-PECP-AP4-BLK,,62%,16.5,20.8,11.5,30.0,70%,8,41%,20,36,46%
DUX-AAC-PECP-AP4-WHT,,62%,16.5,20.8,11.5,30.0,70%,8,41%,20,36,46%
DUX-AAC-PECP-AP4-GRN,,62%,16.5,20.8,11.5,30.0,70%,8,41%,20,36,46%
DUX-AAC-PECP-AP4-BLU,,62%,16.5,20.8,11.5,30.0,70%,8,41%,20,36,46%
DUX-AAC-PECP-APP2-BLK,,62%,16.5,20.8,11.5,30.0,70%,8,41%,20,36,46%
DUX-AAC-PECP-APP2-WHT,,62%,16.5,20.8,11.5,30.0,70%,8,41%,20,36,46%
DUX-AAC-PECP-APP2-GRN,,62%,16.5,20.8,11.5,30.0,70%,8,41%,20,36,46%
DUX-AAC-PECP-APP2-BLU,,62%,16.5,20.8,11.5,30.0,70%,8,41%,20,36,46%
DUX-AAC-SECG-SSBuds-BLK,,66%,14.5,20.1,10.2,30.0,70%,7,41%,17,36,52%
DUX-AAC-SECG-SSBuds-PRP,,66%,14.5,20.1,10.2,30.0,70%,7,41%,17,36,52%
DUX-AAC-SECG-SSBuds-WHT,,66%,14.5,20.1,10.2,30.0,70%,7,41%,17,36,52%
DUX-AAC-SECH-SSBuds3/Pro-BLK,,70%,12.5,19.4,8.9,30.0,70%,6,41%,15,36,58%
DUX-AAC-SECH-SSBuds3/Pro-WHT,,70%,12.5,19.4,8.9,30.0,70%,6,41%,15,36,58%
DUX-AAC-SECI-SSBuds3/Pro-CLR,,70%,12.5,19.4,8.9,30.0,70%,6,41%,15,36,58%
DUX-AAC-SECI-SSBuds3/Pro-GRY,,70%,12.5,19.4,8.9,30.0,70%,6,41%,15,36,58%
DUX-AAC-SECI-SSBuds3/Pro-PNK,,70%,12.5,19.4,8.9,30.0,70%,6,41%,15,36,58%
DUX-ACE-NEVA-WALLET-BLK,,62%,31.0,39.7,21.1,55.0,60%,13,38%,34,66,49%
DUX-ACE-NEVA-WALLET-GRY,,62%,31.0,39.7,21.1,55.0,60%,13,38%,34,66,49%
DUX-ACE-NEVA-WALLET-BLU,,62%,31.0,39.7,21.1,55.0,60%,13,38%,34,66,49%
SYB-ACE-HF4-Stand-SLV,,59%,20.0,24.7,14.5,35.0,65%,9,39%,24,42,43%
SYB-ACE-HF4-Stand-BLK,,59%,20.0,24.7,14.5,35.0,65%,9,39%,24,42,43%
DUX-ACE-CASE-AirTag-4Pack,,61%,14.0,17.4,9.9,25.0,60%,6,38%,16,30,47%
DUX-ACE-TPU-AirTag-MIX,,72%,15.0,24.3,10.5,38.0,60%,6,38%,17,46,63%
DUX-LANY-GA-ICE(W)-GRN/YLW,,60%,22.0,26.6,15.1,38.0,60%,9,38%,24,46,47%
DUX-LANY-GA-ICE(W)-GLZ/YLW,,60%,22.0,26.6,15.1,38.0,60%,9,38%,24,46,47%
DUX-LANY-GA-ICE(W)-GRY,,60%,22.0,26.6,15.1,38.0,60%,9,38%,24,46,47%
DUX-LANY-GA-ICE(P)-GRN/YLW,,59%,24.0,28.2,16.4,40.0,60%,10,38%,26,48,45%
DUX-LANY-GA-ICE(P)-GLZ/YLW,,59%,24.0,28.2,16.4,40.0,60%,10,38%,26,48,45%
DUX-LANY-GA-ICE(P)-GRY,,59%,24.0,28.2,16.4,40.0,60%,10,38%,26,48,45%
DUX-LANY-GA-BEG(W)-PNK,,60%,22.0,26.6,15.1,38.0,60%,9,38%,24,46,47%
DUX-LANY-GA-BEG(W)-L/PNK,,60%,22.0,26.6,15.1,38.0,60%,9,38%,24,46,47%
DUX-LANY-GA-BEG(W)-AM/GRN,,60%,22.0,26.6,15.1,38.0,60%,9,38%,24,46,47%
DUX-LANY-GA-BEG(W)-GRN/YLW,,60%,22.0,26.6,15.1,38.0,60%,9,38%,24,46,47%
DUX-LANY-GA-BEG(W)-SKY/BLU,,60%,22.0,26.6,15.1,38.0,60%,9,38%,24,46,47%
DUX-LANY-GA-BEG(W)-GRY,,60%,22.0,26.6,15.1,38.0,60%,9,38%,24,46,47%
DUX-LANY-GA-BEG(P)-PNK,,59%,24.0,28.2,16.4,40.0,60%,10,38%,26,48,45%
DUX-LANY-GA-BEG(P)-L/PNK,,59%,24.0,28.2,16.4,40.0,60%,10,38%,26,48,45%
DUX-LANY-GA-BEG(P)-GRN/YLW,,59%,24.0,28.2,16.4,40.0,60%,10,38%,26,48,45%
DUX-LANY-GA-BEG(P)-SKY/BLU,,59%,24.0,28.2,16.4,40.0,60%,10,38%,26,48,45%
DUX-LANY-GA-BEG(P)-GRY,,59%,24.0,28.2,16.4,40.0,60%,10,38%,26,48,45%
DUX-LANY-PLAZ-CROS-PNK,,55%,16.0,18.1,11.2,25.0,70%,8,41%,19,30,37%
DUX-LANY-PLAZ-CROS-ARMY,,55%,16.0,18.1,11.2,25.0,70%,8,41%,19,30,37%
DUX-LANY-PLAZ-CROS-GRN/YLW,,55%,16.0,18.1,11.2,25.0,70%,8,41%,19,30,37%
DUX-LANY-PLAZ-CROS-LIG/GRN,,55%,16.0,18.1,11.2,25.0,70%,8,41%,19,30,37%
DUX-LANY-PLAZ-CROS-BLU,,55%,16.0,18.1,11.2,25.0,70%,8,41%,19,30,37%
DUX-LANY-PLAZ-CROS-AMB,,55%,16.0,18.1,11.2,25.0,70%,8,41%,19,30,37%
DUX-LANY-PLAZ-CROS-GLAZE,,55%,16.0,18.1,11.2,25.0,70%,8,41%,19,30,37%
DUX-LANY-PLAZ-CROS-GRY,,55%,16.0,18.1,11.2,25.0,70%,8,41%,19,30,37%
SYB-CBL-CIRC-Tie-BLK,,61%,5.0,7.0,3.9,10.0,65%,3,39%,7,12,46%
SYB-CBL-CIRC-Tie-GRY,,61%,5.0,7.0,3.9,10.0,65%,3,39%,7,12,46%
SYB-CBL-CIRC-Tie-RED,,61%,5.0,7.0,3.9,10.0,65%,3,39%,7,12,46%
SYB-ACE-HF3-Air4/10.9-SPG,,44%,160.0,156.6,106.6,190.0,65%,69,39%,176,228,23%
SYB-ACE-HF3-Pro12.9(18)-SPG,,44%,160.0,156.6,106.6,190.0,65%,69,39%,176,228,23%
DZN-ACE-T3-Charger-WHT,,59%,21.0,24.7,14.5,35.0,65%,9,39%,24,42,43%
DZN-CBL-A1-Light-100cm,,62%,9.5,12.5,6.9,18.0,65%,4,39%,11,22,47%
DZN-CBL-A1-Light-200cm,,62%,11.0,14.4,7.9,21.0,65%,5,39%,13,25,48%
DZN-CBL-A1-Light-300cm,,64%,12.5,16.9,8.9,25.0,65%,6,39%,15,30,51%
DZN-CBL-A2-TypeC-100cm,,63%,7.5,10.3,5.6,15.0,65%,4,39%,9,18,49%
DZN-CBL-A2-TypeC-200cm,,63%,9.0,12.3,6.6,18.0,65%,4,39%,11,22,50%
DZN-CBL-A2-TypeC-300cm,,62%,10.5,13.8,7.6,20.0,65%,5,39%,12,24,48%
DZN-CBL-A3-3in1-130cm,,65%,14.0,18.9,9.9,28.0,65%,6,39%,16,34,52%
DZN-CBL-A4-3in1-130cm,,55%,37.0,41.5,25.0,55.0,65%,16,39%,41,66,38%
DZN-CBL-A5-Light-100cm,,52%,12.0,13.3,8.6,18.0,65%,6,39%,14,22,35%
DZN-CBL-A6-TypeC-100cm,,56%,9.0,10.8,6.6,15.0,65%,4,39%,11,18,40%
DZN-CBL-A7-A/LIGHT-1M,,69%,6.5,10.5,4.9,16.0,65%,3,39%,8,19,58%
DZN-CBL-A7-A/LIGHT-2M,,69%,7.5,11.8,5.6,18.0,65%,4,39%,9,22,57%
DZN-CBL-A8-A/TYPEC-1M,,69%,6.5,10.5,4.9,16.0,65%,3,39%,8,19,58%
DZN-CBL-A8-A/TYPEC-2M,,69%,7.5,11.8,5.6,18.0,65%,4,39%,9,22,57%
DZN-CHR-V3-BLK,,66%,38.0,52.8,25.7,75.0,65%,17,39%,42,90,53%
DUX-STP-SD-38/40/41-BLK/STR,,64%,32.0,42.8,21.7,60.0,70%,15,41%,37,72,49%
DUX-STP-SD-38/40/41-PNK/GRN,,64%,32.0,42.8,21.7,60.0,70%,15,41%,37,72,49%
DUX-STP-SD-38/40/41-YLW/STR,,64%,32.0,42.8,21.7,60.0,70%,15,41%,37,72,49%
DUX-STP-SD-42/44/45/49-BLK/STR,,64%,32.0,42.8,21.7,60.0,70%,15,41%,37,72,49%
DUX-STP-SD-42/44/45/49-GRY/GRY,,64%,32.0,42.8,21.7,60.0,70%,15,41%,37,72,49%
DUX-STP-SD-42/44/45/49-BLU/BEI,,64%,32.0,42.8,21.7,60.0,70%,15,41%,37,72,49%
DUX-STP-YC-20mm-DRK/GRY,,61%,23.0,27.9,15.8,40.0,70%,11,41%,27,48,44%
DUX-STP-YC-20mm-GRN,,61%,23.0,27.9,15.8,40.0,70%,11,41%,27,48,44%
DUX-STP-YC-20mm-ORG,,61%,23.0,27.9,15.8,40.0,70%,11,41%,27,48,44%
DUX-STP-YC-20mm-WHT,,61%,23.0,27.9,15.8,40.0,70%,11,41%,27,48,44%
DUX-STP-YC-22mm-DRK/GRY,,61%,23.0,27.9,15.8,40.0,70%,11,41%,27,48,44%
DUX-STP-YC-22mm-GRN,,61%,23.0,27.9,15.8,40.0,70%,11,41%,27,48,44%
DUX-STP-YC-22mm-ORG,,61%,23.0,27.9,15.8,40.0,70%,11,41%,27,48,44%
DUX-STP-YC-22mm-WHT,,61%,23.0,27.9,15.8,40.0,70%,11,41%,27,48,44%
DUX-STP-YC-47mm-DRK/GRY,,61%,23.0,27.9,15.8,40.0,70%,11,41%,27,48,44%
DUX-STP-YC-47mm-GRN,,61%,23.0,27.9,15.8,40.0,70%,11,41%,27,48,44%
DUX-STP-YC-47mm-ORG,,61%,23.0,27.9,15.8,40.0,70%,11,41%,27,48,44%
DUX-STP-YC-47mm-WHT,,61%,23.0,27.9,15.8,40.0,70%,11,41%,27,48,44%
DUX-STP-CS-42/44/45/49-BLK,,65%,28.0,37.0,19.1,55.0,70%,13,41%,32,66,51%
DUX-STP-CS-42/44/45/49-STR,,65%,28.0,37.0,19.1,55.0,70%,13,41%,32,66,51%
DUX-STP-CS-42/44/45/49-GRN/BLK,,65%,28.0,37.0,19.1,55.0,70%,13,41%,32,66,51%
DUX-STP-CS-42/44/45/49-BLU/BLK,,65%,28.0,37.0,19.1,55.0,70%,13,41%,32,66,51%
DUX-STP-CS-42/44/45/49-COF/BRW,,65%,28.0,37.0,19.1,55.0,70%,13,41%,32,66,51%
DUX-STP-KJ-42/44/45/49-BLK/ORG,,64%,26.0,33.9,17.8,50.0,70%,12,41%,30,60,50%
DUX-STP-KJ-42/44/45/49-BLK/GRN,,64%,26.0,33.9,17.8,50.0,70%,12,41%,30,60,50%
DUX-STP-KJ-42/44/45/49-BLK/BLU,,64%,26.0,33.9,17.8,50.0,70%,12,41%,30,60,50%
DUX-STP-KJ-42/44/45/49-BRW/GRY,,64%,26.0,33.9,17.8,50.0,70%,12,41%,30,60,50%
DUX-STP-KJ-42/44/45/49-STA/ORG,,64%,26.0,33.9,17.8,50.0,70%,12,41%,30,60,50%
DUX-WAC-BSNES-38-COF,,61%,35.0,43.7,23.7,60.0,50%,12,33%,36,72,51%
DUX-WAC-BSNES-38-BLK,,61%,35.0,43.7,23.7,60.0,50%,12,33%,36,72,51%
DUX-WAC-BSNES-38-BRW,,61%,35.0,43.7,23.7,60.0,50%,12,33%,36,72,51%
DUX-WAC-BSNES-42-COF,,61%,35.0,43.7,23.7,60.0,50%,12,33%,36,72,51%
DUX-WAC-BSNES-42-BLK,,61%,35.0,43.7,23.7,60.0,50%,12,33%,36,72,51%
DUX-WAC-BSNES-42-BRW,,61%,35.0,43.7,23.7,60.0,50%,12,33%,36,72,51%
DUX-WAC-BSNES-S/20-COF,,62%,28.0,34.5,19.1,50.0,50%,10,33%,29,60,52%
DUX-WAC-BSNES-S/20-BLK,,62%,28.0,34.5,19.1,50.0,50%,10,33%,29,60,52%
DUX-WAC-BSNES-S/22-COF,,62%,28.0,34.5,19.1,50.0,50%,10,33%,29,60,52%
DUX-WAC-BSNES-S/22-BLK,,62%,28.0,34.5,19.1,50.0,50%,10,33%,29,60,52%
DUX-STP-AIR/MIL-38/40/41-BLK,,67%,27.0,40.4,18.4,55.0,70%,13,41%,31,66,53%
DUX-STP-AIR/MIL-38/40/41-SLV,,70%,24.0,39.6,16.4,55.0,70%,12,41%,28,66,58%
DUX-STP-AIR/MIL-38/40/41-GUN/GRY,,67%,27.0,40.4,18.4,55.0,70%,13,41%,31,66,53%
DUX-STP-AIR/MIL-38/40/41-RG,,65%,31.0,44.4,21.1,60.0,70%,15,41%,36,72,50%
DUX-STP-AIR/MIL-42/44/45/49-BLK,,67%,27.0,40.4,18.4,55.0,70%,13,41%,31,66,53%
DUX-STP-AIR/MIL-42/44/45/49-SLV,,70%,24.0,39.6,16.4,55.0,70%,12,41%,28,66,58%
DUX-STP-AIR/MIL-42/44/45/49-GUN/GRY,,67%,27.0,40.4,18.4,55.0,70%,13,41%,31,66,53%
DUX-STP-AIR/MIL-42/44/45/49-RG,,65%,31.0,44.4,21.1,60.0,70%,15,41%,36,72,50%
DUX-WAC-MIL-38/40/41-STA,,66%,24.0,32.2,16.4,48.0,70%,12,41%,28,58,51%
DUX-WAC-MIL-38/40/41-BLU,,66%,24.0,32.2,16.4,48.0,70%,12,41%,28,58,51%
DUX-WAC-MIL-38/40/41-BLK,,66%,24.0,32.2,16.4,48.0,70%,12,41%,28,58,51%
DUX-WAC-MIL-38/40/41-SLV,,66%,24.0,32.2,16.4,48.0,70%,12,41%,28,58,51%
DUX-WAC-MIL-38/40/41-GLD,,66%,24.0,32.2,16.4,48.0,70%,12,41%,28,58,51%
DUX-WAC-MIL-38/40/41-GUN/GRY,,66%,24.0,32.2,16.4,48.0,70%,12,41%,28,58,51%
DUX-WAC-MIL-38/40/41-PNK,,66%,24.0,32.2,16.4,48.0,70%,12,41%,28,58,51%
DUX-WAC-MIL-42/44/45-STA,,66%,24.0,32.2,16.4,48.0,70%,12,41%,28,58,51%
DUX-WAC-MIL-42/44/45-BLU,,66%,24.0,32.2,16.4,48.0,70%,12,41%,28,58,51%
DUX-WAC-MIL-42/44/45-BLK,,66%,24.0,32.2,16.4,48.0,70%,12,41%,28,58,51%
DUX-WAC-MIL-42/44/45-SLV,,66%,24.0,32.2,16.4,48.0,70%,12,41%,28,58,51%
DUX-WAC-MIL-42/44/45-GLD,,66%,24.0,32.2,16.4,48.0,70%,12,41%,28,58,51%
DUX-WAC-MIL-42/44/45-GUN/GRY,,66%,24.0,32.2,16.4,48.0,70%,12,41%,28,58,51%
DUX-WAC-MIL-42/44/45-PNK,,66%,24.0,32.2,16.4,48.0,70%,12,41%,28,58,51%
DUX-WAC-MIL-S/20-BLK,,62%,27.0,33.2,18.4,48.0,70%,13,41%,31,58,46%
DUX-WAC-MIL-S/20-SLV,,62%,27.0,33.2,18.4,48.0,70%,13,41%,31,58,46%
DUX-WAC-MIL-S/20-GLD,,62%,27.0,33.2,18.4,48.0,70%,13,41%,31,58,46%
DUX-WAC-MIL-S/20-BLU,,62%,27.0,33.2,18.4,48.0,70%,13,41%,31,58,46%
DUX-WAC-MIL-S/20-STA,,62%,27.0,33.2,18.4,48.0,70%,13,41%,31,58,46%
DUX-WAC-MIL-S/20-PNK,,62%,27.0,33.2,18.4,48.0,70%,13,41%,31,58,46%
DUX-WAC-MIL-S/22-BLK,,62%,27.0,33.2,18.4,48.0,70%,13,41%,31,58,46%
DUX-WAC-MIL-S/22-SLV,,62%,27.0,33.2,18.4,48.0,70%,13,41%,31,58,46%
DUX-WAC-MIL-S/22-GLD,,62%,27.0,33.2,18.4,48.0,70%,13,41%,31,58,46%
DUX-WAC-MIL-S/22-BLU,,62%,27.0,33.2,18.4,48.0,70%,13,41%,31,58,46%
DUX-WAC-MIL-S/22-STA,,62%,27.0,33.2,18.4,48.0,70%,13,41%,31,58,46%
DUX-WAC-MIL-S/22-PNK,,62%,27.0,33.2,18.4,48.0,70%,13,41%,31,58,46%
DUX-WAC-MIL-18MM-BLK,,62%,27.0,33.2,18.4,48.0,70%,13,41%,31,58,46%
DUX-WAC-MIL-18MM-SLV,,62%,27.0,33.2,18.4,48.0,70%,13,41%,31,58,46%
DUX-WAC-MIL-18MM-GLD,,62%,27.0,33.2,18.4,48.0,70%,13,41%,31,58,46%
DUX-WAC-OWA-38/40/41-MID,,78%,7.5,15.3,5.6,25.0,100%,6,50%,11,30,63%
DUX-WAC-OWA-38/40/41-WHT,,78%,7.5,15.3,5.6,25.0,100%,6,50%,11,30,63%
DUX-WAC-OWA-38/40/41-YLW,,78%,7.5,15.3,5.6,25.0,100%,6,50%,11,30,63%
DUX-WAC-OWA-38/40/41-BLK,,78%,7.5,15.3,5.6,25.0,100%,6,50%,11,30,63%
DUX-WAC-OWA-38/40/41-BLU,,78%,7.5,15.3,5.6,25.0,100%,6,50%,11,30,63%
DUX-WAC-OWA-42/44/45-MID,,78%,7.5,15.3,5.6,25.0,100%,6,50%,11,30,63%
DUX-WAC-OWA-42/44/45-WHT,,78%,7.5,15.3,5.6,25.0,100%,6,50%,11,30,63%
DUX-WAC-OWA-42/44/45-YLW,,78%,7.5,15.3,5.6,25.0,100%,6,50%,11,30,63%
DUX-WAC-OWA-42/44/45-BLK,,78%,7.5,15.3,5.6,25.0,100%,6,50%,11,30,63%
DUX-WAC-OWA-42/44/45-BLU,,78%,7.5,15.3,5.6,25.0,100%,6,50%,11,30,63%
DUX-WAC-YJ-38/40/41-BLK/GRY,,52%,12.0,13.3,8.6,18.0,70%,6,41%,15,22,33%
DUX-WAC-YJ-38/40/41-BLU/GRY,,52%,12.0,13.3,8.6,18.0,70%,6,41%,15,22,33%
DUX-WAC-YJ-38/40/41-YLW/BEI,,52%,12.0,13.3,8.6,18.0,70%,6,41%,15,22,33%
DUX-WAC-YJ-38/40/41-ORG/BEI,,52%,12.0,13.3,8.6,18.0,70%,6,41%,15,22,33%
DUX-WAC-YJ-38/40/41-BLU/BLK,,52%,12.0,13.3,8.6,18.0,70%,6,41%,15,22,33%
DUX-WAC-YJ-38/40/41-GRN/GRY,,52%,12.0,13.3,8.6,18.0,70%,6,41%,15,22,33%
DUX-WAC-YJ-38/40/41-BLK,,52%,12.0,13.3,8.6,18.0,70%,6,41%,15,22,33%
DUX-WAC-YJ-38/40/41-BLU,,52%,12.0,13.3,8.6,18.0,70%,6,41%,15,22,33%
DUX-WAC-YJ-38/40/41-GRN,,52%,12.0,13.3,8.6,18.0,70%,6,41%,15,22,33%
DUX-WAC-YJ-42/44/45/49-BLK/GRY,,52%,12.0,13.3,8.6,18.0,70%,6,41%,15,22,33%
DUX-WAC-YJ-42/44/45/49-BLU/GRY,,52%,12.0,13.3,8.6,18.0,70%,6,41%,15,22,33%
DUX-WAC-YJ-42/44/45/49-YLW/BEI,,52%,12.0,13.3,8.6,18.0,70%,6,41%,15,22,33%
DUX-WAC-YJ-42/44/45-ORG/BEI,,52%,12.0,13.3,8.6,18.0,70%,6,41%,15,22,33%
DUX-WAC-YJ-42/44/45-BLU/BLK,,52%,12.0,13.3,8.6,18.0,70%,6,41%,15,22,33%
DUX-WAC-YJ-42/44/45-GRN/GRY,,52%,12.0,13.3,8.6,18.0,70%,6,41%,15,22,33%
DUX-WAC-YJ-42/44/45/49-BLK,,52%,12.0,13.3,8.6,18.0,70%,6,41%,15,22,33%
DUX-WAC-YJ-42/44/45/49-BLU,,52%,12.0,13.3,8.6,18.0,70%,6,41%,15,22,33%
DUX-WAC-YJ-42/44/45/49-GRN,,52%,12.0,13.3,8.6,18.0,70%,6,41%,15,22,33%
DUX-WAC-GS-38/40/41-BLK,,63%,13.0,17.1,9.2,25.0,70%,6,41%,16,30,48%
DUX-WAC-GS-38/40/41-ORG,,63%,13.0,17.1,9.2,25.0,70%,6,41%,16,30,48%
DUX-WAC-GS-38/40/41-STA,,63%,13.0,17.1,9.2,25.0,70%,6,41%,16,30,48%
DUX-WAC-GS-38/40/41-GRN,,63%,13.0,17.1,9.2,25.0,70%,6,41%,16,30,48%
DUX-WAC-GS-38/40/41-IDG,,63%,13.0,17.1,9.2,25.0,70%,6,41%,16,30,48%
DUX-WAC-GS-38/40/41-BLU,,63%,13.0,17.1,9.2,25.0,70%,6,41%,16,30,48%
DUX-WAC-GS-38/40/41-OLV,,63%,13.0,17.1,9.2,25.0,70%,6,41%,16,30,48%
DUX-WAC-GS-38/40/41-TAN,,63%,13.0,17.1,9.2,25.0,70%,6,41%,16,30,48%
DUX-WAC-GS-38/40/41-NAV,,63%,13.0,17.1,9.2,25.0,70%,6,41%,16,30,48%
DUX-WAC-GS-38/40/41-DRK/GRN,,63%,13.0,17.1,9.2,25.0,70%,6,41%,16,30,48%
DUX-WAC-GS-42/44/45/49-BLK,,63%,13.0,17.1,9.2,25.0,70%,6,41%,16,30,48%
DUX-WAC-GS-42/44/45/49-ORG,,63%,13.0,17.1,9.2,25.0,70%,6,41%,16,30,48%
DUX-WAC-GS-42/44/45/49-STA,,63%,13.0,17.1,9.2,25.0,70%,6,41%,16,30,48%
DUX-WAC-GS-42/44/45/49-GRN,,63%,13.0,17.1,9.2,25.0,70%,6,41%,16,30,48%
DUX-WAC-GS-42/44/45-IDG,,63%,13.0,17.1,9.2,25.0,70%,6,41%,16,30,48%
DUX-WAC-GS-42/44/45-BLU,,63%,13.0,17.1,9.2,25.0,70%,6,41%,16,30,48%
DUX-WAC-GS-42/44/45-OLV,,63%,13.0,17.1,9.2,25.0,70%,6,41%,16,30,48%
DUX-WAC-GS-42/44/45/49-TAN,,63%,13.0,17.1,9.2,25.0,70%,6,41%,16,30,48%
DUX-WAC-GS-42/44/45/49-NAV,,63%,13.0,17.1,9.2,25.0,70%,6,41%,16,30,48%
DUX-WAC-GS-42/44/45/49-DRK/GRN,,63%,13.0,17.1,9.2,25.0,70%,6,41%,16,30,48%
DUX-STP-YS-38/40/41-BLK,,61%,32.0,40.0,21.7,55.0,70%,15,41%,37,66,44%
DUX-STP-YS-38/40/41-BLU,,61%,32.0,40.0,21.7,55.0,70%,15,41%,37,66,44%
DUX-STP-YS-38/40/41-GRY,,61%,32.0,40.0,21.7,55.0,70%,15,41%,37,66,44%
DUX-STP-YS-38/40/41-BRW,,61%,32.0,40.0,21.7,55.0,70%,15,41%,37,66,44%
DUX-STP-YS-42/44/45-BLK,,61%,32.0,40.0,21.7,55.0,70%,15,41%,37,66,44%
DUX-STP-YS-42/44/45/49-BLU,,61%,32.0,40.0,21.7,55.0,70%,15,41%,37,66,44%
DUX-STP-YS-42/44/45/49-GRY,,61%,32.0,40.0,21.7,55.0,70%,15,41%,37,66,44%
DUX-STP-YS-42/44/45/49-BRW,,61%,32.0,40.0,21.7,55.0,70%,15,41%,37,66,44%
DUX-STP-PRO/MIL-38/40/41-GRA,,58%,37.0,44.3,25.0,60.0,70%,18,41%,43,72,41%
DUX-STP-PRO/MIL-38/40/41-BLK,,58%,37.0,44.3,25.0,60.0,70%,18,41%,43,72,41%
DUX-STP-PRO/MIL-38/40/41-SLV,,58%,37.0,44.3,25.0,60.0,70%,18,41%,43,72,41%
DUX-STP-PRO/MIL-38/40/41-GLD,,58%,37.0,44.3,25.0,60.0,70%,18,41%,43,72,41%
DUX-STP-PRO/MIL-42/44/45/49-GRA,,58%,37.0,44.3,25.0,60.0,70%,18,41%,43,72,41%
DUX-STP-PRO/MIL-42/44/45/49-BLK,,58%,37.0,44.3,25.0,60.0,70%,18,41%,43,72,41%
DUX-STP-PRO/MIL-42/44/45/49-SLV,,58%,37.0,44.3,25.0,60.0,70%,18,41%,43,72,41%
DUX-STP-PRO/MIL-42/44/45/49-GLD,,58%,37.0,44.3,25.0,60.0,70%,18,41%,43,72,41%
DUX-STP-MXPRO-38/40/41-BLK,,58%,17.0,19.9,11.8,28.0,70%,8,41%,20,34,40%
DUX-STP-MXPRO-38/40/41-BLU,,58%,17.0,19.9,11.8,28.0,70%,8,41%,20,34,40%
DUX-STP-MXPRO-38/40/41-MID,,58%,17.0,19.9,11.8,28.0,70%,8,41%,20,34,40%
DUX-STP-MXPRO-38/40/41-BEI,,58%,17.0,19.9,11.8,28.0,70%,8,41%,20,34,40%
DUX-STP-MXPRO-38/40/41-CLA,,58%,17.0,19.9,11.8,28.0,70%,8,41%,20,34,40%
DUX-STP-MXPRO-38/40/41-GUA,,58%,17.0,19.9,11.8,28.0,70%,8,41%,20,34,40%
DUX-STP-MXPRO-38/40/41-RNB,,58%,17.0,19.9,11.8,28.0,70%,8,41%,20,34,40%
DUX-STP-MXPRO-38/40/41-LB,,58%,17.0,19.9,11.8,28.0,70%,8,41%,20,34,40%
DUX-STP-MXPRO-38/40/41-SUN,,58%,17.0,19.9,11.8,28.0,70%,8,41%,20,34,40%
DUX-STP-MXPRO-38/40/41-RAS,,58%,17.0,19.9,11.8,28.0,70%,8,41%,20,34,40%
DUX-STP-MXPRO-42/44/45/49-BLK,,58%,17.0,19.9,11.8,28.0,70%,8,41%,20,34,40%
DUX-STP-MXPRO-42/44/45/49-BLU,,58%,17.0,19.9,11.8,28.0,70%,8,41%,20,34,40%
DUX-STP-MXPRO-42/44/45/49-MID,,58%,17.0,19.9,11.8,28.0,70%,8,41%,20,34,40%
DUX-STP-MXPRO-42/44/45/49-BEI,,58%,17.0,19.9,11.8,28.0,70%,8,41%,20,34,40%
DUX-STP-MXPRO-42/44/45/49-CLA,,58%,17.0,19.9,11.8,28.0,70%,8,41%,20,34,40%
DUX-STP-MXPRO-42/44/45/49-RNB,,58%,17.0,19.9,11.8,28.0,70%,8,41%,20,34,40%
DUX-STP-MXPRO-42/44/45/49-GUA,,58%,17.0,19.9,11.8,28.0,70%,8,41%,20,34,40%
DUX-STP-MXPRO-42/44/45/49-LB,,58%,17.0,19.9,11.8,28.0,70%,8,41%,20,34,40%
DUX-STP-MXPRO-42/44/45/49-SUN,,58%,17.0,19.9,11.8,28.0,70%,8,41%,20,34,40%
DUX-STP-MXPRO-42/44/45/49-RAS,,58%,17.0,19.9,11.8,28.0,70%,8,41%,20,34,40%
DUX-STP-MXPRO-S/20-RNB,,58%,17.0,19.9,11.8,28.0,70%,8,41%,20,34,40%
DUX-STP-MXPRO-S/20-BLK,,58%,17.0,19.9,11.8,28.0,70%,8,41%,20,34,40%
DUX-STP-MXPRO-S/20-BLU,,58%,17.0,19.9,11.8,28.0,70%,8,41%,20,34,40%
DUX-STP-MXPRO-S/20-MID,,58%,17.0,19.9,11.8,28.0,70%,8,41%,20,34,40%
DUX-STP-MXPRO-S/20-GUA,,58%,17.0,19.9,11.8,28.0,70%,8,41%,20,34,40%
DUX-STP-MXPRO-S/20-BEI,,58%,17.0,19.9,11.8,28.0,70%,8,41%,20,34,40%
DUX-STP-MXPRO-S/20-CLA,,58%,17.0,19.9,11.8,28.0,70%,8,41%,20,34,40%
DUX-STP-MXPRO-S/22-RNB,,58%,17.0,19.9,11.8,28.0,70%,8,41%,20,34,40%
DUX-STP-MXPRO-S/22-BLK,,58%,17.0,19.9,11.8,28.0,70%,8,41%,20,34,40%
DUX-STP-MXPRO-S/22-BLU,,58%,17.0,19.9,11.8,28.0,70%,8,41%,20,34,40%
DUX-STP-MXPRO-S/22-MID,,58%,17.0,19.9,11.8,28.0,70%,8,41%,20,34,40%
DUX-STP-MXPRO-S/22-GUA,,58%,17.0,19.9,11.8,28.0,70%,8,41%,20,34,40%
DUX-STP-MXPRO-S/22-BEI,,58%,17.0,19.9,11.8,28.0,70%,8,41%,20,34,40%
DUX-STP-MXPRO-S/22-CLA,,58%,17.0,19.9,11.8,28.0,70%,8,41%,20,34,40%
DUX-STP-MXPRO-47mm-RBW,,58%,17.0,19.9,11.8,28.0,70%,8,41%,20,34,40%
DUX-STP-MXPRO-47mm-BLK,,58%,17.0,19.9,11.8,28.0,70%,8,41%,20,34,40%
DUX-STP-MXPRO-47mm-MID,,58%,17.0,19.9,11.8,28.0,70%,8,41%,20,34,40%
DUX-STP-MXPRO-47mm-BEI,,58%,17.0,19.9,11.8,28.0,70%,8,41%,20,34,40%
DUX-STP-MXPRO-47mm-PRP,,58%,17.0,19.9,11.8,28.0,70%,8,41%,20,34,40%
DUX-STP-YA-38/40/41-BRW,,57%,35.0,40.9,23.7,55.0,70%,17,41%,40,66,39%
DUX-STP-YA-38/40/41-RED,,57%,35.0,40.9,23.7,55.0,70%,17,41%,40,66,39%
DUX-STP-YA-38/40/41-PNK,,57%,35.0,40.9,23.7,55.0,70%,17,41%,40,66,39%
DUX-STP-YA-38/40/41-GRY,,57%,35.0,40.9,23.7,55.0,70%,17,41%,40,66,39%
DUX-STP-YA-38/40/41-WHT,,57%,35.0,40.9,23.7,55.0,70%,17,41%,40,66,39%
DUX-STP-YA-38/40/41-BLK,,57%,35.0,40.9,23.7,55.0,70%,17,41%,40,66,39%
DUX-STP-YA-42/44/45/49-BRW,,57%,35.0,40.9,23.7,55.0,70%,17,41%,40,66,39%
DUX-STP-YA-42/44/45/49-RED,,57%,35.0,40.9,23.7,55.0,70%,17,41%,40,66,39%
DUX-STP-YA-42/44/45/49-PNK,,57%,35.0,40.9,23.7,55.0,70%,17,41%,40,66,39%
DUX-STP-YA-42/44/45/49-GRY,,57%,35.0,40.9,23.7,55.0,70%,17,41%,40,66,39%
DUX-STP-YA-42/44/45/49-WHT,,57%,35.0,40.9,23.7,55.0,70%,17,41%,40,66,39%
DUX-STP-YA-42/44/45/49-BLK,,57%,35.0,40.9,23.7,55.0,70%,17,41%,40,66,39%
DUX-STP-YA-20mm-BRW,,56%,31.0,35.9,21.1,48.0,70%,15,41%,36,58,38%
DUX-STP-YA-20mm-RED,,56%,31.0,35.9,21.1,48.0,70%,15,41%,36,58,38%
DUX-STP-YA-20mm-PNK,,56%,31.0,35.9,21.1,48.0,70%,15,41%,36,58,38%
DUX-STP-YA-20mm-GRY,,56%,31.0,35.9,21.1,48.0,70%,15,41%,36,58,38%
DUX-STP-YA-20mm-WHT,,56%,31.0,35.9,21.1,48.0,70%,15,41%,36,58,38%
DUX-STP-YA-20mm-BLK,,56%,31.0,35.9,21.1,48.0,70%,15,41%,36,58,38%
DUX-STP-YA-22mm-BRW,,56%,31.0,35.9,21.1,48.0,70%,15,41%,36,58,38%
DUX-STP-YA-22mm-RED,,56%,31.0,35.9,21.1,48.0,70%,15,41%,36,58,38%
DUX-STP-YA-22mm-PNK,,56%,31.0,35.9,21.1,48.0,70%,15,41%,36,58,38%
DUX-STP-YA-22mm-GRY,,56%,31.0,35.9,21.1,48.0,70%,15,41%,36,58,38%
DUX-STP-YA-22mm-WHT,,56%,31.0,35.9,21.1,48.0,70%,15,41%,36,58,38%
DUX-STP-YA-22mm-BLK,,56%,31.0,35.9,21.1,48.0,70%,15,41%,36,58,38%
DUX-STP-OA-38/40/41-STR,,59%,43.0,51.5,28.9,70.0,70%,20,41%,49,84,41%
DUX-STP-OA-38/40/41-BLK,,59%,43.0,51.5,28.9,70.0,70%,20,41%,49,84,41%
DUX-STP-OA-42/44/45-STR,,59%,43.0,51.5,28.9,70.0,70%,20,41%,49,84,41%
DUX-STP-OA-42/44/45-BLK,,59%,43.0,51.5,28.9,70.0,70%,20,41%,49,84,41%
DUX-STP-OA-49-STR,,59%,43.0,51.5,28.9,70.0,70%,20,41%,49,84,41%
DUX-STP-OA-49-BLK,,59%,43.0,51.5,28.9,70.0,70%,20,41%,49,84,41%
DUX-WAC-EAPA-49-TP,,71%,5.5,9.6,4.3,15.0,70%,3,41%,7,18,60%
DUX-WAC-PMMA-40mm-2PCK,,62%,6.0,8.3,4.6,12.0,70%,3,41%,8,14,46%
DUX-WAC-PMMA-44mm-2PCK,,62%,6.0,8.3,4.6,12.0,70%,3,41%,8,14,46%
DUX-WAC-PMMA-41mm-2PCK,,62%,6.0,8.3,4.6,12.0,70%,3,41%,8,14,46%
DUX-WAC-PMMA-45mm-2PCK,,#N/A,#N/A,#N/A,#N/A,#N/A,70%,#N/A,,#N/A,#N/A,#N/A
DUX-WAC-PMMA-42mm-2PCK,,62%,6.0,8.3,4.6,12.0,70%,3,41%,8,14,46%
DUX-WAC-PMMA-46mm-2PCK,,62%,6.0,8.3,4.6,12.0,70%,3,41%,8,14,46%
DUX-WAC-FLAS-49mm-BLK,,60%,7.0,9.1,5.3,13.0,70%,4,41%,9,16,43%
DUX-WAC-FLAS-49mm-SLV,,60%,7.0,9.1,5.3,13.0,70%,4,41%,9,16,43%
DUX-WAC-FLAS-49mm-GLD,,60%,7.0,9.1,5.3,13.0,70%,4,41%,9,16,43%
DUX-WAC-CAMO-41-BLK,,64%,10.0,13.6,7.2,20.0,60%,4,38%,12,24,52%
DUX-WAC-CAMO-41-BLU,,64%,10.0,13.6,7.2,20.0,60%,4,38%,12,24,52%
DUX-WAC-CAMO-41-WHT,,64%,10.0,13.6,7.2,20.0,60%,4,38%,12,24,52%
DUX-WAC-CAMO-41-PNK,,64%,10.0,13.6,7.2,20.0,60%,4,38%,12,24,52%
DUX-WAC-CAMO-41-PRP,,64%,10.0,13.6,7.2,20.0,60%,4,38%,12,24,52%
DUX-WAC-CAMO-45-BLK,,64%,10.0,13.6,7.2,20.0,60%,4,38%,12,24,52%
DUX-WAC-CAMO-45-BLU,,64%,10.0,13.6,7.2,20.0,60%,4,38%,12,24,52%
DUX-WAC-CAMO-45-WHT,,64%,10.0,13.6,7.2,20.0,60%,4,38%,12,24,52%
DUX-WAC-CAMO-45-PNK,,64%,10.0,13.6,7.2,20.0,60%,4,38%,12,24,52%
DUX-WAC-CAMO-45-PRP,,64%,10.0,13.6,7.2,20.0,60%,4,38%,12,24,52%
DUX-WAC-CAMO-49-BLK,,64%,10.0,13.6,7.2,20.0,60%,4,38%,12,24,52%
DUX-WAC-CAMO-49-BLU,,64%,10.0,13.6,7.2,20.0,60%,4,38%,12,24,52%
DUX-WAC-CAMO-49-WHT,,64%,10.0,13.6,7.2,20.0,60%,4,38%,12,24,52%
DUX-WAC-CAMO-49-PNK,,64%,10.0,13.6,7.2,20.0,60%,4,38%,12,24,52%
DUX-WAC-CAMO-49-PRP,,64%,10.0,13.6,7.2,20.0,60%,4,38%,12,24,52%
DUX-WAC-CAMO-42-BLK,,64%,10.0,13.6,7.2,20.0,60%,4,38%,12,24,52%
DUX-WAC-CAMO-42-BLU,,64%,10.0,13.6,7.2,20.0,60%,4,38%,12,24,52%
DUX-WAC-CAMO-42-WHT,,64%,10.0,13.6,7.2,20.0,60%,4,38%,12,24,52%
DUX-WAC-CAMO-42-PNK,,64%,10.0,13.6,7.2,20.0,60%,4,38%,12,24,52%
DUX-WAC-CAMO-42-PRP,,64%,10.0,13.6,7.2,20.0,60%,4,38%,12,24,52%
DUX-WAC-CAMO-46-BLK,,64%,10.0,13.6,7.2,20.0,60%,4,38%,12,24,52%
DUX-WAC-CAMO-46-BLU,,64%,10.0,13.6,7.2,20.0,60%,4,38%,12,24,52%
DUX-WAC-CAMO-46-WHT,,64%,10.0,13.6,7.2,20.0,60%,4,38%,12,24,52%
DUX-WAC-CAMO-46-PNK,,64%,10.0,13.6,7.2,20.0,60%,4,38%,12,24,52%
DUX-WAC-CAMO-46-PRP,,64%,10.0,13.6,7.2,20.0,60%,4,38%,12,24,52%
DUX-WAC-DAMO-41-BLK,,70%,8.0,13.0,5.9,20.0,60%,4,38%,9,24,61%
DUX-WAC-DAMO-41-GRN,,70%,8.0,13.0,5.9,20.0,60%,4,38%,9,24,61%
DUX-WAC-DAMO-41-TP/WHT,,70%,8.0,13.0,5.9,20.0,60%,4,38%,9,24,61%
DUX-WAC-DAMO-45-BLK,,70%,8.0,13.0,5.9,20.0,60%,4,38%,9,24,61%
DUX-WAC-DAMO-45-GRN,,70%,8.0,13.0,5.9,20.0,60%,4,38%,9,24,61%
DUX-WAC-DAMO-45-TP/WHT,,70%,8.0,13.0,5.9,20.0,60%,4,38%,9,24,61%
DUX-WAC-DAMO-49-BLK,,70%,8.0,13.0,5.9,20.0,60%,4,38%,9,24,61%
DUX-WAC-DAMO-49-GRN,,70%,8.0,13.0,5.9,20.0,60%,4,38%,9,24,61%
DUX-WAC-DAMO-49-TP/WHT,,70%,8.0,13.0,5.9,20.0,60%,4,38%,9,24,61%
DUX-WAC-DAMO-42-BLK,,70%,8.0,13.0,5.9,20.0,60%,4,38%,9,24,61%
DUX-WAC-DAMO-42-GRN,,70%,8.0,13.0,5.9,20.0,60%,4,38%,9,24,61%
DUX-WAC-DAMO-42-TP/WHT,,70%,8.0,13.0,5.9,20.0,60%,4,38%,9,24,61%
DUX-WAC-DAMO-46-BLK,,70%,8.0,13.0,5.9,20.0,60%,4,38%,9,24,61%
DUX-WAC-DAMO-46-GRN,,70%,8.0,13.0,5.9,20.0,60%,4,38%,9,24,61%
DUX-WAC-DAMO-46-TP/WHT,,70%,8.0,13.0,5.9,20.0,60%,4,38%,9,24,61%
DUX-WAC-TAMO-42-BLK,,64%,10.0,13.6,7.2,20.0,60%,4,38%,12,24,52%
DUX-WAC-TAMO-42-WHT,,64%,10.0,13.6,7.2,20.0,60%,4,38%,12,24,52%
DUX-WAC-TAMO-42-MID,,64%,10.0,13.6,7.2,20.0,60%,4,38%,12,24,52%
DUX-WAC-TAMO-42-TS,,64%,10.0,13.6,7.2,20.0,60%,4,38%,12,24,52%
DUX-WAC-TAMO-46-BLK,,64%,10.0,13.6,7.2,20.0,60%,4,38%,12,24,52%
DUX-WAC-TAMO-46-WHT,,64%,10.0,13.6,7.2,20.0,60%,4,38%,12,24,52%
DUX-WAC-TAMO-46-MID,,64%,10.0,13.6,7.2,20.0,60%,4,38%,12,24,52%
DUX-WAC-TAMO-46-TS,,64%,10.0,13.6,7.2,20.0,60%,4,38%,12,24,52%
DUX-WAC-TAMO-40-GRN,,64%,10.0,13.6,7.2,20.0,60%,4,38%,12,24,52%
DUX-WAC-TAMO-40-BLU,,64%,10.0,13.6,7.2,20.0,60%,4,38%,12,24,52%
DUX-WAC-TAMO-40-MID,,64%,10.0,13.6,7.2,20.0,60%,4,38%,12,24,52%
DUX-WAC-TAMO-40-WHT,,64%,10.0,13.6,7.2,20.0,60%,4,38%,12,24,52%
DUX-WAC-TAMO-40-TP,,64%,10.0,13.6,7.2,20.0,60%,4,38%,12,24,52%
DUX-WAC-TAMO-40-TS,,64%,10.0,13.6,7.2,20.0,60%,4,38%,12,24,52%
DUX-WAC-TAMO-44-GRN,,64%,10.0,13.6,7.2,20.0,60%,4,38%,12,24,52%
DUX-WAC-TAMO-44-BLU,,64%,10.0,13.6,7.2,20.0,60%,4,38%,12,24,52%
DUX-WAC-TAMO-44-MID,,64%,10.0,13.6,7.2,20.0,60%,4,38%,12,24,52%
DUX-WAC-TAMO-44-WHT,,64%,10.0,13.6,7.2,20.0,60%,4,38%,12,24,52%
DUX-WAC-TAMO-44-TP,,64%,10.0,13.6,7.2,20.0,60%,4,38%,12,24,52%
DUX-WAC-TAMO-44-TS,,64%,10.0,13.6,7.2,20.0,60%,4,38%,12,24,52%
DUX-WAC-TAMO-41-GRN,,64%,10.0,13.6,7.2,20.0,60%,4,38%,12,24,52%
DUX-WAC-TAMO-41-BLU,,64%,10.0,13.6,7.2,20.0,60%,4,38%,12,24,52%
DUX-WAC-TAMO-41-MID,,64%,10.0,13.6,7.2,20.0,60%,4,38%,12,24,52%
DUX-WAC-TAMO-41-WHT,,64%,10.0,13.6,7.2,20.0,60%,4,38%,12,24,52%
DUX-WAC-TAMO-41-TP,,64%,10.0,13.6,7.2,20.0,60%,4,38%,12,24,52%
DUX-WAC-TAMO-41-TS,,64%,10.0,13.6,7.2,20.0,60%,4,38%,12,24,52%
DUX-WAC-TAMO-45-GRN,,64%,10.0,13.6,7.2,20.0,60%,4,38%,12,24,52%
DUX-WAC-TAMO-45-BLU,,64%,10.0,13.6,7.2,20.0,60%,4,38%,12,24,52%
DUX-WAC-TAMO-45-MID,,64%,10.0,13.6,7.2,20.0,60%,4,38%,12,24,52%
DUX-WAC-TAMO-45-WHT,,64%,10.0,13.6,7.2,20.0,60%,4,38%,12,24,52%
DUX-WAC-TAMO-45-TP,,64%,10.0,13.6,7.2,20.0,60%,4,38%,12,24,52%
DUX-WAC-TAMO-45-TS,,64%,10.0,13.6,7.2,20.0,60%,4,38%,12,24,52%
DUX-WAC-TAMO-49-GRN,,64%,10.0,13.6,7.2,20.0,60%,4,38%,12,24,52%
DUX-WAC-TAMO-49-BLU,,64%,10.0,13.6,7.2,20.0,60%,4,38%,12,24,52%
DUX-WAC-TAMO-49-MID,,64%,10.0,13.6,7.2,20.0,60%,4,38%,12,24,52%
DUX-WAC-TAMO-49-WHT,,64%,10.0,13.6,7.2,20.0,60%,4,38%,12,24,52%
DUX-WAC-TAMO-49-TP,,64%,10.0,13.6,7.2,20.0,60%,4,38%,12,24,52%
DUX-WAC-TAMO-49-TS,,64%,10.0,13.6,7.2,20.0,60%,4,38%,12,24,52%
ZFRI-SP-GOR-i11/XR-CLR,,58%,6.0,7.8,4.6,11.0,70%,3,41%,8,13,41%
ZFRI-SP-GOR-i11Pro-CLR,,58%,6.0,7.8,4.6,11.0,70%,3,41%,8,13,41%
ZFRI-SP-GOR-i11ProMax-CLR,,58%,6.0,7.8,4.6,11.0,70%,3,41%,8,13,41%
ZFRI-SP-GOR-i12-CLR,,58%,6.0,7.8,4.6,11.0,70%,3,41%,8,13,41%
ZFRI-SP-GOR-i12ProMax-CLR,,58%,6.0,7.8,4.6,11.0,70%,3,41%,8,13,41%
ZFRI-SP-GOR-i13ProMax-CLR,,58%,6.0,7.8,4.6,11.0,70%,3,41%,8,13,41%
ZFRI-SP-GOR-i13-CLR,,58%,6.0,7.8,4.6,11.0,70%,3,41%,8,13,41%
ZFRI-SP-GOR-i14Pro-CLR,,58%,6.0,7.8,4.6,11.0,70%,3,41%,8,13,41%
ZFRI-SP-GOR-i14ProMax-CLR,,58%,6.0,7.8,4.6,11.0,70%,3,41%,8,13,41%
ZFRI-SP-GOR-i15Plus-CLR,,56%,6.3,7.9,4.8,11.0,70%,3,41%,8,13,38%
ZFRI-SP-GOR-i15Pro-CLR,,56%,6.3,7.9,4.8,11.0,70%,3,41%,8,13,38%
ZFRI-SP-GOR-i15ProMax-CLR,,56%,6.3,7.9,4.8,11.0,70%,3,41%,8,13,38%
ZFRI-SP-GOR-i15-CLR,,56%,6.3,7.9,4.8,11.0,70%,3,41%,8,13,38%
ZFRI-SP-GOR-i16Pro-CLR,,66%,6.8,10.1,5.1,15.0,70%,4,41%,9,18,52%
ZFRI-SP-GOR-i16ProMax-CLR,,66%,6.8,10.1,5.1,15.0,70%,4,41%,9,18,52%
ZFRI-SP-GOR-XS/X-CLR,,58%,6.0,7.8,4.6,11.0,70%,3,41%,8,13,41%
ZFRI-SP-GOR-XSMAX-CLR,,58%,6.0,7.8,4.6,11.0,70%,3,41%,8,13,41%
ZFRI-SP-GOR-i11/XR-PVC,,56%,9.0,10.8,6.6,15.0,70%,5,41%,11,18,38%
ZFRI-SP-GOR-i11Pro-PVC,,56%,9.0,10.8,6.6,15.0,70%,5,41%,11,18,38%
ZFRI-SP-GOR-i11ProMax-PVC,,56%,9.0,10.8,6.6,15.0,70%,5,41%,11,18,38%
ZFRI-SP-GOR-i12-PVC,,56%,9.0,10.8,6.6,15.0,70%,5,41%,11,18,38%
ZFRI-SP-GOR-i12ProMax-PVC,,56%,9.0,10.8,6.6,15.0,70%,5,41%,11,18,38%
ZFRI-SP-GOR-i13ProMax-PVC,,56%,9.0,10.8,6.6,15.0,70%,5,41%,11,18,38%
ZFRI-SP-GOR-i13-PVC,,56%,9.0,10.8,6.6,15.0,70%,5,41%,11,18,38%
ZFRI-SP-GOR-i14Pro-PVC,,56%,9.0,10.8,6.6,15.0,70%,5,41%,11,18,38%
ZFRI-SP-GOR-i14ProMax-PVC,,56%,9.0,10.8,6.6,15.0,70%,5,41%,11,18,38%
ZFRI-SP-GOR-i15Plus-PVC,,54%,9.5,11.0,6.9,15.0,70%,5,41%,12,18,35%
ZFRI-SP-GOR-i15Pro-PVC,,54%,9.5,11.0,6.9,15.0,70%,5,41%,12,18,35%
ZFRI-SP-GOR-i15ProMax-PVC,,54%,9.5,11.0,6.9,15.0,70%,5,41%,12,18,35%
ZFRI-SP-GOR-i15-PVC,,54%,9.5,11.0,6.9,15.0,70%,5,41%,12,18,35%
ZFRI-SP-GOR-i16Pro-PVC,,58%,10.5,12.8,7.6,18.0,70%,5,41%,13,22,40%
ZFRI-SP-GOR-i16ProMax-PVC,,58%,10.5,12.8,7.6,18.0,70%,5,41%,13,22,40%
ZFRI-SP-GOR-XS/X-PVC,,56%,9.0,10.8,6.6,15.0,70%,5,41%,11,18,38%
ZFRI-SP-GOR-XSMAX-PVC,,56%,9.0,10.8,6.6,15.0,70%,5,41%,11,18,38%
ZFRI-SP-GOR-i11/XR-MAT,,69%,8.8,15.9,6.4,21.0,70%,5,41%,11,25,57%
ZFRI-SP-GOR-i12ProMax-MAT,,69%,8.8,15.9,6.4,21.0,70%,5,41%,11,25,57%
ZFRI-SP-GOR-i12-MAT,,69%,8.8,15.9,6.4,21.0,70%,5,41%,11,25,57%
ZFRI-SP-GOR-i13ProMax-MAT,,69%,8.8,15.9,6.4,21.0,70%,5,41%,11,25,57%
ZFRI-SP-GOR-i13-MAT,,69%,8.8,15.9,6.4,21.0,70%,5,41%,11,25,57%
ZFRI-SP-GOR-i14ProMax-MAT,,69%,8.8,15.9,6.4,21.0,70%,5,41%,11,25,57%
ZFRI-SP-GOR-i15-MAT,,68%,9.3,16.0,6.8,21.0,70%,5,41%,12,25,54%
ZFRI-SP-GOR-i15Pro-MAT,,68%,9.3,16.0,6.8,21.0,70%,5,41%,12,25,54%
ZFRI-SP-GOR-i15ProMax-MAT,,68%,9.3,16.0,6.8,21.0,70%,5,41%,12,25,54%
ZFRI-SP-GOR-i16Pro-MAT,,66%,9.8,16.1,7.1,21.0,70%,5,41%,12,25,52%
ZFRI-SP-GOR-i16ProMax-MAT,,66%,9.8,16.1,7.1,21.0,70%,5,41%,12,25,52%
ZFRI-CL-CLGOR-i13-SLV,,75%,5.1,10.0,4.0,16.0,70%,3,41%,7,19,64%
ZFRI-CL-CLGOR-i13Pro-BLU,,75%,6.6,12.5,5.0,20.0,70%,4,41%,9,24,65%
ZFRI-CL-CLGOR-i14-SLV,,75%,5.1,10.0,4.0,16.0,70%,3,41%,7,19,64%
ZFRI-CL-CLGOR-i14Pro-PRP,,75%,6.6,12.5,5.0,20.0,70%,4,41%,9,24,65%
ZFRI-CL-CLGOR-i15-BLK,,75%,5.1,10.0,4.0,16.0,70%,3,41%,7,19,64%
ZFRI-CL-CLGOR-i15Pro-TTN/NT,,75%,6.6,12.5,5.0,20.0,70%,4,41%,9,24,65%
ZFRI-CL-CLGOR-i16-BLK,,75%,5.1,10.0,4.0,16.0,70%,3,41%,7,19,64%
ZFRI-CL-CLGOR-i16-SLV,,75%,5.1,10.0,4.0,16.0,70%,3,41%,7,19,64%
ZFRI-CL-CLGOR-i16Pro-SLV,,80%,5.1,12.0,4.0,20.0,70%,3,41%,7,24,72%
ZFRI-CL-CLGOR-i16Pro-TTN/BLK,,75%,6.6,12.5,5.0,20.0,70%,4,41%,9,24,65%
ZFRI-CL-CLGOR-i16Pro-TTN/DST,,75%,6.6,12.5,5.0,20.0,70%,4,41%,9,24,65%
ZFRI-SP-XGO-i12-CLR,,66%,5.7,8.7,4.4,13.0,70%,3,41%,7,16,52%
ZFRI-SP-XGO-i12ProMax-CLR,,66%,5.7,8.7,4.4,13.0,70%,3,41%,7,16,52%
ZFRI-SP-XGO-i14Pro-CLR,,66%,5.7,8.7,4.4,13.0,70%,3,41%,7,16,52%
ZFRI-SP-XGO-i14ProMax-CLR,,66%,5.7,8.7,4.4,13.0,70%,3,41%,7,16,52%
ZFRI-SP-XGO-i15Pro-CLR,,64%,6.1,8.8,4.7,13.0,70%,3,41%,8,16,49%
ZFRI-SP-XGO-i15ProMax-CLR,,64%,6.1,8.8,4.7,13.0,70%,3,41%,8,16,49%
ZFRI-SP-XGO-i13ProMax-CLR,,66%,5.7,8.7,4.4,13.0,70%,3,41%,7,16,52%
ZFRI-SP-XGO-i13-CLR,,66%,5.7,8.7,4.4,13.0,70%,3,41%,7,16,52%
ZFRI-SP-XGO-i15Plus-CLR,,64%,6.1,8.8,4.7,13.0,70%,3,41%,8,16,49%
ZFRI-SP-XGO-i15-CLR,,64%,6.1,8.8,4.7,13.0,70%,3,41%,8,16,49%
ZFRI-SP-XGO-i16Pro-CLR,,62%,6.6,9.0,5.0,13.0,70%,4,41%,9,16,46%
ZFRI-SP-XGO-i16ProMax-CLR,,62%,6.6,9.0,5.0,13.0,70%,4,41%,9,16,46%
ZFRI-SP-XGO-i12-PVC,,70%,7.3,11.7,5.5,18.0,70%,4,41%,9,22,57%
ZFRI-SP-XGO-i12ProMax-PVC,,70%,7.3,11.7,5.5,18.0,70%,4,41%,9,22,57%
ZFRI-SP-XGO-i14Pro-PVC,,70%,7.3,11.7,5.5,18.0,70%,4,41%,9,22,57%
ZFRI-SP-XGO-i14ProMax-PVC,,70%,7.3,11.7,5.5,18.0,70%,4,41%,9,22,57%
ZFRI-SP-XGO-i15Pro-PVC,,67%,7.9,11.9,5.9,18.0,70%,4,41%,10,22,54%
ZFRI-SP-XGO-i15ProMax-PVC,,67%,7.9,11.9,5.9,18.0,70%,4,41%,10,22,54%
ZFRI-SP-XGO-i13ProMax-PVC,,70%,7.3,11.7,5.5,18.0,70%,4,41%,9,22,57%
ZFRI-SP-XGO-i13-PVC,,70%,7.3,11.7,5.5,18.0,70%,4,41%,9,22,57%
ZFRI-SP-XGO-i15Plus-PVC,,67%,7.9,11.9,5.9,18.0,70%,4,41%,10,22,54%
ZFRI-SP-XGO-i15-PVC,,67%,7.9,11.9,5.9,18.0,70%,4,41%,10,22,54%
ZFRI-SP-XGO-i16Pro-PVC,,64%,8.9,12.3,6.5,18.0,70%,5,41%,11,22,49%
ZFRI-SP-XGO-i16ProMax-PVC,,64%,8.9,12.3,6.5,18.0,70%,5,41%,11,22,49%
ZFRI-SP-SILK(MOB)-i12-CLR,,77%,5.2,11.0,4.1,18.0,70%,3,41%,7,22,68%
ZFRI-SP-SILK(MOB)-i12ProMax-CLR,,77%,5.2,11.0,4.1,18.0,70%,3,41%,7,22,68%
ZFRI-SP-SILK(MOB)-i14Pro-CLR,,77%,5.2,11.0,4.1,18.0,70%,3,41%,7,22,68%
ZFRI-SP-SILK(MOB)-i14ProMax-CLR,,77%,5.2,11.0,4.1,18.0,70%,3,41%,7,22,68%
ZFRI-SP-SILK(MOB)-i15Pro-CLR,,77%,5.2,11.0,4.1,18.0,70%,3,41%,7,22,68%
ZFRI-SP-SILK(MOB)-i15ProMax-CLR,,77%,5.2,11.0,4.1,18.0,70%,3,41%,7,22,68%
ZFRI-SP-SILK(MOB)-iXR-CLR,,77%,5.2,11.0,4.1,18.0,70%,3,41%,7,22,68%
ZFRI-SP-SILK(MOB)-i13ProMax-CLR,,77%,5.2,11.0,4.1,18.0,70%,3,41%,7,22,68%
ZFRI-SP-SILK(MOB)-i13-CLR,,77%,5.2,11.0,4.1,18.0,70%,3,41%,7,22,68%
ZFRI-SP-SILK(MOB)-i15Plus-CLR,,77%,5.2,11.0,4.1,18.0,70%,3,41%,7,22,68%
ZFRI-SP-SILK(MOB)-i15-CLR,,77%,5.2,11.0,4.1,18.0,70%,3,41%,7,22,68%
ZFRI-SP-SILK(MOB)-i16Pro-CLR,,76%,5.7,11.2,4.4,18.0,70%,3,41%,7,22,65%
ZFRI-SP-SILK(MOB)-i16ProMax-CLR,,76%,5.7,11.2,4.4,18.0,70%,3,41%,7,22,65%
ZFRI-SP-SILK(MOB)-i12-PVC,,75%,7.2,13.7,5.4,22.0,70%,4,41%,9,26,65%
ZFRI-SP-SILK(MOB)-i12ProMax-PVC,,75%,7.2,13.7,5.4,22.0,70%,4,41%,9,26,65%
ZFRI-SP-SILK(MOB)-i14Pro-PVC,,75%,7.2,13.7,5.4,22.0,70%,4,41%,9,26,65%
ZFRI-SP-SILK(MOB)-i14ProMax-PVC,,75%,7.2,13.7,5.4,22.0,70%,4,41%,9,26,65%
ZFRI-SP-SILK(MOB)-i15Pro-PVC,,75%,7.2,13.7,5.4,22.0,70%,4,41%,9,26,65%
ZFRI-SP-SILK(MOB)-i15ProMax-PVC,,75%,7.2,13.7,5.4,22.0,70%,4,41%,9,26,65%
ZFRI-SP-SILK(MOB)-iXR-PVC,,75%,7.2,13.7,5.4,22.0,70%,4,41%,9,26,65%
ZFRI-SP-SILK(MOB)-i13ProMax-PVC,,75%,7.2,13.7,5.4,22.0,70%,4,41%,9,26,65%
ZFRI-SP-SILK(MOB)-i13-PVC,,75%,7.2,13.7,5.4,22.0,70%,4,41%,9,26,65%
ZFRI-SP-SILK(MOB)-i15Plus-PVC,,75%,7.2,13.7,5.4,22.0,70%,4,41%,9,26,65%
ZFRI-SP-SILK(MOB)-i15-PVC,,75%,7.2,13.7,5.4,22.0,70%,4,41%,9,26,65%
ZFRI-SP-SILK(MOB)-i16Pro-PVC,,72%,8.2,14.0,6.1,22.0,70%,4,41%,10,26,61%
ZFRI-SP-SILK(MOB)-i16ProMax-PVC,,72%,8.2,14.0,6.1,22.0,70%,4,41%,10,26,61%
JJT-SP-STO(MP)-iP14-CLR,,63%,8.0,11.0,5.9,16.0,70%,4,41%,10,19,48%
JJT-SP-STO(MP)-iP14Pro-CLR,,63%,8.0,11.0,5.9,16.0,70%,4,41%,10,19,48%
JJT-SP-STO(MP)-iP14ProMax-CLR,,63%,8.0,11.0,5.9,16.0,70%,4,41%,10,19,48%
JJT-SP-STO(MP)-iP15-CLR,,61%,8.5,11.1,6.3,16.0,70%,4,41%,11,19,45%
JJT-SP-STO(MP)-iP15Plus-CLR,,57%,9.5,11.5,6.9,16.0,70%,5,41%,12,19,39%
JJT-SP-STO(MP)-iP15Pro-CLR,,61%,8.5,11.1,6.3,16.0,70%,4,41%,11,19,45%
JJT-SP-STO(MP)-iP15ProMax-CLR,,61%,8.5,11.1,6.3,16.0,70%,4,41%,11,19,45%
JJT-SP-STO(MP)-iP16Pro-CLR,,57%,9.5,11.5,6.9,16.0,70%,5,41%,12,19,39%
JJT-SP-STO(MP)-iP16ProMax-CLR,,57%,9.5,11.5,6.9,16.0,70%,5,41%,12,19,39%
JJT-SP-STO(MP)-iP14-PVC,,62%,10.5,13.8,7.6,20.0,70%,5,41%,13,24,46%
JJT-SP-STO(MP)-iP14Pro-PVC,,62%,10.5,13.8,7.6,20.0,70%,5,41%,13,24,46%
JJT-SP-STO(MP)-iP14ProMax-PVC,,62%,10.5,13.8,7.6,20.0,70%,5,41%,13,24,46%
JJT-SP-STO(MP)-iP15-PVC,,61%,11.0,13.9,7.9,20.0,70%,6,41%,13,24,44%
JJT-SP-STO(MP)-iP15Pro-PVC,,61%,11.0,13.9,7.9,20.0,70%,6,41%,13,24,44%
JJT-SP-STO(MP)-iP15ProMax-PVC,,61%,11.0,13.9,7.9,20.0,70%,6,41%,13,24,44%
JJT-SP-STO(MP)-S24Ultra-CLR,,64%,10.0,13.6,7.2,20.0,70%,5,41%,12,24,49%
JJT-SP-STO(MP)-S24Ultra-PVC,,62%,13.5,17.3,9.5,25.0,70%,7,41%,16,30,46%
JJT-SP-STO(MP)-S25Ultra-CLR,,64%,10.0,13.6,7.2,20.0,70%,5,41%,12,24,49%
OEM-SP-ARC-Mini4-CLR,,69%,5.5,10.5,4.9,16.0,100%,5,50%,10,19,49%
OEM-SP-ARC-Mini6-CLR,,69%,5.5,10.5,4.9,16.0,100%,5,50%,10,19,49%
OEM-SP-ARC-iPad9.7(17)-CLR,,69%,7.5,13.1,6.3,20.0,100%,6,50%,13,24,48%
OEM-SP-ARC-iPad7/10.2-CLR,,69%,7.5,13.1,6.3,20.0,100%,6,50%,13,24,48%
OEM-SP-ARC-iPad10/10.9-CLR,,69%,7.5,13.1,6.3,20.0,100%,6,50%,13,24,48%
OEM-SP-ARC-Pro10.5-CLR,,69%,7.5,13.1,6.3,20.0,100%,6,50%,13,24,48%
OEM-SP-ARC-Air4/10.9-CLR,,69%,7.5,13.1,6.3,20.0,100%,6,50%,13,24,48%
OEM-SP-ARC-Pro12.9(18)-CLR,,60%,12.5,16.8,9.5,24.0,100%,10,50%,19,29,34%
OEM-SP-ARC-Air6-CLR,,69%,7.5,13.1,6.3,20.0,100%,6,50%,13,24,48%
OEM-SP-ARC-Pro11(2024)-CLR,,69%,7.5,13.1,6.3,20.0,100%,6,50%,13,24,48%
OEM-SP-ARC-Air13/Pro13-CLR,,60%,12.5,16.8,9.5,24.0,100%,10,50%,19,29,34%
OEM-SP-ARC-TabA7-CLR,,69%,7.5,13.1,6.3,20.0,70%,4,41%,11,24,56%
OEM-SP-ARC-TabA7Lite-CLR,,69%,5.5,10.5,4.9,16.0,70%,3,41%,8,19,56%
OEM-SP-ARC-TabA8(21)-CLR,,69%,7.5,13.1,6.3,20.0,70%,4,41%,11,24,56%
OEM-SP-ARC-S/A9-CLR,,69%,5.5,10.5,4.9,16.0,70%,3,41%,8,19,56%
OEM-SP-ARC-S/A9Plus-CLR,,69%,7.5,13.1,6.3,20.0,70%,4,41%,11,24,56%
OEM-SP-ARC-TabS6-CLR,,69%,7.5,13.1,6.3,20.0,70%,4,41%,11,24,56%
OEM-SP-ARC-TabS6Lite-CLR,,69%,7.5,13.1,6.3,20.0,70%,4,41%,11,24,56%
OEM-SP-ARC-TabS7-CLR,,69%,7.5,13.1,6.3,20.0,70%,4,41%,11,24,56%
OEM-SP-ARC-TabS7FE-CLR,,60%,12.5,16.8,9.5,24.0,70%,7,41%,16,29,44%
OEM-SP-ARC-TabS8Ultra-CLR,,61%,18.5,24.2,13.5,35.0,70%,9,41%,23,42,45%
OEM-SP-ARC-MPadT10-CLR,,69%,7.5,13.1,6.3,20.0,70%,4,41%,11,24,56%
OEM-SP-ARC-MPad11(21)-CLR,,69%,7.5,13.1,6.3,20.0,70%,4,41%,11,24,56%
OEM-SP-ARC-MPadPro12.6(21)-CLR,,60%,12.5,16.8,9.5,24.0,70%,7,41%,16,29,44%
OEM-SP-ARC-MPad10.4(22)-CLR,,69%,7.5,13.1,6.3,20.0,70%,4,41%,11,24,56%
OEM-SP-ARC-MPad11Pro(22)-CLR,,69%,7.5,13.1,6.3,20.0,70%,4,41%,11,24,56%
OEM-SP-ARC-MPadPro12.6(22)-CLR,,60%,12.5,16.8,9.5,24.0,70%,7,41%,16,29,44%
OEM-SP-ARC-MPadAir23-CLR,,69%,7.5,13.1,6.3,20.0,70%,4,41%,11,24,56%
OEM-SP-ARC-MPadSE22-CLR,,69%,7.5,13.1,6.3,20.0,70%,4,41%,11,24,56%
OEM-SP-ARC-HonorX8Lite-CLR,,69%,7.5,13.1,6.3,20.0,70%,4,41%,11,24,56%
OEM-SP-ARC-HonorX8-CLR,,69%,7.5,13.1,6.3,20.0,70%,4,41%,11,24,56%
OEM-SP-ARC-HonorX9-CLR,,69%,7.5,13.1,6.3,20.0,70%,4,41%,11,24,56%
OEM-SP-ARC-HnorPad8-CLR,,60%,12.5,16.8,9.5,24.0,70%,7,41%,16,29,44%
OEM-SP-ARC-RmiPad-CLR,,69%,7.5,13.1,6.3,20.0,70%,4,41%,11,24,56%
OEM-SP-ARC-XMPad5-CLR,,69%,7.5,13.1,6.3,20.0,70%,4,41%,11,24,56%
OEM-SP-ARC-XMPad6-CLR,,69%,7.5,13.1,6.3,20.0,70%,4,41%,11,24,56%
OEM-SP-ARC-RPadMini-CLR,,69%,5.5,10.5,4.9,16.0,70%,3,41%,8,19,56%
OEM-SP-ARC-SwitchLite-CLR,,75%,4.0,8.1,3.3,13.0,70%,2,41%,6,16,64%
OEM-SP-ARC-Switch-CLR,,75%,4.0,8.1,3.3,13.0,70%,2,41%,6,16,64%
OEM-CL-SNS-ZFlip4-BLK,,65%,3.0,5.1,2.6,7.5,70%,2,41%,4,9,50%
OEM-CL-SNS-ZFlip5-BLK,,69%,2.5,4.9,2.3,7.5,70%,2,41%,4,9,57%
OEM-CL-SNS-ZFlip6-BLK,,69%,2.5,4.9,2.3,7.5,70%,2,41%,4,9,57%
OEM-CL-CAMS-ZFlip4-CLR,,75%,1.5,4.1,1.6,6.5,70%,1,41%,3,8,64%
OEM-CL-CAMS-ZFlip5-CLR,,73%,1.7,4.1,1.8,6.5,70%,1,41%,3,8,61%
OEM-CL-CAMS-ZFlip6-CLR,,73%,1.7,4.1,1.8,6.5,70%,1,41%,3,8,61%
7TREE-PC-SHI-XM13-TP,,61%,11.0,13.9,7.9,20.0,50%,4,33%,12,24,51%
DUX-PC-FLIP-S/A26(5G)-BLK,,54%,16.5,18.3,11.5,25.0,50%,6,33%,17,30,42%
DUX-PC-FLIP-S/A26(5G)-BLU,,54%,16.5,18.3,11.5,25.0,50%,6,33%,17,30,42%
DUX-IC-MAGI-TabS10FEPlus-BLK,,53%,48.0,53.3,32.9,70.0,60%,20,38%,53,84,37%
DUX-IC-MAGI-TabS10FEPlus-GRY,,53%,48.0,53.3,32.9,70.0,60%,20,38%,53,84,37%
DUX-IC-MAGI-TabS10FEPlus-PNK,,53%,48.0,53.3,32.9,70.0,60%,20,38%,53,84,37%
DUX-IC-TOBY-TabS10FEPlus-BLK,,55%,44.0,51.0,30.3,68.0,50%,15,33%,45,82,44%
DUX-IC-TOBY-TabS10FEPlus-BLU,,55%,44.0,51.0,30.3,68.0,50%,15,33%,45,82,44%
DUX-IC-TOBY-TabS10FEPlus-PNK,,55%,44.0,51.0,30.3,68.0,50%,15,33%,45,82,44%
DUX-IC-DOMO-TabS10FEPlus-BLK,,54%,40.0,45.4,27.6,60.0,50%,14,33%,41,72,42%
DUX-IC-DOMO-TabS10FEPlus-BLU,,54%,40.0,45.4,27.6,60.0,50%,14,33%,41,72,42%
DUX-IC-DOMO-TabS10FEPlus-PNK,,54%,40.0,45.4,27.6,60.0,50%,14,33%,41,72,42%
DUX-SP-SWITCH2-CLR,,68%,10.0,16.4,7.9,25.0,80%,6,44%,14,30,53%
DUX-SP-NAAD-TabS10FEPlus-BLK,,58%,29.0,35.6,20.4,48.0,60%,12,38%,33,58,43%
DUX-SP-2.5D-TabS10FEPlus-CLR,,63%,25.0,32.9,17.8,48.0,80%,14,44%,32,58,44%
DUX-GC-CASE-SWITCH2-BLK,,59%,23.0,28.2,16.4,40.0,60%,10,38%,26,48,45%
DUX-GC-BAG-SWITCH2-BLK,,61%,25.0,31.4,17.8,45.0,60%,11,38%,28,54,47%
DUX-IC-DK-TabS10FEPlus-BLK,,56%,185.0,217.2,123.0,280.0,60%,74,38%,197,336,41%
DUX-IC-MKPRO-Air11-BLK,,51%,385.0,413.8,254.6,520.0,50%,127,33%,382,624,39%
DUX-IC-MKPRO-Air13-BLK,,51%,430.0,461.7,284.2,580.0,50%,142,33%,426,696,39%
DUX-IC-MKPRO-iPad10/11-BLK,,51%,385.0,413.8,254.6,520.0,50%,127,33%,382,624,39%
DUX-IC-MKPRO-Pro11-BLK,,51%,385.0,413.8,254.6,520.0,50%,127,33%,382,624,39%
DUX-IC-MKPRO-Pro13-BLK,,51%,430.0,461.7,284.2,580.0,50%,142,33%,426,696,39%
DUX-IC-DK(BLIT)-TabS10FEPlus-BLK,,58%,195.0,237.8,129.6,310.0,60%,78,38%,207,372,44%
YOYO-LANY-AIR/VOU-BLK/BLK,,66%,30.0,46.1,20.4,60.0,80%,16,44%,37,72,49%
YOYO-LANY-AIR/VOU-YLW,,66%,30.0,46.1,20.4,60.0,80%,16,44%,37,72,49%
YOYO-LANY-AIR/VOU-PRP,,66%,30.0,46.1,20.4,60.0,80%,16,44%,37,72,49%
YOYO-LANY-AIR/VOU-BLK/SLV,,66%,30.0,46.1,20.4,60.0,80%,16,44%,37,72,49%
YOYO-IC-AIR/RUN-Pro11(2024)-BLK,,70%,55.0,94.4,37.5,125.0,80%,30,44%,68,150,55%
YOYO-IC-AIR/RUN-Pro11(2024)-PRP,,70%,55.0,94.4,37.5,125.0,80%,30,44%,68,150,55%
YOYO-IC-AIR/RUN-Air11(2024)-BLK,,70%,55.0,94.4,37.5,125.0,80%,30,44%,68,150,55%
YOYO-IC-AIR/RUN-Air11(2024)-PRP,,70%,55.0,94.4,37.5,125.0,80%,30,44%,68,150,55%
YOYO-ACE-AIR/STARS-AirTag-BLK,,76%,12.0,26.4,8.6,36.0,80%,7,44%,15,43,64%
YOYO-ACE-AIR/STARS-AirTag-PRP,,76%,12.0,26.4,8.6,36.0,80%,7,44%,15,43,64%
YOYO-ACE-AIR/STARS-AirTag-YLW,,76%,12.0,26.4,8.6,36.0,80%,7,44%,15,43,64%
YOYO-ACE-AIR/STARS-AirTag-BLU,,76%,12.0,26.4,8.6,36.0,80%,7,44%,15,43,64%
YOYO-ACE-AIR/STARS-AirTag-4PACK,,81%,36.0,89.8,24.3,125.0,110%,27,52%,51,150,66%
OEM1-PC-BLUE-X200-WHT,,58%,18.0,21.3,12.5,30.0,50%,6,33%,19,36,48%
OEM1-PC-BLUE-X200-BLK,,58%,18.0,21.3,12.5,30.0,50%,6,33%,19,36,48%
OEM1-PC-BLUE-X200Pro-WHT,,58%,18.0,21.3,12.5,30.0,50%,6,33%,19,36,48%
OEM1-PC-BLUE-X200Pro-BLK,,58%,18.0,21.3,12.5,30.0,50%,6,33%,19,36,48%
OEM1-PC-BLUE-IQOO13-WHT,,58%,18.0,21.3,12.5,30.0,50%,6,33%,19,36,48%
OEM1-PC-BLUE-IQOO13-BLK,,58%,18.0,21.3,12.5,30.0,50%,6,33%,19,36,48%
OEM1-PC-BLUE-OnePlus13-WHT,,58%,18.0,21.3,12.5,30.0,50%,6,33%,19,36,48%
OEM1-PC-BLUE-OnePlus13-BLK,,58%,18.0,21.3,12.5,30.0,50%,6,33%,19,36,48%
OEM1-PC-BLUE-XM15-WHT,,58%,18.0,21.3,12.5,30.0,50%,6,33%,19,36,48%
OEM1-PC-BLUE-XM15-BLK,,58%,18.0,21.3,12.5,30.0,50%,6,33%,19,36,48%
OEM1-PC-BLUE-XM15Ultra-WHT,,58%,18.0,21.3,12.5,30.0,50%,6,33%,19,36,48%
OEM1-PC-BLUE-XM15Ultra-BLK,,58%,18.0,21.3,12.5,30.0,50%,6,33%,19,36,48%
OEM1-PC-BLUE-Magic7Pro-WHT,,58%,18.0,21.3,12.5,30.0,50%,6,33%,19,36,48%
OEM1-PC-BLUE-Magic7Pro-BLK,,58%,18.0,21.3,12.5,30.0,50%,6,33%,19,36,48%
OEM1-PC-BLUE-S25Ultra-WHT,,58%,18.0,21.3,12.5,30.0,50%,6,33%,19,36,48%
OEM1-PC-BLUE-S25Ultra-BLK,,58%,18.0,21.3,12.5,30.0,50%,6,33%,19,36,48%
OEM1-PC-BLUE-FindX8-WHT,,58%,18.0,21.3,12.5,30.0,50%,6,33%,19,36,48%
OEM1-PC-BLUE-FindX8-BLK,,58%,18.0,21.3,12.5,30.0,50%,6,33%,19,36,48%
OEM1-PC-BLUE-FindX8Pro-WHT,,58%,18.0,21.3,12.5,30.0,50%,6,33%,19,36,48%
OEM1-PC-BLUE-FindX8Pro-BLK,,58%,18.0,21.3,12.5,30.0,50%,6,33%,19,36,48%
LEEU-MAC-CANDY-WDT-BLK,,60%,5.0,6.3,3.6,9.0,50%,2,33%,5,11,50%
LEEU-MAC-CANDY-WDT-BEI,,60%,5.0,6.3,3.6,9.0,50%,2,33%,5,11,50%
LEEU-MAC-CANDY-WDT-LAV/PRP,,60%,5.0,6.3,3.6,9.0,50%,2,33%,5,11,50%
LEEU-MAC-CANDY-WDT-SLV/GRY,,60%,5.0,6.3,3.6,9.0,50%,2,33%,5,11,50%
LEEU-MAC-CANDY-WDT-MNT/GRN,,60%,5.0,6.3,3.6,9.0,50%,2,33%,5,11,50%
LEEU-MAC-CANDY-WDT-TFN,,60%,5.0,6.3,3.6,9.0,50%,2,33%,5,11,50%
LEEU-MAC-CANDY-WDT-SKY,,60%,5.0,6.3,3.6,9.0,50%,2,33%,5,11,50%
LEEU-MAC-CANDY-WDT-DFRED,,60%,5.0,6.3,3.6,9.0,50%,2,33%,5,11,50%
LEEU-MAC-CANDY-WDT-KHA,,60%,5.0,6.3,3.6,9.0,50%,2,33%,5,11,50%
LEEU-MAC-CANDY-WDT-WHT,,60%,5.0,6.3,3.6,9.0,50%,2,33%,5,11,50%
LEEU-MAC-CANDY-WDT-AMY,,60%,5.0,6.3,3.6,9.0,50%,2,33%,5,11,50%
LEEU-MAC-CANDY-WDT-PNK,,60%,5.0,6.3,3.6,9.0,50%,2,33%,5,11,50%
LEEU-MAC-CANDY-WDT-LIG/PRP,,69%,5.0,7.6,3.6,11.5,50%,2,33%,5,14,61%
LEEU-MAC-CANDY-WDT-GLD,,69%,5.0,7.6,3.6,11.5,50%,2,33%,5,14,61%
LEEU-MAC-CANDY-WDT-BLU,,69%,5.0,7.6,3.6,11.5,50%,2,33%,5,14,61%
LEEU-MAC-CANDY-WDT-YLW,,69%,5.0,7.6,3.6,11.5,50%,2,33%,5,14,61%
LEEU-MAC-CANDY-360/REC-BLK,,57%,7.0,8.2,4.9,11.5,50%,2,33%,7,14,46%
LEEU-MAC-CANDY-360/REC-BEI,,57%,7.0,8.2,4.9,11.5,50%,2,33%,7,14,46%
LEEU-MAC-CANDY-360/REC-LAV/PRP,,57%,7.0,8.2,4.9,11.5,50%,2,33%,7,14,46%
LEEU-MAC-CANDY-360/REC-SLV/GRY,,57%,7.0,8.2,4.9,11.5,50%,2,33%,7,14,46%
LEEU-MAC-CANDY-360/REC-MNT/GRN,,57%,7.0,8.2,4.9,11.5,50%,2,33%,7,14,46%
LEEU-MAC-CANDY-360/REC-TFN,,57%,7.0,8.2,4.9,11.5,50%,2,33%,7,14,46%
LEEU-MAC-CANDY-360/REC-SKY,,57%,7.0,8.2,4.9,11.5,50%,2,33%,7,14,46%
LEEU-MAC-CANDY-360/REC-DFRED,,57%,7.0,8.2,4.9,11.5,50%,2,33%,7,14,46%
LEEU-MAC-CANDY-360/REC-KHA,,57%,7.0,8.2,4.9,11.5,50%,2,33%,7,14,46%
LEEU-MAC-CANDY-360/REC-WHT,,57%,7.0,8.2,4.9,11.5,50%,2,33%,7,14,46%
LEEU-MAC-CANDY-360/REC-AMY,,57%,7.0,8.2,4.9,11.5,50%,2,33%,7,14,46%
LEEU-MAC-CANDY-360/REC-PNK,,57%,7.0,8.2,4.9,11.5,50%,2,33%,7,14,46%
LEEU-MAC-CANDY-360/REC-LIG/PRP,,57%,7.0,8.2,4.9,11.5,50%,2,33%,7,14,46%
LEEU-MAC-CANDY-360/REC-GLD,,57%,7.0,8.2,4.9,11.5,50%,2,33%,7,14,46%
LEEU-MAC-CANDY-360/REC-BLU,,57%,7.0,8.2,4.9,11.5,50%,2,33%,7,14,46%
LEEU-MAC-CANDY-360/REC-YLW,,57%,7.0,8.2,4.9,11.5,50%,2,33%,7,14,46%
LEEU-MAC-CANDY-360/TRI-BLK,,57%,7.0,8.2,4.9,11.5,50%,2,33%,7,14,46%
LEEU-MAC-CANDY-360/TRI-BEI,,57%,7.0,8.2,4.9,11.5,50%,2,33%,7,14,46%
LEEU-MAC-CANDY-360/TRI-LAV/PRP,,57%,7.0,8.2,4.9,11.5,50%,2,33%,7,14,46%
LEEU-MAC-CANDY-360/TRI-SLV/GRY,,57%,7.0,8.2,4.9,11.5,50%,2,33%,7,14,46%
LEEU-MAC-CANDY-360/TRI-MNT/GRN,,57%,7.0,8.2,4.9,11.5,50%,2,33%,7,14,46%
LEEU-MAC-CANDY-360/TRI-TFN,,57%,7.0,8.2,4.9,11.5,50%,2,33%,7,14,46%
LEEU-MAC-CANDY-360/TRI-SKY,,57%,7.0,8.2,4.9,11.5,50%,2,33%,7,14,46%
LEEU-MAC-CANDY-360/TRI-DFRED,,57%,7.0,8.2,4.9,11.5,50%,2,33%,7,14,46%
LEEU-MAC-CANDY-360/TRI-KHA,,57%,7.0,8.2,4.9,11.5,50%,2,33%,7,14,46%
LEEU-MAC-CANDY-360/TRI-WHT,,57%,7.0,8.2,4.9,11.5,50%,2,33%,7,14,46%
LEEU-MAC-CANDY-360/TRI-AMY,,57%,7.0,8.2,4.9,11.5,50%,2,33%,7,14,46%
LEEU-MAC-CANDY-360/TRI-PNK,,57%,7.0,8.2,4.9,11.5,50%,2,33%,7,14,46%
LEEU-MAC-CANDY-360/TRI-LIG/PRP,,57%,7.0,8.2,4.9,11.5,50%,2,33%,7,14,46%
LEEU-MAC-CANDY-360/TRI-GLD,,57%,7.0,8.2,4.9,11.5,50%,2,33%,7,14,46%
LEEU-MAC-CANDY-360/TRI-BLU,,57%,7.0,8.2,4.9,11.5,50%,2,33%,7,14,46%
LEEU-MAC-CANDY-360/TRI-YLW,,57%,7.0,8.2,4.9,11.5,50%,2,33%,7,14,46%
LEEU-MAC-STL-DUAL-GLD,,56%,7.5,8.6,5.3,12.0,50%,3,33%,8,14,45%
LEEU-MAC-STL-DUAL-SLV,,56%,7.5,8.6,5.3,12.0,50%,3,33%,8,14,45%
LEEU-MAC-STL-DUAL-BLK,,56%,7.5,8.6,5.3,12.0,50%,3,33%,8,14,45%
FRES-RING-R30-ORG,,61%,6.8,9.1,5.1,13.0,60%,3,38%,8,16,47%
FRES-RING-R30-WHT,,61%,6.8,9.1,5.1,13.0,60%,3,38%,8,16,47%
FRES-RING-R30-PRP,,61%,6.8,9.1,5.1,13.0,60%,3,38%,8,16,47%
FRES-RING-R30-GRY,,61%,6.8,9.1,5.1,13.0,60%,3,38%,8,16,47%
FRES-RING-R30-BLK,,61%,6.8,9.1,5.1,13.0,60%,3,38%,8,16,47%
FRES-RING-R20-ORG,,61%,5.6,7.7,4.3,11.0,60%,3,38%,7,13,47%
FRES-RING-R20-WHT,,61%,5.6,7.7,4.3,11.0,60%,3,38%,7,13,47%
FRES-RING-R20-PRP,,61%,5.6,7.7,4.3,11.0,60%,3,38%,7,13,47%
FRES-RING-R20-GRY,,61%,5.6,7.7,4.3,11.0,60%,3,38%,7,13,47%
FRES-RING-R20-BLK,,61%,5.6,7.7,4.3,11.0,60%,3,38%,7,13,47%
FRES-RING-R005-ORG,,63%,6.3,8.9,4.8,13.0,60%,3,38%,8,16,51%
FRES-RING-R005-WHT,,63%,6.3,8.9,4.8,13.0,60%,3,38%,8,16,51%
FRES-RING-R005-PRP,,63%,6.3,8.9,4.8,13.0,60%,3,38%,8,16,51%
FRES-RING-R005-GRY,,63%,6.3,8.9,4.8,13.0,60%,3,38%,8,16,51%
FRES-RING-R005-BLK,,63%,6.3,8.9,4.8,13.0,60%,3,38%,8,16,51%
FRES-RING-MGSTAND-ORG,,60%,5.8,7.7,4.4,11.0,60%,3,38%,7,13,46%
FRES-RING-MGSTAND-WHT,,60%,5.8,7.7,4.4,11.0,60%,3,38%,7,13,46%
FRES-RING-MGSTAND-PRP,,60%,5.8,7.7,4.4,11.0,60%,3,38%,7,13,46%
FRES-RING-MGSTAND-GRY,,60%,5.8,7.7,4.4,11.0,60%,3,38%,7,13,46%
FRES-RING-MGSTAND-BLK,,60%,5.8,7.7,4.4,11.0,60%,3,38%,7,13,46%
ZFRI-CL-CLGOR-iP16E-BLK,,71%,4.2,7.7,3.4,12.0,70%,2,41%,6,14,60%
ZFRI-CL-CLGOR-iP16E-SLV,,71%,4.2,7.7,3.4,12.0,70%,2,41%,6,14,60%
PSG-IC-G1-TabS10FEPlus-BLK,,62%,29.0,38.3,20.4,53.0,50%,10,33%,31,64,52%
PSG-IC-G1-TabS10FEPlus-LAV,,62%,29.0,38.3,20.4,53.0,50%,10,33%,31,64,52%
PSG-IC-G1-TabS10FEPlus-PNK,,62%,29.0,38.3,20.4,53.0,50%,10,33%,31,64,52%
PSG-IC-PU-TabS10FEPlus-BLK,,57%,24.0,28.6,17.1,40.0,50%,9,33%,26,48,47%
PSG-IC-PU-TabS10FEPlus-PNK,,57%,24.0,28.6,17.1,40.0,50%,9,33%,26,48,47%
PSG-IC-PU-TabS10FEPlus-LAV,,57%,24.0,28.6,17.1,40.0,50%,9,33%,26,48,47%
DUX-IC-PUFF-Air11-PNK,,68%,27.0,39.5,19.1,60.0,60%,11,38%,31,72,58%
DUX-IC-PUFF-Air11-BLU,,68%,27.0,39.5,19.1,60.0,60%,11,38%,31,72,58%
DUX-IC-PUFF-Air4/5-PNK,,68%,27.0,39.5,19.1,60.0,60%,11,38%,31,72,58%
DUX-IC-PUFF-Air4/5-BLU,,68%,27.0,39.5,19.1,60.0,60%,11,38%,31,72,58%
DUX-IC-PUFF-iPad10/11-PNK,,68%,27.0,39.5,19.1,60.0,60%,11,38%,31,72,58%
DUX-IC-PUFF-iPad10/11-BLU,,68%,27.0,39.5,19.1,60.0,60%,11,38%,31,72,58%
DUX-IC-PUFF-iPad789-PNK,,68%,27.0,39.5,19.1,60.0,60%,11,38%,31,72,58%
DUX-IC-PUFF-iPad789-BLU,,68%,27.0,39.5,19.1,60.0,60%,11,38%,31,72,58%
DUX-IC-PUFF-Mini7-PNK,,68%,25.0,36.4,17.8,55.0,60%,11,38%,28,66,57%
DUX-IC-PUFF-Mini7-BLU,,68%,25.0,36.4,17.8,55.0,60%,11,38%,28,66,57%
DUX-IC-PUFF-TabS10FE-PNK,,68%,27.0,39.5,19.1,60.0,60%,11,38%,31,72,58%
DUX-IC-PUFF-TabS10FE-BLU,,68%,27.0,39.5,19.1,60.0,60%,11,38%,31,72,58%
DUX-IC-PUFF-S/A9Plus-PNK,,68%,27.0,39.5,19.1,60.0,60%,11,38%,31,72,58%
DUX-IC-PUFF-S/A9Plus-BLU,,68%,27.0,39.5,19.1,60.0,60%,11,38%,31,72,58%
DUX-IC-PUFF-S/A9-PNK,,68%,25.0,36.4,17.8,55.0,60%,11,38%,28,66,57%
DUX-IC-PUFF-S/A9-BLU,,68%,25.0,36.4,17.8,55.0,60%,11,38%,28,66,57%
DUX-IC-PUFF-XMPad7/Pro-PNK,,68%,27.0,39.5,19.1,60.0,60%,11,38%,31,72,58%
DUX-IC-PUFF-XMPad7/Pro-BLU,,68%,27.0,39.5,19.1,60.0,60%,11,38%,31,72,58%
DUX-IC-PUFF-XMPad6/Pro-PNK,,68%,27.0,39.5,19.1,60.0,60%,11,38%,31,72,58%
DUX-IC-PUFF-XMPad6/Pro-BLU,,68%,27.0,39.5,19.1,60.0,60%,11,38%,31,72,58%
DUX-PC-AIMO-CMF2Pro-BLK,,74%,9.0,15.8,6.6,25.0,70%,5,41%,11,30,63%
DUX-PC-AIMO-RMagic10/Air-BLK,,74%,9.0,15.8,6.6,25.0,70%,5,41%,11,30,63%
DUX-PC-AIMO-HN/400Lite-BLK,,74%,9.0,15.8,6.6,25.0,70%,5,41%,11,30,63%
DUX-PC-FLIP-Pixel10/10Pro-BLK,,54%,16.5,18.3,11.5,25.0,50%,6,33%,17,30,42%
DUX-PC-FLIP-Pixel10/10Pro-BLU,,54%,16.5,18.3,11.5,25.0,50%,6,33%,17,30,42%
DUX-PC-FLIP-Pixel10ProXL-BLK,,54%,16.5,18.3,11.5,25.0,50%,6,33%,17,30,42%
DUX-PC-FLIP-Pixel10ProXL-BLU,,54%,16.5,18.3,11.5,25.0,50%,6,33%,17,30,42%
DUX-PC-FLIP-HN/400Lite-BLK,,54%,16.5,18.3,11.5,25.0,50%,6,33%,17,30,42%
DUX-PC-FLIP-HN/400Lite-BLU,,54%,16.5,18.3,11.5,25.0,50%,6,33%,17,30,42%
DUX-SP-ROGA-S25Edge-BLK,,66%,12.0,16.8,8.6,25.0,70%,6,41%,15,30,52%
DUX-SP-ROGA-S25Ultra-BLK,,66%,12.0,16.8,8.6,25.0,70%,6,41%,15,30,52%
DUX-SP-ROGA-iP16E-BLK,,66%,12.0,16.8,8.6,25.0,70%,6,41%,15,30,52%
DUX-SP-ROGA-i16ProMax-BLK,,66%,12.0,16.8,8.6,25.0,70%,6,41%,15,30,52%
DUX-SP-ROGA-i16Pro-BLK,,66%,12.0,16.8,8.6,25.0,70%,6,41%,15,30,52%
DUX-SP-NAAD-XMPad7/Pro-BLK,,63%,25.0,32.9,17.8,48.0,60%,11,38%,28,58,51%
DUX-ACE-CARD-AirTag,,57%,12.0,14.3,8.6,20.0,60%,5,38%,14,24,43%
DUX-GC-PCCASE-SWITCH2-TP,,64%,18.0,23.8,12.5,35.0,60%,8,38%,20,42,52%
DUX-IC-DK(BLIT)-XMPad7/Pro-BLK,,57%,175.0,208.6,116.4,270.0,60%,70,38%,186,324,42%
DUX-MOUSE-DM-BLK,,66%,25.0,33.6,17.1,50.0,60%,10,38%,27,60,54%
DUX-PC-ZEST-i16Pro-GRA/RNB,,65%,31.0,42.5,21.1,60.0,60%,13,38%,34,72,53%
DUX-PC-ZEST-i16Pro-GRA/GLD,,65%,31.0,42.5,21.1,60.0,60%,13,38%,34,72,53%
DUX-PC-ZEST-i16ProMax-GRA/RNB,,65%,31.0,42.5,21.1,60.0,60%,13,38%,34,72,53%
DUX-PC-ZEST-i16ProMax-GRA/GLD,,65%,31.0,42.5,21.1,60.0,60%,13,38%,34,72,53%
DUX-PC-ZEST-iP16E-GRA/RNB,,65%,31.0,42.5,21.1,60.0,60%,13,38%,34,72,53%
DUX-PC-ZEST-iP16E-GRA/GLD,,65%,31.0,42.5,21.1,60.0,60%,13,38%,34,72,53%
DUX-PC-ZEST-S25Ultra-GRA/RNB,,65%,31.0,42.5,21.1,60.0,60%,13,38%,34,72,53%
DUX-PC-ZEST-S25Ultra-GRA/GLD,,65%,31.0,42.5,21.1,60.0,60%,13,38%,34,72,53%
DUX-IC-DK-XMPad7/Pro-BLK,,54%,165.0,187.9,109.9,240.0,60%,66,38%,176,288,39%
7TREE-PC-SHI-Honor400-BLK,,61%,11.0,13.9,7.9,20.0,50%,4,33%,12,24,51%
7TREE-PC-SHI-Honor400-TP,,61%,11.0,13.9,7.9,20.0,50%,4,33%,12,24,51%
7TREE-PC-SHI(MS)-Honor400-BLK,,55%,18.0,20.3,12.5,28.0,50%,6,33%,19,34,44%
7TREE-PC-SHI(MS)-Honor400-TP,,55%,18.0,20.3,12.5,28.0,50%,6,33%,19,34,44%
7TREE-PC-SHI-Honor400Pro-BLK,,61%,11.0,13.9,7.9,20.0,50%,4,33%,12,24,51%
7TREE-PC-SHI-Honor400Pro-TP,,61%,11.0,13.9,7.9,20.0,50%,4,33%,12,24,51%
7TREE-PC-SHI(MS)-Honor400Pro-BLK,,55%,18.0,20.3,12.5,28.0,50%,6,33%,19,34,44%
7TREE-PC-SHI(MS)-Honor400Pro-TP,,55%,18.0,20.3,12.5,28.0,50%,6,33%,19,34,44%
ZFRI-CL-CLGOR-i14Pro-BLK,,76%,6.6,12.4,4.8,20.0,80%,4,44%,9,24,64%
ZFRI-CL-CLGOR-i14Pro-SLV,,76%,6.6,12.4,4.8,20.0,80%,4,44%,9,24,64%
ZFRI-CL-CLGOR-i15Pro-TTN/BLK,,76%,6.6,12.4,4.8,20.0,80%,4,44%,9,24,64%
ZFRI-CL-CLGOR-i15Pro-TTN/SLV,,76%,6.6,12.4,4.8,20.0,80%,4,44%,9,24,64%
ZFRI-SP-GOR-i17-CLR,,70%,6.8,10.4,4.9,16.0,80%,4,44%,9,19,54%
ZFRI-SP-GOR-i17Air-CLR,,70%,6.8,10.4,4.9,16.0,80%,4,44%,9,19,54%
ZFRI-SP-GOR-i17Pro-CLR,,70%,6.8,10.4,4.9,16.0,80%,4,44%,9,19,54%
ZFRI-SP-GOR-i17ProMax-CLR,,70%,6.8,10.4,4.9,16.0,80%,4,44%,9,19,54%
GKK-PC-AIR2(RING)-ZFlip7-CLR,,63%,20.0,24.1,13.1,35.0,55%,7,35%,20,42,52%
GKK-PC-AIR2(RING)-ZFlip7-BLK,,63%,20.0,24.1,13.1,35.0,55%,7,35%,20,42,52%
GKK-PC-AIR2(RING)-ZFlip7-PRP,,63%,20.0,24.1,13.1,35.0,55%,7,35%,20,42,52%
GKK-PC-AIR2-ZFlip7-CLR,,62%,10.0,12.4,6.9,18.0,55%,4,35%,11,22,51%
GKK-PC-AIR2-ZFlip7-BLK,,62%,10.0,12.4,6.9,18.0,55%,4,35%,11,22,51%
GKK-PC-AIR2-ZFlip7-PRP,,62%,10.0,12.4,6.9,18.0,55%,4,35%,11,22,51%
GKK-PC-TIFF(RING)-ZFlip7-BLK,,64%,25.0,30.6,16.3,45.0,55%,9,35%,25,54,53%
GKK-PC-TIFF(RING)-ZFlip7-GRY,,64%,25.0,30.6,16.3,45.0,55%,9,35%,25,54,53%
GKK-PC-TIFF(RING)-ZFlip7-PRP,,64%,25.0,30.6,16.3,45.0,55%,9,35%,25,54,53%
GKK-PC-TIFF-ZFlip7-BLK,,64%,15.0,19.0,10.0,28.0,55%,6,35%,16,34,54%
GKK-PC-TIFF-ZFlip7-GRY,,64%,15.0,19.0,10.0,28.0,55%,6,35%,16,34,54%
GKK-PC-TIFF-ZFlip7-PNK,,64%,15.0,19.0,10.0,28.0,55%,6,35%,16,34,54%
GKK-PC-AIR2(SP)-ZFlip7-CLR,,65%,13.0,16.9,8.8,25.0,55%,5,35%,14,30,55%
GKK-PC-AIR2(SP)-ZFlip7-BLK,,65%,13.0,16.9,8.8,25.0,55%,5,35%,14,30,55%
GKK-PC-AIR2(SP)-ZFlip7-PRP,,65%,13.0,16.9,8.8,25.0,55%,5,35%,14,30,55%
GKK-PC-UT(SP)-ZFold7-BLK,,63%,17.0,20.6,11.3,30.0,55%,6,35%,17,36,52%
GKK-PC-UT(SP)-ZFold7-GRY,,63%,17.0,20.6,11.3,30.0,55%,6,35%,17,36,52%
GKK-PC-UT(SP/MS)-ZFold7-BLK,,66%,18.0,23.4,11.9,35.0,55%,7,35%,18,42,56%
GKK-PC-UT(SP/MS)-ZFold7-GRY,,66%,18.0,23.4,11.9,35.0,55%,7,35%,18,42,56%
DUX-PC-FLIP-Honor400-BLK,,56%,16.5,18.0,10.9,25.0,55%,6,35%,17,30,43%
DUX-PC-FLIP-Honor400-BLU,,56%,16.5,18.0,10.9,25.0,55%,6,35%,17,30,43%
DUX-PC-FLIP-Honor400Pro-BLK,,56%,16.5,18.0,10.9,25.0,55%,6,35%,17,30,43%
DUX-PC-FLIP-Honor400Pro-BLU,,56%,16.5,18.0,10.9,25.0,55%,6,35%,17,30,43%
DUX-PC-AIMO-Honor400-BLK,,75%,9.0,15.6,6.3,25.0,55%,3,35%,10,30,68%
DUX-PC-AIMO-Honor400Pro-BLK,,75%,9.0,15.6,6.3,25.0,55%,3,35%,10,30,68%
DUX-PC-LUVY-ZFlip7-CYA,,68%,25.0,33.1,16.3,50.0,70%,11,41%,28,60,54%
DUX-PC-LUVY-ZFlip7-STA,,68%,25.0,33.1,16.3,50.0,70%,11,41%,28,60,54%
DUX-PC-LUVY-ZFlip7-PNK,,68%,25.0,33.1,16.3,50.0,70%,11,41%,28,60,54%
DUX-PC-STEX-ZFlip7-BLK,,75%,17.0,28.1,11.3,45.0,70%,8,41%,19,54,65%
DUX-PC-STEX-ZFold7-BLK,,67%,31.0,42.0,20.0,60.0,70%,14,41%,34,72,53%
DUX-PC-BRIL-ZFlip7-BLK,,69%,20.0,28.1,13.1,43.0,70%,9,41%,22,52,57%
DUX-PC-BRIL-ZFlip7-BLU,,69%,20.0,28.1,13.1,43.0,70%,9,41%,22,52,57%
DUX-PC-BRIL-ZFlip7-PNK,,69%,20.0,28.1,13.1,43.0,70%,9,41%,22,52,57%
DUX-PC-BRIL-ZFold7-BLK,,65%,23.0,29.0,15.0,43.0,70%,11,41%,26,52,51%
DUX-PC-BRIL-ZFold7-BLU,,65%,23.0,29.0,15.0,43.0,70%,11,41%,26,52,51%
DUX-PC-BRIL-ZFold7-PNK,,65%,23.0,29.0,15.0,43.0,70%,11,41%,26,52,51%
DUX-PC-PEN(BRL)-ZFold7-BLK,,63%,29.0,34.4,18.8,50.0,70%,13,41%,32,60,47%
DUX-PC-PEN(BRL)-ZFold7-BLU,,63%,29.0,34.4,18.8,50.0,70%,13,41%,32,60,47%
DUX-PC-AIMO-ZFlip7-BLK,,65%,16.0,20.3,10.6,30.0,55%,6,35%,16,36,54%
DUX-PC-AIMO-ZFold7-BLK,,64%,19.0,23.8,12.5,35.0,55%,7,35%,19,42,54%
DUX-PC-AIMO(MS)-ZFlip7-BLK,,55%,28.0,29.1,18.1,40.0,55%,10,35%,28,48,41%
DUX-PC-AIMO(MS)-ZFold7-BLK,,63%,26.0,30.9,16.9,45.0,55%,9,35%,26,54,52%
7TREE-PC-JJ-MagicV3-BLK,,60%,42.0,49.5,26.9,68.0,60%,16,38%,43,82,47%
7TREE-PC-JJ-MagicV3-RED,,60%,42.0,49.5,26.9,68.0,60%,16,38%,43,82,47%
7TREE-PC-JJ-MagicV3-GRN,,60%,42.0,49.5,26.9,68.0,60%,16,38%,43,82,47%
7TREE-PC-JJ-MagicV5-BLK,,60%,42.0,49.5,26.9,68.0,60%,16,38%,43,82,47%
7TREE-PC-JJ-MagicV5-RED,,60%,42.0,49.5,26.9,68.0,60%,16,38%,43,82,47%
7TREE-PC-JJ-MagicV5-GLD,,60%,42.0,49.5,26.9,68.0,60%,16,38%,43,82,47%
7TREE-PC-XF-MagicV3-BLK,,62%,40.0,48.9,25.6,68.0,60%,15,38%,41,82,50%
7TREE-PC-XF-MagicV3-RED,,62%,40.0,48.9,25.6,68.0,60%,15,38%,41,82,50%
7TREE-PC-XF-MagicV3-GRN,,62%,40.0,48.9,25.6,68.0,60%,15,38%,41,82,50%
7TREE-PC-XF-MagicV5-BLK,,62%,40.0,48.9,25.6,68.0,60%,15,38%,41,82,50%
7TREE-PC-XF-MagicV5-RED,,62%,40.0,48.9,25.6,68.0,60%,15,38%,41,82,50%
7TREE-PC-XF-MagicV5-GLD,,62%,40.0,48.9,25.6,68.0,60%,15,38%,41,82,50%
7TREE-PC-JJ-ZFold7-BLK,,60%,42.0,49.5,26.9,68.0,60%,16,38%,43,82,47%
7TREE-PC-JJ-ZFold7-RED,,60%,42.0,49.5,26.9,68.0,60%,16,38%,43,82,47%
7TREE-PC-JJ-ZFold7-GRN,,60%,42.0,49.5,26.9,68.0,60%,16,38%,43,82,47%
7TREE-PC-JJ-ZFlip7-BLK,,63%,39.0,48.7,25.0,68.0,60%,15,38%,40,82,51%
7TREE-PC-JJ-ZFlip7-BLU,,63%,39.0,48.7,25.0,68.0,60%,15,38%,40,82,51%
7TREE-PC-JJ-ZFlip7-GRN,,63%,39.0,48.7,25.0,68.0,60%,15,38%,40,82,51%
7TREE-PC-JJ-ZFlip7-RED,,63%,39.0,48.7,25.0,68.0,60%,15,38%,40,82,51%
GKK-PC-YT-ZFold7-TP,,58%,19.0,21.3,12.5,30.0,60%,8,38%,20,36,44%
GKK-PC-YT-ZFold7-BLK,,58%,19.0,21.3,12.5,30.0,60%,8,38%,20,36,44%
GKK-PC-YT(MS)-ZFold7-TP,,59%,24.0,26.8,15.6,38.0,60%,9,38%,25,46,45%
GKK-PC-YT(MS)-ZFold7-BLK,,59%,24.0,26.8,15.6,38.0,60%,9,38%,25,46,45%
GKK-PC-YT(RING)-ZFold7-TP,,58%,29.0,31.9,18.8,45.0,60%,11,38%,30,54,44%
GKK-PC-YT(RING)-ZFold7-BLK,,58%,29.0,31.9,18.8,45.0,60%,11,38%,30,54,44%
BNKS-ACE-L43Pro-Pro11(M4)-SPG,,57%,258.0,293.0,162.5,380.0,60%,98,38%,260,456,43%
BNKS-ACE-L43Pro-Pro13(M4)-SPG,,58%,268.0,307.5,168.8,400.0,60%,101,38%,270,480,44%
DUX-PC-FLIP-iP17-BLK,,59%,16.5,19.0,10.9,27.0,55%,6,35%,17,32,48%
DUX-PC-FLIP-iP17-BLU,,59%,16.5,19.0,10.9,27.0,55%,6,35%,17,32,48%
DUX-PC-FLIP-iP17-PNK,,59%,16.5,19.0,10.9,27.0,55%,6,35%,17,32,48%
DUX-PC-FLIP-iP17Air-BLK,,59%,16.5,19.0,10.9,27.0,55%,6,35%,17,32,48%
DUX-PC-FLIP-iP17Air-BLU,,59%,16.5,19.0,10.9,27.0,55%,6,35%,17,32,48%
DUX-PC-FLIP-iP17Air-PNK,,59%,16.5,19.0,10.9,27.0,55%,6,35%,17,32,48%
DUX-PC-FLIP-iP17Pro-BLK,,59%,16.5,19.0,10.9,27.0,55%,6,35%,17,32,48%
DUX-PC-FLIP-iP17Pro-BLU,,59%,16.5,19.0,10.9,27.0,55%,6,35%,17,32,48%
DUX-PC-FLIP-iP17Pro-PNK,,59%,16.5,19.0,10.9,27.0,55%,6,35%,17,32,48%
DUX-PC-FLIP-iP17ProMax-BLK,,59%,16.5,19.0,10.9,27.0,55%,6,35%,17,32,48%
DUX-PC-FLIP-iP17ProMax-BLU,,59%,16.5,19.0,10.9,27.0,55%,6,35%,17,32,48%
DUX-PC-FLIP-iP17ProMax-PNK,,59%,16.5,19.0,10.9,27.0,55%,6,35%,17,32,48%
DUX-PC-HIVO-iP17-BLK,,60%,37.0,43.7,23.8,60.0,60%,14,38%,38,72,47%
DUX-PC-HIVO-iP17-BRW,,60%,37.0,43.7,23.8,60.0,60%,14,38%,38,72,47%
DUX-PC-HIVO-iP17-RED,,60%,37.0,43.7,23.8,60.0,60%,14,38%,38,72,47%
DUX-PC-HIVO-iP17Air-BLK,,60%,37.0,43.7,23.8,60.0,60%,14,38%,38,72,47%
DUX-PC-HIVO-iP17Air-BRW,,60%,37.0,43.7,23.8,60.0,60%,14,38%,38,72,47%
DUX-PC-HIVO-iP17Air-RED,,60%,37.0,43.7,23.8,60.0,60%,14,38%,38,72,47%
DUX-PC-HIVO-iP17Pro-BLK,,60%,37.0,43.7,23.8,60.0,60%,14,38%,38,72,47%
DUX-PC-HIVO-iP17Pro-BRW,,60%,37.0,43.7,23.8,60.0,60%,14,38%,38,72,47%
DUX-PC-HIVO-iP17Pro-RED,,60%,37.0,43.7,23.8,60.0,60%,14,38%,38,72,47%
DUX-PC-HIVO-iP17ProMax-BLK,,60%,37.0,43.7,23.8,60.0,60%,14,38%,38,72,47%
DUX-PC-HIVO-iP17ProMax-BRW,,60%,37.0,43.7,23.8,60.0,60%,14,38%,38,72,47%
DUX-PC-HIVO-iP17ProMax-RED,,60%,37.0,43.7,23.8,60.0,60%,14,38%,38,72,47%
DUX-SP-ROGA-iP17-CLR,,68%,12.0,16.6,8.1,25.0,90%,7,47%,15,30,49%
DUX-SP-ROGA-iP17Air-CLR,,68%,12.0,16.6,8.1,25.0,90%,7,47%,15,30,49%
DUX-SP-ROGA-iP17Pro-CLR,,68%,12.0,16.6,8.1,25.0,90%,7,47%,15,30,49%
DUX-SP-ROGA-iP17ProMax-CLR,,68%,12.0,16.6,8.1,25.0,90%,7,47%,15,30,49%
DUX-CL-HAWK-iP17-BLK,,63%,8.0,10.3,5.6,15.0,80%,5,44%,10,18,44%
DUX-CL-HAWK-iP17-SLV,,63%,8.0,10.3,5.6,15.0,80%,5,44%,10,18,44%
DUX-CL-HAWK-iP17-DT,,63%,8.0,10.3,5.6,15.0,80%,5,44%,10,18,44%
DUX-CL-HAWK-iP17-NT,,63%,8.0,10.3,5.6,15.0,80%,5,44%,10,18,44%
DUX-CL-HAWK-iP17Air-BLK,,63%,8.0,10.3,5.6,15.0,80%,5,44%,10,18,44%
DUX-CL-HAWK-iP17Air-SLV,,63%,8.0,10.3,5.6,15.0,80%,5,44%,10,18,44%
DUX-CL-HAWK-iP17Air-DT,,63%,8.0,10.3,5.6,15.0,80%,5,44%,10,18,44%
DUX-CL-HAWK-iP17Air-NT,,63%,8.0,10.3,5.6,15.0,80%,5,44%,10,18,44%
DUX-CL-HAWK-iP17Pro/Max-BLK,,63%,8.0,10.3,5.6,15.0,80%,5,44%,10,18,44%
DUX-CL-HAWK-iP17Pro/Max-SLV,,63%,8.0,10.3,5.6,15.0,80%,5,44%,10,18,44%
DUX-CL-HAWK-iP17Pro/Max-DT,,63%,8.0,10.3,5.6,15.0,80%,5,44%,10,18,44%
DUX-CL-HAWK-iP17Pro/Max-NT,,63%,8.0,10.3,5.6,15.0,80%,5,44%,10,18,44%
DUX-PC-FLIP-Reno14-BLK,,59%,16.5,19.0,10.9,27.0,55%,6,35%,17,32,48%
DUX-PC-FLIP-Reno14-BLU,,59%,16.5,19.0,10.9,27.0,55%,6,35%,17,32,48%
DUX-PC-FLIP-Reno14Pro-BLK,,59%,16.5,19.0,10.9,27.0,55%,6,35%,17,32,48%
DUX-PC-FLIP-Reno14Pro-BLU,,59%,16.5,19.0,10.9,27.0,55%,6,35%,17,32,48%
DUX-PC-FLIP-Reno14F-BLK,,59%,16.5,19.0,10.9,27.0,55%,6,35%,17,32,48%
DUX-PC-FLIP-Reno14F-BLU,,59%,16.5,19.0,10.9,27.0,55%,6,35%,17,32,48%
DUX-PC-AIMO-Reno14-BLK,,75%,9.0,15.6,6.3,25.0,70%,4,41%,11,30,65%
DUX-PC-AIMO-Reno14Pro-BLK,,75%,9.0,15.6,6.3,25.0,70%,4,41%,11,30,65%
DUX-PC-AIMO-Reno14F-BLK,,75%,9.0,15.6,6.3,25.0,70%,4,41%,11,30,65%
DUX-PC-AIMO-NoPhone3-BLK,,75%,9.0,15.6,6.3,25.0,70%,4,41%,11,30,65%
DUX-STP-YE-AW41-BLK,,71%,13.0,19.4,8.8,30.0,100%,9,50%,18,36,51%
DUX-STP-YE-AW41-PRP,,71%,13.0,19.4,8.8,30.0,100%,9,50%,18,36,51%
DUX-STP-YE-AW41-STA,,71%,13.0,19.4,8.8,30.0,100%,9,50%,18,36,51%
DUX-STP-YE-AW41-GRN,,71%,13.0,19.4,8.8,30.0,100%,9,50%,18,36,51%
DUX-STP-YE-AW46-BLK,,71%,13.0,19.4,8.8,30.0,100%,9,50%,18,36,51%
DUX-STP-YE-AW46-PRP,,71%,13.0,19.4,8.8,30.0,100%,9,50%,18,36,51%
DUX-STP-YE-AW46-STA,,71%,13.0,19.4,8.8,30.0,100%,9,50%,18,36,51%
DUX-STP-YE-AW46-GRN,,71%,13.0,19.4,8.8,30.0,100%,9,50%,18,36,51%
DUX-STP-YE-SW8-BLK,,71%,13.0,19.4,8.8,30.0,100%,9,50%,18,36,51%
DUX-STP-YE-SW8-PRP,,71%,13.0,19.4,8.8,30.0,100%,9,50%,18,36,51%
DUX-STP-YE-SW8-STA,,71%,13.0,19.4,8.8,30.0,100%,9,50%,18,36,51%
DUX-STP-YE-SW8-GRN,,71%,13.0,19.4,8.8,30.0,100%,9,50%,18,36,51%
DUX-STP-YE-WFIT-BLK,,73%,12.0,19.1,8.1,30.0,100%,8,50%,16,36,55%
DUX-STP-YE-WFIT-PRP,,73%,12.0,19.1,8.1,30.0,100%,8,50%,16,36,55%
DUX-STP-YE-WFIT-STA,,73%,12.0,19.1,8.1,30.0,100%,8,50%,16,36,55%
DUX-STP-YE-WFIT-GRN,,73%,12.0,19.1,8.1,30.0,100%,8,50%,16,36,55%
DUX-AAC-PECR-APP2-GRY,,63%,17.0,20.6,11.3,30.0,60%,7,38%,18,36,50%
DUX-AAC-PECR-APP2-CLR,,63%,17.0,20.6,11.3,30.0,60%,7,38%,18,36,50%
DUX-AAC-PECR-AP4-GRY,,63%,17.0,20.6,11.3,30.0,60%,7,38%,18,36,50%
DUX-AAC-PECR-AP4-CLR,,63%,17.0,20.6,11.3,30.0,60%,7,38%,18,36,50%
DUX-AAC-PECQ-APP2-BLK,,65%,16.0,20.3,10.6,30.0,60%,6,38%,17,36,53%
DUX-AAC-PECQ-APP2-WHT,,65%,16.0,20.3,10.6,30.0,60%,6,38%,17,36,53%
DUX-AAC-PECQ-APP2-WHT/PNK,,65%,16.0,20.3,10.6,30.0,60%,6,38%,17,36,53%
DUX-AAC-PECQ-APP2-WHT/BLU,,65%,16.0,20.3,10.6,30.0,60%,6,38%,17,36,53%
DUX-AAC-PECQ-AP4-BLK,,65%,16.0,20.3,10.6,30.0,60%,6,38%,17,36,53%
DUX-AAC-PECQ-AP4-WHT,,65%,16.0,20.3,10.6,30.0,60%,6,38%,17,36,53%
DUX-AAC-PECQ-AP4-WHT/PNK,,65%,16.0,20.3,10.6,30.0,60%,6,38%,17,36,53%
DUX-AAC-PECQ-AP4-WHT/BLU,,65%,16.0,20.3,10.6,30.0,60%,6,38%,17,36,53%
DUX-PC-YIND-iP17-BLK,,65%,13.0,16.9,8.8,25.0,70%,6,41%,15,30,50%
DUX-PC-YIND-iP17-GRY,,65%,13.0,16.9,8.8,25.0,70%,6,41%,15,30,50%
DUX-PC-YIND-iP17-BLU,,65%,13.0,16.9,8.8,25.0,70%,6,41%,15,30,50%
DUX-PC-YIND-iP17-PNK,,65%,13.0,16.9,8.8,25.0,70%,6,41%,15,30,50%
DUX-PC-YIND-iP17-PRP,,65%,13.0,16.9,8.8,25.0,70%,6,41%,15,30,50%
DUX-PC-YIND-iP17Pro-BLK,,65%,13.0,16.9,8.8,25.0,70%,6,41%,15,30,50%
DUX-PC-YIND-iP17Pro-GRY,,65%,13.0,16.9,8.8,25.0,70%,6,41%,15,30,50%
DUX-PC-YIND-iP17Pro-BLU,,65%,13.0,16.9,8.8,25.0,70%,6,41%,15,30,50%
DUX-PC-YIND-iP17Pro-PNK,,65%,13.0,16.9,8.8,25.0,70%,6,41%,15,30,50%
DUX-PC-YIND-iP17Pro-PRP,,65%,13.0,16.9,8.8,25.0,70%,6,41%,15,30,50%
DUX-PC-YIND-iP17ProMax-BLK,,65%,13.0,16.9,8.8,25.0,70%,6,41%,15,30,50%
DUX-PC-YIND-iP17ProMax-GRY,,65%,13.0,16.9,8.8,25.0,70%,6,41%,15,30,50%
DUX-PC-YIND-iP17ProMax-BLU,,65%,13.0,16.9,8.8,25.0,70%,6,41%,15,30,50%
DUX-PC-YIND-iP17ProMax-PNK,,65%,13.0,16.9,8.8,25.0,70%,6,41%,15,30,50%
DUX-PC-YIND-iP17ProMax-PRP,,65%,13.0,16.9,8.8,25.0,70%,6,41%,15,30,50%
DUX-PC-YIND-iP17Air-BLK,,65%,13.0,16.9,8.8,25.0,70%,6,41%,15,30,50%
DUX-PC-YIND-iP17Air-GRY,,65%,13.0,16.9,8.8,25.0,70%,6,41%,15,30,50%
DUX-PC-YIND-iP17Air-BLU,,65%,13.0,16.9,8.8,25.0,70%,6,41%,15,30,50%
DUX-PC-YIND-iP17Air-PNK,,65%,13.0,16.9,8.8,25.0,70%,6,41%,15,30,50%
DUX-PC-YIND-iP17Air-PRP,,65%,13.0,16.9,8.8,25.0,70%,6,41%,15,30,50%
DUX-PC-LAWA-iP17-BLK,,58%,50.0,55.6,31.9,75.0,70%,22,41%,54,90,40%
DUX-PC-LAWA-iP17-GRY,,58%,50.0,55.6,31.9,75.0,70%,22,41%,54,90,40%
DUX-PC-LAWA-iP17-BLU,,58%,50.0,55.6,31.9,75.0,70%,22,41%,54,90,40%
DUX-PC-LAWA-iP17Air-BLK,,58%,50.0,55.6,31.9,75.0,70%,22,41%,54,90,40%
DUX-PC-LAWA-iP17Air-GRY,,58%,50.0,55.6,31.9,75.0,70%,22,41%,54,90,40%
DUX-PC-LAWA-iP17Air-BLU,,58%,50.0,55.6,31.9,75.0,70%,22,41%,54,90,40%
DUX-PC-LAWA-iP17Pro-BLK,,58%,50.0,55.6,31.9,75.0,70%,22,41%,54,90,40%
DUX-PC-LAWA-iP17Pro-GRY,,58%,50.0,55.6,31.9,75.0,70%,22,41%,54,90,40%
DUX-PC-LAWA-iP17Pro-BLU,,58%,50.0,55.6,31.9,75.0,70%,22,41%,54,90,40%
DUX-PC-LAWA-iP17ProMax-BLK,,58%,50.0,55.6,31.9,75.0,70%,22,41%,54,90,40%
DUX-PC-LAWA-iP17ProMax-GRY,,58%,50.0,55.6,31.9,75.0,70%,22,41%,54,90,40%
DUX-PC-LAWA-iP17ProMax-BLU,,58%,50.0,55.6,31.9,75.0,70%,22,41%,54,90,40%
DUX-PC-AIMO(MS)-iP17-BLK,,70%,18.0,25.9,11.9,40.0,80%,10,44%,21,48,55%
DUX-PC-AIMO(MS)-iP17Air-BLK,,70%,18.0,25.9,11.9,40.0,80%,10,44%,21,48,55%
DUX-PC-AIMO(MS)-iP17Pro-BLK,,70%,18.0,25.9,11.9,40.0,80%,10,44%,21,48,55%
DUX-PC-AIMO(MS)-iP17ProMax-BLK,,70%,18.0,25.9,11.9,40.0,80%,10,44%,21,48,55%
DUX-PC-AIMO-iP17-BLK,,75%,9.0,15.6,6.3,25.0,80%,5,44%,11,30,63%
DUX-PC-AIMO-iP17Air-BLK,,75%,9.0,15.6,6.3,25.0,80%,5,44%,11,30,63%
DUX-PC-AIMO-iP17Pro-BLK,,75%,9.0,15.6,6.3,25.0,80%,5,44%,11,30,63%
DUX-PC-AIMO-iP17ProMax-BLK,,75%,9.0,15.6,6.3,25.0,80%,5,44%,11,30,63%
DUX-PC-CLIN-iP17-CLR,,75%,9.0,15.6,6.3,25.0,80%,5,44%,11,30,63%
DUX-PC-CLIN-iP17Air-CLR,,75%,9.0,15.6,6.3,25.0,80%,5,44%,11,30,63%
DUX-PC-CLIN-iP17Pro-CLR,,75%,9.0,15.6,6.3,25.0,80%,5,44%,11,30,63%
DUX-PC-CLIN-iP17ProMax-CLR,,75%,9.0,15.6,6.3,25.0,80%,5,44%,11,30,63%
DUX-PC-CLIN(MS)-iP17-CLR,,65%,16.0,20.3,10.6,30.0,80%,9,44%,19,36,47%
DUX-PC-CLIN(MS)-iP17Air-CLR,,65%,16.0,20.3,10.6,30.0,80%,9,44%,19,36,47%
DUX-PC-CLIN(MS)-iP17Pro-CLR,,65%,16.0,20.3,10.6,30.0,80%,9,44%,19,36,47%
DUX-PC-CLIN(MS)-iP17ProMax-CLR,,65%,16.0,20.3,10.6,30.0,80%,9,44%,19,36,47%
DUX-PC-XPS-iP17-BLK,,60%,30.0,33.7,19.4,48.0,60%,12,38%,31,58,46%
DUX-PC-XPS-iP17-BLU,,60%,30.0,33.7,19.4,48.0,60%,12,38%,31,58,46%
DUX-PC-XPS-iP17-PRP,,60%,30.0,33.7,19.4,48.0,60%,12,38%,31,58,46%
DUX-PC-XPS-iP17Air-BLK,,60%,30.0,33.7,19.4,48.0,60%,12,38%,31,58,46%
DUX-PC-XPS-iP17Air-BLU,,60%,30.0,33.7,19.4,48.0,60%,12,38%,31,58,46%
DUX-PC-XPS-iP17Air-PRP,,60%,30.0,33.7,19.4,48.0,60%,12,38%,31,58,46%
DUX-PC-XPS-iP17Pro-BLK,,60%,30.0,33.7,19.4,48.0,60%,12,38%,31,58,46%
DUX-PC-XPS-iP17Pro-BLU,,60%,30.0,33.7,19.4,48.0,60%,12,38%,31,58,46%
DUX-PC-XPS-iP17Pro-PRP,,60%,30.0,33.7,19.4,48.0,60%,12,38%,31,58,46%
DUX-PC-XPS-iP17ProMax-BLK,,60%,30.0,33.7,19.4,48.0,60%,12,38%,31,58,46%
DUX-PC-XPS-iP17ProMax-BLU,,60%,30.0,33.7,19.4,48.0,60%,12,38%,31,58,46%
DUX-PC-XPS-iP17ProMax-PRP,,60%,30.0,33.7,19.4,48.0,60%,12,38%,31,58,46%
DUX-SP-10D-iP17-CLR,,61%,9.0,11.1,6.3,16.0,60%,4,38%,10,19,48%
DUX-SP-10D-iP17Pro-CLR,,61%,9.0,11.1,6.3,16.0,60%,4,38%,10,19,48%
DUX-SP-10D-iP17ProMax-CLR,,61%,9.0,11.1,6.3,16.0,60%,4,38%,10,19,48%
DUX-SP-10D-iP17Air-CLR,,61%,9.0,11.1,6.3,16.0,60%,4,38%,10,19,48%
LEEU-PC-ABAG-iP17-CLR,,69%,5.5,8.5,4.1,13.0,80%,3,44%,7,16,53%
LEEU-PC-ABAG-iP17Air-CLR,,69%,5.5,8.5,4.1,13.0,80%,3,44%,7,16,53%
LEEU-PC-ABAG-iP17Pro-CLR,,69%,5.5,8.5,4.1,13.0,80%,3,44%,7,16,53%
LEEU-PC-ABAG-iP17ProMax-CLR,,69%,5.5,8.5,4.1,13.0,80%,3,44%,7,16,53%
LEEU-PC-ARCY-iP17-CLR,,65%,8.0,10.8,5.6,16.0,80%,5,44%,10,19,47%
LEEU-PC-ARCY-iP17Air-CLR,,65%,8.0,10.8,5.6,16.0,80%,5,44%,10,19,47%
LEEU-PC-ARCY-iP17Pro-CLR,,65%,8.0,10.8,5.6,16.0,80%,5,44%,10,19,47%
LEEU-PC-ARCY-iP17ProMax-CLR,,65%,8.0,10.8,5.6,16.0,80%,5,44%,10,19,47%
LEEU-PC-ARCY(MS)-iP17-CLR,,60%,15.0,17.5,10.0,25.0,70%,7,41%,17,30,43%
LEEU-PC-ARCY(MS)-iP17Air-CLR,,60%,15.0,17.5,10.0,25.0,70%,7,41%,17,30,43%
LEEU-PC-ARCY(MS)-iP17Pro-CLR,,60%,15.0,17.5,10.0,25.0,70%,7,41%,17,30,43%
LEEU-PC-ARCY(MS)-iP17ProMax-CLR,,60%,15.0,17.5,10.0,25.0,70%,7,41%,17,30,43%
FRES-PC-SL-i16-BLK,,80%,12.0,24.1,8.1,40.0,135%,11,57%,19,48,60%
FRES-PC-SL-i16-WHT,,80%,12.0,24.1,8.1,40.0,135%,11,57%,19,48,60%
FRES-PC-SL-i16-GRY,,80%,12.0,24.1,8.1,40.0,135%,11,57%,19,48,60%
FRES-PC-SL-i16-MB/GRN,,80%,12.0,24.1,8.1,40.0,135%,11,57%,19,48,60%
FRES-PC-SL-i16-PRP,,80%,12.0,24.1,8.1,40.0,135%,11,57%,19,48,60%
FRES-PC-SL-i16-CYA,,80%,12.0,24.1,8.1,40.0,135%,11,57%,19,48,60%
FRES-PC-SL-i16Pro-BLK,,80%,12.0,24.1,8.1,40.0,135%,11,57%,19,48,60%
FRES-PC-SL-i16Pro-WHT,,80%,12.0,24.1,8.1,40.0,135%,11,57%,19,48,60%
FRES-PC-SL-i16Pro-GRY,,80%,12.0,24.1,8.1,40.0,135%,11,57%,19,48,60%
FRES-PC-SL-i16Pro-MB/GRN,,80%,12.0,24.1,8.1,40.0,135%,11,57%,19,48,60%
FRES-PC-SL-i16Pro-PRP,,80%,12.0,24.1,8.1,40.0,135%,11,57%,19,48,60%
FRES-PC-SL-i16Pro-CYA,,80%,12.0,24.1,8.1,40.0,135%,11,57%,19,48,60%
FRES-PC-SL-i16ProMax-BLK,,80%,12.0,24.1,8.1,40.0,135%,11,57%,19,48,60%
FRES-PC-SL-i16ProMax-WHT,,80%,12.0,24.1,8.1,40.0,135%,11,57%,19,48,60%
FRES-PC-SL-i16ProMax-GRY,,80%,12.0,24.1,8.1,40.0,135%,11,57%,19,48,60%
FRES-PC-SL-i16ProMax-MB/GRN,,80%,12.0,24.1,8.1,40.0,135%,11,57%,19,48,60%
FRES-PC-SL-i16ProMax-PRP,,80%,12.0,24.1,8.1,40.0,135%,11,57%,19,48,60%
FRES-PC-SL-i16ProMax-CYA,,80%,12.0,24.1,8.1,40.0,135%,11,57%,19,48,60%
FRES-PC-SL-i15-BLK,,80%,12.0,24.1,8.1,40.0,135%,11,57%,19,48,60%
FRES-PC-SL-i15-WHT,,80%,12.0,24.1,8.1,40.0,135%,11,57%,19,48,60%
FRES-PC-SL-i15-GRY,,80%,12.0,24.1,8.1,40.0,135%,11,57%,19,48,60%
FRES-PC-SL-i15-MB/GRN,,80%,12.0,24.1,8.1,40.0,135%,11,57%,19,48,60%
FRES-PC-SL-i15-PRP,,80%,12.0,24.1,8.1,40.0,135%,11,57%,19,48,60%
FRES-PC-SL-i15-CYA,,80%,12.0,24.1,8.1,40.0,135%,11,57%,19,48,60%
FRES-PC-SL-i15Pro-BLK,,80%,12.0,24.1,8.1,40.0,135%,11,57%,19,48,60%
FRES-PC-SL-i15Pro-WHT,,80%,12.0,24.1,8.1,40.0,135%,11,57%,19,48,60%
FRES-PC-SL-i15Pro-GRY,,80%,12.0,24.1,8.1,40.0,135%,11,57%,19,48,60%
FRES-PC-SL-i15Pro-MB/GRN,,80%,12.0,24.1,8.1,40.0,135%,11,57%,19,48,60%
FRES-PC-SL-i15Pro-PRP,,80%,12.0,24.1,8.1,40.0,135%,11,57%,19,48,60%
FRES-PC-SL-i15Pro-CYA,,80%,12.0,24.1,8.1,40.0,135%,11,57%,19,48,60%
FRES-PC-SL-i15ProMax-BLK,,80%,12.0,24.1,8.1,40.0,135%,11,57%,19,48,60%
FRES-PC-SL-i15ProMax-WHT,,80%,12.0,24.1,8.1,40.0,135%,11,57%,19,48,60%
FRES-PC-SL-i15ProMax-GRY,,80%,12.0,24.1,8.1,40.0,135%,11,57%,19,48,60%
FRES-PC-SL-i15ProMax-MB/GRN,,80%,12.0,24.1,8.1,40.0,135%,11,57%,19,48,60%
FRES-PC-SL-i15ProMax-PRP,,80%,12.0,24.1,8.1,40.0,135%,11,57%,19,48,60%
FRES-PC-SL-i15ProMax-CYA,,80%,12.0,24.1,8.1,40.0,135%,11,57%,19,48,60%
FRES-PC-SL-i13/14-BLK,,80%,12.0,24.1,8.1,40.0,135%,11,57%,19,48,60%
FRES-PC-SL-i13/14-WHT,,80%,12.0,24.1,8.1,40.0,135%,11,57%,19,48,60%
FRES-PC-SL-i13/14-GRY,,80%,12.0,24.1,8.1,40.0,135%,11,57%,19,48,60%
FRES-PC-SL-i13/14-MB/GRN,,80%,12.0,24.1,8.1,40.0,135%,11,57%,19,48,60%
FRES-PC-SL-i13/14-PRP,,80%,12.0,24.1,8.1,40.0,135%,11,57%,19,48,60%
FRES-PC-SL-i13/14-CYA,,80%,12.0,24.1,8.1,40.0,135%,11,57%,19,48,60%
FRES-PC-SL-i14Pro-BLK,,80%,12.0,24.1,8.1,40.0,135%,11,57%,19,48,60%
FRES-PC-SL-i14Pro-WHT,,80%,12.0,24.1,8.1,40.0,135%,11,57%,19,48,60%
FRES-PC-SL-i14Pro-GRY,,80%,12.0,24.1,8.1,40.0,135%,11,57%,19,48,60%
FRES-PC-SL-i14Pro-MB/GRN,,80%,12.0,24.1,8.1,40.0,135%,11,57%,19,48,60%
FRES-PC-SL-i14Pro-PRP,,80%,12.0,24.1,8.1,40.0,135%,11,57%,19,48,60%
FRES-PC-SL-i14Pro-CYA,,80%,12.0,24.1,8.1,40.0,135%,11,57%,19,48,60%
FRES-PC-SL-i14ProMax-BLK,,80%,12.0,24.1,8.1,40.0,135%,11,57%,19,48,60%
FRES-PC-SL-i14ProMax-WHT,,80%,12.0,24.1,8.1,40.0,135%,11,57%,19,48,60%
FRES-PC-SL-i14ProMax-GRY,,80%,12.0,24.1,8.1,40.0,135%,11,57%,19,48,60%
FRES-PC-SL-i14ProMax-MB/GRN,,80%,12.0,24.1,8.1,40.0,135%,11,57%,19,48,60%
FRES-PC-SL-i14ProMax-PRP,,80%,12.0,24.1,8.1,40.0,135%,11,57%,19,48,60%
FRES-PC-SL-i14ProMax-CYA,,80%,12.0,24.1,8.1,40.0,135%,11,57%,19,48,60%
FRES-PC-SL(MS)-i16-BLK,,78%,15.0,27.5,10.0,45.0,135%,14,57%,24,54,56%
FRES-PC-SL(MS)-i16-WHT,,78%,15.0,27.5,10.0,45.0,135%,14,57%,24,54,56%
FRES-PC-SL(MS)-i16-GRY,,78%,15.0,27.5,10.0,45.0,135%,14,57%,24,54,56%
FRES-PC-SL(MS)-i16-MB/GRN,,78%,15.0,27.5,10.0,45.0,135%,14,57%,24,54,56%
FRES-PC-SL(MS)-i16-PRP,,78%,15.0,27.5,10.0,45.0,135%,14,57%,24,54,56%
FRES-PC-SL(MS)-i16-CYA,,78%,15.0,27.5,10.0,45.0,135%,14,57%,24,54,56%
FRES-PC-SL(MS)-i16Pro-BLK,,78%,15.0,27.5,10.0,45.0,135%,14,57%,24,54,56%
FRES-PC-SL(MS)-i16Pro-WHT,,78%,15.0,27.5,10.0,45.0,135%,14,57%,24,54,56%
FRES-PC-SL(MS)-i16Pro-GRY,,78%,15.0,27.5,10.0,45.0,135%,14,57%,24,54,56%
FRES-PC-SL(MS)-i16Pro-MB/GRN,,78%,15.0,27.5,10.0,45.0,135%,14,57%,24,54,56%
FRES-PC-SL(MS)-i16Pro-PRP,,78%,15.0,27.5,10.0,45.0,135%,14,57%,24,54,56%
FRES-PC-SL(MS)-i16Pro-CYA,,78%,15.0,27.5,10.0,45.0,135%,14,57%,24,54,56%
FRES-PC-SL(MS)-i16ProMax-BLK,,78%,15.0,27.5,10.0,45.0,135%,14,57%,24,54,56%
FRES-PC-SL(MS)-i16ProMax-WHT,,78%,15.0,27.5,10.0,45.0,135%,14,57%,24,54,56%
FRES-PC-SL(MS)-i16ProMax-GRY,,78%,15.0,27.5,10.0,45.0,135%,14,57%,24,54,56%
FRES-PC-SL(MS)-i16ProMax-MB/GRN,,78%,15.0,27.5,10.0,45.0,135%,14,57%,24,54,56%
FRES-PC-SL(MS)-i16ProMax-PRP,,78%,15.0,27.5,10.0,45.0,135%,14,57%,24,54,56%
FRES-PC-SL(MS)-i16ProMax-CYA,,78%,15.0,27.5,10.0,45.0,135%,14,57%,24,54,56%
FRES-PC-SL(MS)-i15-BLK,,78%,15.0,27.5,10.0,45.0,135%,14,57%,24,54,56%
FRES-PC-SL(MS)-i15-WHT,,78%,15.0,27.5,10.0,45.0,135%,14,57%,24,54,56%
FRES-PC-SL(MS)-i15-GRY,,78%,15.0,27.5,10.0,45.0,135%,14,57%,24,54,56%
FRES-PC-SL(MS)-i15-PNK,,78%,15.0,27.5,10.0,45.0,135%,14,57%,24,54,56%
FRES-PC-SL(MS)-i15-PRP,,78%,15.0,27.5,10.0,45.0,135%,14,57%,24,54,56%
FRES-PC-SL(MS)-i15-CYA,,78%,15.0,27.5,10.0,45.0,135%,14,57%,24,54,56%
FRES-PC-SL(MS)-i15Pro-BLK,,78%,15.0,27.5,10.0,45.0,135%,14,57%,24,54,56%
FRES-PC-SL(MS)-i15Pro-WHT,,78%,15.0,27.5,10.0,45.0,135%,14,57%,24,54,56%
FRES-PC-SL(MS)-i15Pro-GRY,,78%,15.0,27.5,10.0,45.0,135%,14,57%,24,54,56%
FRES-PC-SL(MS)-i15Pro-MB/GRN,,78%,15.0,27.5,10.0,45.0,135%,14,57%,24,54,56%
FRES-PC-SL(MS)-i15Pro-PRP,,78%,15.0,27.5,10.0,45.0,135%,14,57%,24,54,56%
FRES-PC-SL(MS)-i15Pro-CYA,,78%,15.0,27.5,10.0,45.0,135%,14,57%,24,54,56%
FRES-PC-SL(MS)-i15ProMax-BLK,,78%,15.0,27.5,10.0,45.0,135%,14,57%,24,54,56%
FRES-PC-SL(MS)-i15ProMax-WHT,,78%,15.0,27.5,10.0,45.0,135%,14,57%,24,54,56%
FRES-PC-SL(MS)-i15ProMax-GRY,,78%,15.0,27.5,10.0,45.0,135%,14,57%,24,54,56%
FRES-PC-SL(MS)-i15ProMax-MB/GRN,,78%,15.0,27.5,10.0,45.0,135%,14,57%,24,54,56%
FRES-PC-SL(MS)-i15ProMax-PRP,,78%,15.0,27.5,10.0,45.0,135%,14,57%,24,54,56%
FRES-PC-SL(MS)-i15ProMax-CYA,,78%,15.0,27.5,10.0,45.0,135%,14,57%,24,54,56%
FRES-PC-SL(MS)-i13/14-BLK,,78%,15.0,27.5,10.0,45.0,135%,14,57%,24,54,56%
FRES-PC-SL(MS)-i13/14-WHT,,78%,15.0,27.5,10.0,45.0,135%,14,57%,24,54,56%
FRES-PC-SL(MS)-i13/14-GRY,,78%,15.0,27.5,10.0,45.0,135%,14,57%,24,54,56%
FRES-PC-SL(MS)-i13/14-MB/GRN,,78%,15.0,27.5,10.0,45.0,135%,14,57%,24,54,56%
FRES-PC-SL(MS)-i13/14-PRP,,78%,15.0,27.5,10.0,45.0,135%,14,57%,24,54,56%
FRES-PC-SL(MS)-i13/14-CYA,,78%,15.0,27.5,10.0,45.0,135%,14,57%,24,54,56%
FRES-PC-SL(MS)-i14Pro-BLK,,78%,15.0,27.5,10.0,45.0,135%,14,57%,24,54,56%
FRES-PC-SL(MS)-i14Pro-WHT,,78%,15.0,27.5,10.0,45.0,135%,14,57%,24,54,56%
FRES-PC-SL(MS)-i14Pro-GRY,,78%,15.0,27.5,10.0,45.0,135%,14,57%,24,54,56%
FRES-PC-SL(MS)-i14Pro-MB/GRN,,78%,15.0,27.5,10.0,45.0,135%,14,57%,24,54,56%
FRES-PC-SL(MS)-i14Pro-PRP,,78%,15.0,27.5,10.0,45.0,135%,14,57%,24,54,56%
FRES-PC-SL(MS)-i14Pro-CYA,,78%,15.0,27.5,10.0,45.0,135%,14,57%,24,54,56%
FRES-PC-SL(MS)-i14ProMax-BLK,,78%,15.0,27.5,10.0,45.0,135%,14,57%,24,54,56%
FRES-PC-SL(MS)-i14ProMax-WHT,,78%,15.0,27.5,10.0,45.0,135%,14,57%,24,54,56%
FRES-PC-SL(MS)-i14ProMax-GRY,,78%,15.0,27.5,10.0,45.0,135%,14,57%,24,54,56%
FRES-PC-SL(MS)-i14ProMax-MB/GRN,,78%,15.0,27.5,10.0,45.0,135%,14,57%,24,54,56%
FRES-PC-SL(MS)-i14ProMax-PRP,,78%,15.0,27.5,10.0,45.0,135%,14,57%,24,54,56%
FRES-PC-SL(MS)-i14ProMax-CYA,,78%,15.0,27.5,10.0,45.0,135%,14,57%,24,54,56%
FRES-PC-SA-i16-BLK,,73%,21.0,31.9,13.8,50.0,135%,19,57%,32,60,46%
FRES-PC-SA-i16-WHT,,73%,21.0,31.9,13.8,50.0,135%,19,57%,32,60,46%
FRES-PC-SA-i16-MB/GRN,,73%,21.0,31.9,13.8,50.0,135%,19,57%,32,60,46%
FRES-PC-SA-i16-PRP,,73%,21.0,31.9,13.8,50.0,135%,19,57%,32,60,46%
FRES-PC-SA-i16-CYA,,73%,21.0,31.9,13.8,50.0,135%,19,57%,32,60,46%
FRES-PC-SA-i16Pro-BLK,,73%,21.0,31.9,13.8,50.0,135%,19,57%,32,60,46%
FRES-PC-SA-i16Pro-WHT,,73%,21.0,31.9,13.8,50.0,135%,19,57%,32,60,46%
FRES-PC-SA-i16Pro-MB/GRN,,73%,21.0,31.9,13.8,50.0,135%,19,57%,32,60,46%
FRES-PC-SA-i16Pro-PRP,,73%,21.0,31.9,13.8,50.0,135%,19,57%,32,60,46%
FRES-PC-SA-i16Pro-CYA,,73%,21.0,31.9,13.8,50.0,135%,19,57%,32,60,46%
FRES-PC-SA-i16ProMax-BLK,,73%,21.0,31.9,13.8,50.0,135%,19,57%,32,60,46%
FRES-PC-SA-i16ProMax-WHT,,73%,21.0,31.9,13.8,50.0,135%,19,57%,32,60,46%
FRES-PC-SA-i16ProMax-MB/GRN,,73%,21.0,31.9,13.8,50.0,135%,19,57%,32,60,46%
FRES-PC-SA-i16ProMax-PRP,,73%,21.0,31.9,13.8,50.0,135%,19,57%,32,60,46%
FRES-PC-SA-i16ProMax-CYA,,73%,21.0,31.9,13.8,50.0,135%,19,57%,32,60,46%
FRES-PC-SR-i13/14-BLK,,72%,25.0,37.6,16.3,59.0,100%,16,50%,33,71,54%
FRES-PC-SR-i13/14-WHT,,72%,25.0,37.6,16.3,59.0,100%,16,50%,33,71,54%
FRES-PC-SR-i13/14-GRY,,72%,25.0,37.6,16.3,59.0,100%,16,50%,33,71,54%
FRES-PC-SR-i13/14-YLW,,72%,25.0,37.6,16.3,59.0,100%,16,50%,33,71,54%
FRES-PC-SR-i14Pro-BLK,,72%,25.0,37.6,16.3,59.0,100%,16,50%,33,71,54%
FRES-PC-SR-i14Pro-WHT,,72%,25.0,37.6,16.3,59.0,100%,16,50%,33,71,54%
FRES-PC-SR-i14Pro-GRY,,72%,25.0,37.6,16.3,59.0,100%,16,50%,33,71,54%
FRES-PC-SR-i14Pro-YLW,,72%,25.0,37.6,16.3,59.0,100%,16,50%,33,71,54%
FRES-PC-SR-i14ProMax-BLK,,72%,25.0,37.6,16.3,59.0,100%,16,50%,33,71,54%
FRES-PC-SR-i14ProMax-WHT,,72%,25.0,37.6,16.3,59.0,100%,16,50%,33,71,54%
FRES-PC-SR-i14ProMax-GRY,,72%,25.0,37.6,16.3,59.0,100%,16,50%,33,71,54%
FRES-PC-SR-i14ProMax-YLW,,72%,25.0,37.6,16.3,59.0,100%,16,50%,33,71,54%
FRES-PC-SR-i15-BLK,,72%,25.0,37.6,16.3,59.0,100%,16,50%,33,71,54%
FRES-PC-SR-i15-WHT,,72%,25.0,37.6,16.3,59.0,100%,16,50%,33,71,54%
FRES-PC-SR-i15-GRY,,72%,25.0,37.6,16.3,59.0,100%,16,50%,33,71,54%
FRES-PC-SR-i15-YLW,,72%,25.0,37.6,16.3,59.0,100%,16,50%,33,71,54%
FRES-PC-SR-i15Pro-BLK,,72%,25.0,37.6,16.3,59.0,100%,16,50%,33,71,54%
FRES-PC-SR-i15Pro-WHT,,72%,25.0,37.6,16.3,59.0,100%,16,50%,33,71,54%
FRES-PC-SR-i15Pro-GRY,,72%,25.0,37.6,16.3,59.0,100%,16,50%,33,71,54%
FRES-PC-SR-i15Pro-YLW,,72%,25.0,37.6,16.3,59.0,100%,16,50%,33,71,54%
FRES-PC-SR-i15ProMax-BLK,,72%,25.0,37.6,16.3,59.0,100%,16,50%,33,71,54%
FRES-PC-SR-i15ProMax-WHT,,72%,25.0,37.6,16.3,59.0,100%,16,50%,33,71,54%
FRES-PC-SR-i15ProMax-GRY,,72%,25.0,37.6,16.3,59.0,100%,16,50%,33,71,54%
FRES-PC-SR-i15ProMax-YLW,,72%,25.0,37.6,16.3,59.0,100%,16,50%,33,71,54%
FRES-PC-SR-i16-BLK,,72%,25.0,37.6,16.3,59.0,100%,16,50%,33,71,54%
FRES-PC-SR-i16-WHT,,72%,25.0,37.6,16.3,59.0,100%,16,50%,33,71,54%
FRES-PC-SR-i16-GRY,,72%,25.0,37.6,16.3,59.0,100%,16,50%,33,71,54%
FRES-PC-SR-i16-YLW,,72%,25.0,37.6,16.3,59.0,100%,16,50%,33,71,54%
FRES-PC-SR-i16Pro-BLK,,72%,25.0,37.6,16.3,59.0,100%,16,50%,33,71,54%
FRES-PC-SR-i16Pro-WHT,,72%,25.0,37.6,16.3,59.0,100%,16,50%,33,71,54%
FRES-PC-SR-i16Pro-GRY,,72%,25.0,37.6,16.3,59.0,100%,16,50%,33,71,54%
FRES-PC-SR-i16Pro-YLW,,72%,25.0,37.6,16.3,59.0,100%,16,50%,33,71,54%
FRES-PC-SR-i16ProMax-BLK,,72%,25.0,37.6,16.3,59.0,100%,16,50%,33,71,54%
FRES-PC-SR-i16ProMax-WHT,,72%,25.0,37.6,16.3,59.0,100%,16,50%,33,71,54%
FRES-PC-SR-i16ProMax-GRY,,72%,25.0,37.6,16.3,59.0,100%,16,50%,33,71,54%
FRES-PC-SR-i16ProMax-YLW,,72%,25.0,37.6,16.3,59.0,100%,16,50%,33,71,54%
FRES-PC-SR-XM15-BLK,,72%,25.0,37.6,16.3,59.0,100%,16,50%,33,71,54%
FRES-PC-SR-XM15-WHT,,72%,25.0,37.6,16.3,59.0,100%,16,50%,33,71,54%
FRES-PC-SR-XM15-GRY,,72%,25.0,37.6,16.3,59.0,100%,16,50%,33,71,54%
FRES-PC-SR-XM15-YLW,,72%,25.0,37.6,16.3,59.0,100%,16,50%,33,71,54%
FRES-PC-SR-XM15Ultra-BLK,,72%,25.0,37.6,16.3,59.0,100%,16,50%,33,71,54%
FRES-PC-SR-XM15Ultra-WHT,,72%,25.0,37.6,16.3,59.0,100%,16,50%,33,71,54%
FRES-PC-SR-XM15Ultra-GRY,,72%,25.0,37.6,16.3,59.0,100%,16,50%,33,71,54%
FRES-PC-SR-XM15Ultra-YLW,,72%,25.0,37.6,16.3,59.0,100%,16,50%,33,71,54%
FRES-RING-PPSTAND-BLK,,70%,25.0,35.6,16.3,55.0,100%,16,50%,33,66,51%
FRES-RING-PPSTAND-WHT,,70%,25.0,35.6,16.3,55.0,100%,16,50%,33,66,51%
DUX-IC-VERS-Air11-BLK,,62%,38.0,47.0,25.0,65.0,70%,18,41%,43,78,46%
DUX-IC-VERS-Air11-PNK,,62%,38.0,47.0,25.0,65.0,70%,18,41%,43,78,46%
DUX-IC-VERS-Air13-BLK,,58%,48.0,55.3,31.3,75.0,70%,22,41%,53,90,41%
DUX-IC-VERS-Air13-PNK,,58%,48.0,55.3,31.3,75.0,70%,22,41%,53,90,41%
DUX-IC-VERS-iPad789-BLK,,62%,38.0,47.0,25.0,65.0,70%,18,41%,43,78,46%
DUX-IC-VERS-iPad789-PNK,,62%,38.0,47.0,25.0,65.0,70%,18,41%,43,78,46%
DUX-IC-VERS-iPad10/11-BLK,,62%,38.0,47.0,25.0,65.0,70%,18,41%,43,78,46%
DUX-IC-VERS-iPad10/11-PNK,,62%,38.0,47.0,25.0,65.0,70%,18,41%,43,78,46%
DUX-IC-VERS-Pro11-BLK,,62%,38.0,47.0,25.0,65.0,70%,18,41%,43,78,46%
DUX-IC-VERS-Pro11-PNK,,62%,38.0,47.0,25.0,65.0,70%,18,41%,43,78,46%
DUX-IC-VERS-Pro13-BLK,,58%,48.0,55.3,31.3,75.0,70%,22,41%,53,90,41%
DUX-IC-VERS-Pro13-PNK,,58%,48.0,55.3,31.3,75.0,70%,22,41%,53,90,41%
DUX-IC-VERS-TabS10FE-BLK,,62%,38.0,47.0,25.0,65.0,70%,18,41%,43,78,46%
DUX-IC-VERS-TabS10FE-PNK,,62%,38.0,47.0,25.0,65.0,70%,18,41%,43,78,46%
DUX-IC-VERS-TabS10Plus-BLK,,58%,48.0,55.3,31.3,75.0,70%,22,41%,53,90,41%
DUX-IC-VERS-TabS10Plus-PNK,,58%,48.0,55.3,31.3,75.0,70%,22,41%,53,90,41%
DUX-IC-VERS-TabS10FEPlus-BLK,,58%,48.0,55.3,31.3,75.0,70%,22,41%,53,90,41%
DUX-IC-VERS-TabS10FEPlus-PNK,,58%,48.0,55.3,31.3,75.0,70%,22,41%,53,90,41%
DUX-IC-VERS-S/A9Plus-BLK,,62%,38.0,47.0,25.0,65.0,70%,18,41%,43,78,46%
DUX-IC-VERS-S/A9Plus-PNK,,62%,38.0,47.0,25.0,65.0,70%,18,41%,43,78,46%
DUX-IC-DOMO-TabS10Lite-BLK,,63%,31.0,39.5,20.6,55.0,70%,14,41%,35,66,47%
DUX-IC-DOMO-TabS10Lite-BLU,,63%,31.0,39.5,20.6,55.0,70%,14,41%,35,66,47%
DUX-IC-DOMO-TabS10Lite-PNK,,63%,31.0,39.5,20.6,55.0,70%,14,41%,35,66,47%
DUX-IC-DOMO-TabS11-BLK,,63%,31.0,39.5,20.6,55.0,70%,14,41%,35,66,47%
DUX-IC-DOMO-TabS11-BLU,,63%,31.0,39.5,20.6,55.0,70%,14,41%,35,66,47%
DUX-IC-DOMO-TabS11-PNK,,63%,31.0,39.5,20.6,55.0,70%,14,41%,35,66,47%
DUX-IC-MAGI-TabS10Lite-BLK,,60%,36.0,43.7,23.8,60.0,70%,17,41%,40,72,44%
DUX-IC-MAGI-TabS10Lite-GRY,,60%,36.0,43.7,23.8,60.0,70%,17,41%,40,72,44%
DUX-IC-MAGI-TabS10Lite-PNK,,60%,36.0,43.7,23.8,60.0,70%,17,41%,40,72,44%
DUX-IC-MAGI-TabS11-BLK,,60%,36.0,43.7,23.8,60.0,70%,17,41%,40,72,44%
DUX-IC-MAGI-TabS11-GRY,,60%,36.0,43.7,23.8,60.0,70%,17,41%,40,72,44%
DUX-IC-MAGI-TabS11-PNK,,60%,36.0,43.7,23.8,60.0,70%,17,41%,40,72,44%
DUX-IC-TOBY-TabS10Lite-BLK,,62%,33.0,41.7,21.9,58.0,70%,15,41%,37,70,47%
DUX-IC-TOBY-TabS10Lite-BLU,,62%,33.0,41.7,21.9,58.0,70%,15,41%,37,70,47%
DUX-IC-TOBY-TabS10Lite-PNK,,62%,33.0,41.7,21.9,58.0,70%,15,41%,37,70,47%
DUX-IC-TOBY-TabS11-BLK,,62%,33.0,41.7,21.9,58.0,70%,15,41%,37,70,47%
DUX-IC-TOBY-TabS11-BLU,,62%,33.0,41.7,21.9,58.0,70%,15,41%,37,70,47%
DUX-IC-TOBY-TabS11-PNK,,62%,33.0,41.7,21.9,58.0,70%,15,41%,37,70,47%
DUX-STP-MXU-AW41-STA,,68%,17.0,23.1,11.3,35.0,100%,11,50%,23,42,46%
DUX-STP-MXU-AW41-CLA,,68%,17.0,23.1,11.3,35.0,100%,11,50%,23,42,46%
DUX-STP-MXU-AW41-GRN,,68%,17.0,23.1,11.3,35.0,100%,11,50%,23,42,46%
DUX-STP-MXU-AW41-LG/BLU,,68%,17.0,23.1,11.3,35.0,100%,11,50%,23,42,46%
DUX-STP-MXU-AW41-PRP,,68%,17.0,23.1,11.3,35.0,100%,11,50%,23,42,46%
DUX-STP-MXU-AW41-PNK,,68%,17.0,23.1,11.3,35.0,100%,11,50%,23,42,46%
DUX-STP-MXU-AW46-STA,,68%,17.0,23.1,11.3,35.0,100%,11,50%,23,42,46%
DUX-STP-MXU-AW46-CLA,,68%,17.0,23.1,11.3,35.0,100%,11,50%,23,42,46%
DUX-STP-MXU-AW46-OLV,,68%,17.0,23.1,11.3,35.0,100%,11,50%,23,42,46%
DUX-STP-MXU-AW46-DP/BLU,,68%,17.0,23.1,11.3,35.0,100%,11,50%,23,42,46%
DUX-STP-MXU-AW46-MID,,68%,17.0,23.1,11.3,35.0,100%,11,50%,23,42,46%
DUX-STP-MXU-AW46-SMK,,68%,17.0,23.1,11.3,35.0,100%,11,50%,23,42,46%
DUX-STP-MIL-SW8-SLV,,64%,27.0,32.8,17.5,48.0,70%,12,41%,30,58,48%
DUX-STP-MIL-SW8-GUN,,64%,27.0,32.8,17.5,48.0,70%,12,41%,30,58,48%
DUX-STP-YA-SW8-BLK,,58%,31.0,35.4,20.0,48.0,70%,14,41%,34,58,41%
DUX-STP-YA-SW8-BRW,,58%,31.0,35.4,20.0,48.0,70%,14,41%,34,58,41%
DUX-IC-VK-Air11-BLK,,61%,165.0,203.8,104.4,270.0,80%,84,44%,188,324,42%
DUX-IC-VK-Pro11(20/21/22)-BLK,,61%,165.0,203.8,104.4,270.0,80%,84,44%,188,324,42%
DUX-IC-VK-Pro11(2024)-BLK,,61%,165.0,203.8,104.4,270.0,80%,84,44%,188,324,42%
DUX-IC-VK-iPad10/11-BLK,,61%,165.0,203.8,104.4,270.0,80%,84,44%,188,324,42%
FRES-PC-SL-iP17-BLK,,80%,12.0,24.1,8.1,40.0,130%,11,57%,19,48,61%
FRES-PC-SL-iP17-WHT,,80%,12.0,24.1,8.1,40.0,130%,11,57%,19,48,61%
FRES-PC-SL-iP17-GRY,,80%,12.0,24.1,8.1,40.0,130%,11,57%,19,48,61%
FRES-PC-SL-iP17-MB/GRN,,80%,12.0,24.1,8.1,40.0,130%,11,57%,19,48,61%
FRES-PC-SL-iP17-PRP,,80%,12.0,24.1,8.1,40.0,130%,11,57%,19,48,61%
FRES-PC-SL-iP17-CYA,,80%,12.0,24.1,8.1,40.0,130%,11,57%,19,48,61%
FRES-PC-SL-iP17Air-BLK,,80%,12.0,24.1,8.1,40.0,130%,11,57%,19,48,61%
FRES-PC-SL-iP17Air-WHT,,80%,12.0,24.1,8.1,40.0,130%,11,57%,19,48,61%
FRES-PC-SL-iP17Air-GRY,,80%,12.0,24.1,8.1,40.0,130%,11,57%,19,48,61%
FRES-PC-SL-iP17Air-MB/GRN,,80%,12.0,24.1,8.1,40.0,130%,11,57%,19,48,61%
FRES-PC-SL-iP17Air-PRP,,80%,12.0,24.1,8.1,40.0,130%,11,57%,19,48,61%
FRES-PC-SL-iP17Air-CYA,,80%,12.0,24.1,8.1,40.0,130%,11,57%,19,48,61%
FRES-PC-SL-iP17ProMax-BLK,,80%,12.0,24.1,8.1,40.0,130%,11,57%,19,48,61%
FRES-PC-SL-iP17ProMax-WHT,,80%,12.0,24.1,8.1,40.0,130%,11,57%,19,48,61%
FRES-PC-SL-iP17ProMax-GRY,,80%,12.0,24.1,8.1,40.0,130%,11,57%,19,48,61%
FRES-PC-SL-iP17ProMax-MB/GRN,,80%,12.0,24.1,8.1,40.0,130%,11,57%,19,48,61%
FRES-PC-SL-iP17ProMax-PRP,,80%,12.0,24.1,8.1,40.0,130%,11,57%,19,48,61%
FRES-PC-SL-iP17ProMax-CYA,,80%,12.0,24.1,8.1,40.0,130%,11,57%,19,48,61%
FRES-PC-SL-iP17Pro-BLK,,80%,12.0,24.1,8.1,40.0,130%,11,57%,19,48,61%
FRES-PC-SL-iP17Pro-WHT,,80%,12.0,24.1,8.1,40.0,130%,11,57%,19,48,61%
FRES-PC-SL-iP17Pro-GRY,,80%,12.0,24.1,8.1,40.0,130%,11,57%,19,48,61%
FRES-PC-SL-iP17Pro-MB/GRN,,80%,12.0,24.1,8.1,40.0,130%,11,57%,19,48,61%
FRES-PC-SL-iP17Pro-PRP,,80%,12.0,24.1,8.1,40.0,130%,11,57%,19,48,61%
FRES-PC-SL-iP17Pro-CYA,,80%,12.0,24.1,8.1,40.0,130%,11,57%,19,48,61%
FRES-PC-SL(MS)-iP17-BLK,,78%,15.0,27.5,10.0,45.0,140%,14,58%,24,54,56%
FRES-PC-SL(MS)-iP17-WHT,,78%,15.0,27.5,10.0,45.0,140%,14,58%,24,54,56%
FRES-PC-SL(MS)-iP17-GRY,,78%,15.0,27.5,10.0,45.0,140%,14,58%,24,54,56%
FRES-PC-SL(MS)-iP17-MB/GRN,,78%,15.0,27.5,10.0,45.0,140%,14,58%,24,54,56%
FRES-PC-SL(MS)-iP17-PRP,,78%,15.0,27.5,10.0,45.0,140%,14,58%,24,54,56%
FRES-PC-SL(MS)-iP17-CYA,,78%,15.0,27.5,10.0,45.0,140%,14,58%,24,54,56%
FRES-PC-SL(MS)-iP17Air-BLK,,78%,15.0,27.5,10.0,45.0,140%,14,58%,24,54,56%
FRES-PC-SL(MS)-iP17Air-WHT,,78%,15.0,27.5,10.0,45.0,140%,14,58%,24,54,56%
FRES-PC-SL(MS)-iP17Air-GRY,,78%,15.0,27.5,10.0,45.0,140%,14,58%,24,54,56%
FRES-PC-SL(MS)-iP17Air-MB/GRN,,78%,15.0,27.5,10.0,45.0,140%,14,58%,24,54,56%
FRES-PC-SL(MS)-iP17Air-PRP,,78%,15.0,27.5,10.0,45.0,140%,14,58%,24,54,56%
FRES-PC-SL(MS)-iP17Air-CYA,,78%,15.0,27.5,10.0,45.0,140%,14,58%,24,54,56%
FRES-PC-SL(MS)-iP17ProMax-BLK,,78%,15.0,27.5,10.0,45.0,140%,14,58%,24,54,56%
FRES-PC-SL(MS)-iP17ProMax-WHT,,78%,15.0,27.5,10.0,45.0,140%,14,58%,24,54,56%
FRES-PC-SL(MS)-iP17ProMax-GRY,,78%,15.0,27.5,10.0,45.0,140%,14,58%,24,54,56%
FRES-PC-SL(MS)-iP17ProMax-MB/GRN,,78%,15.0,27.5,10.0,45.0,140%,14,58%,24,54,56%
FRES-PC-SL(MS)-iP17ProMax-PRP,,78%,15.0,27.5,10.0,45.0,140%,14,58%,24,54,56%
FRES-PC-SL(MS)-iP17ProMax-CYA,,78%,15.0,27.5,10.0,45.0,140%,14,58%,24,54,56%
FRES-PC-SL(MS)-iP17Pro-BLK,,78%,15.0,27.5,10.0,45.0,140%,14,58%,24,54,56%
FRES-PC-SL(MS)-iP17Pro-WHT,,78%,15.0,27.5,10.0,45.0,140%,14,58%,24,54,56%
FRES-PC-SL(MS)-iP17Pro-GRY,,78%,15.0,27.5,10.0,45.0,140%,14,58%,24,54,56%
FRES-PC-SL(MS)-iP17Pro-PNK,,78%,15.0,27.5,10.0,45.0,140%,14,58%,24,54,56%
FRES-PC-SL(MS)-iP17Pro-PRP,,78%,15.0,27.5,10.0,45.0,140%,14,58%,24,54,56%
FRES-PC-SL(MS)-iP17Pro-CYA,,78%,15.0,27.5,10.0,45.0,140%,14,58%,24,54,56%
FRES-PC-SD-iP17-BLK,,80%,12.0,24.1,8.1,40.0,130%,11,57%,19,48,61%
FRES-PC-SD-iP17-WHT,,80%,12.0,24.1,8.1,40.0,130%,11,57%,19,48,61%
FRES-PC-SD-iP17-GRY,,80%,12.0,24.1,8.1,40.0,130%,11,57%,19,48,61%
FRES-PC-SD-iP17-MB/GRN,,80%,12.0,24.1,8.1,40.0,130%,11,57%,19,48,61%
FRES-PC-SD-iP17-PRP,,80%,12.0,24.1,8.1,40.0,130%,11,57%,19,48,61%
FRES-PC-SD-iP17-CYA,,80%,12.0,24.1,8.1,40.0,130%,11,57%,19,48,61%
FRES-PC-SD-iP17Air-BLK,,80%,12.0,24.1,8.1,40.0,130%,11,57%,19,48,61%
FRES-PC-SD-iP17Air-WHT,,80%,12.0,24.1,8.1,40.0,130%,11,57%,19,48,61%
FRES-PC-SD-iP17Air-GRY,,80%,12.0,24.1,8.1,40.0,130%,11,57%,19,48,61%
FRES-PC-SD-iP17Air-MB/GRN,,80%,12.0,24.1,8.1,40.0,130%,11,57%,19,48,61%
FRES-PC-SD-iP17Air-PRP,,80%,12.0,24.1,8.1,40.0,130%,11,57%,19,48,61%
FRES-PC-SD-iP17Air-CYA,,80%,12.0,24.1,8.1,40.0,130%,11,57%,19,48,61%
FRES-PC-SD-iP17ProMax-BLK,,80%,12.0,24.1,8.1,40.0,130%,11,57%,19,48,61%
FRES-PC-SD-iP17ProMax-WHT,,80%,12.0,24.1,8.1,40.0,130%,11,57%,19,48,61%
FRES-PC-SD-iP17ProMax-GRY,,80%,12.0,24.1,8.1,40.0,130%,11,57%,19,48,61%
FRES-PC-SD-iP17ProMax-MB/GRN,,80%,12.0,24.1,8.1,40.0,130%,11,57%,19,48,61%
FRES-PC-SD-iP17ProMax-PRP,,80%,12.0,24.1,8.1,40.0,130%,11,57%,19,48,61%
FRES-PC-SD-iP17ProMax-CYA,,80%,12.0,24.1,8.1,40.0,130%,11,57%,19,48,61%
FRES-PC-SD-iP17Pro-BLK,,80%,12.0,24.1,8.1,40.0,130%,11,57%,19,48,61%
FRES-PC-SD-iP17Pro-WHT,,80%,12.0,24.1,8.1,40.0,130%,11,57%,19,48,61%
FRES-PC-SD-iP17Pro-GRY,,80%,12.0,24.1,8.1,40.0,130%,11,57%,19,48,61%
FRES-PC-SD-iP17Pro-MB/GRN,,80%,12.0,24.1,8.1,40.0,130%,11,57%,19,48,61%
FRES-PC-SD-iP17Pro-PRP,,80%,12.0,24.1,8.1,40.0,130%,11,57%,19,48,61%
FRES-PC-SD-iP17Pro-CYA,,80%,12.0,24.1,8.1,40.0,130%,11,57%,19,48,61%
FRES-PC-SD(MS)-iP17-BLK,,78%,15.0,27.5,10.0,45.0,140%,14,58%,24,54,56%
FRES-PC-SD(MS)-iP17-WHT,,78%,15.0,27.5,10.0,45.0,140%,14,58%,24,54,56%
FRES-PC-SD(MS)-iP17-GRY,,78%,15.0,27.5,10.0,45.0,140%,14,58%,24,54,56%
FRES-PC-SD(MS)-iP17-MB/GRN,,78%,15.0,27.5,10.0,45.0,140%,14,58%,24,54,56%
FRES-PC-SD(MS)-iP17-PRP,,78%,15.0,27.5,10.0,45.0,140%,14,58%,24,54,56%
FRES-PC-SD(MS)-iP17-CYA,,78%,15.0,27.5,10.0,45.0,140%,14,58%,24,54,56%
FRES-PC-SD(MS)-iP17Air-BLK,,78%,15.0,27.5,10.0,45.0,140%,14,58%,24,54,56%
FRES-PC-SD(MS)-iP17Air-WHT,,78%,15.0,27.5,10.0,45.0,140%,14,58%,24,54,56%
FRES-PC-SD(MS)-iP17Air-GRY,,78%,15.0,27.5,10.0,45.0,140%,14,58%,24,54,56%
FRES-PC-SD(MS)-iP17Air-MB/GRN,,78%,15.0,27.5,10.0,45.0,140%,14,58%,24,54,56%
FRES-PC-SD(MS)-iP17Air-PRP,,78%,15.0,27.5,10.0,45.0,140%,14,58%,24,54,56%
FRES-PC-SD(MS)-iP17Air-CYA,,78%,15.0,27.5,10.0,45.0,140%,14,58%,24,54,56%
FRES-PC-SD(MS)-iP17ProMax-BLK,,78%,15.0,27.5,10.0,45.0,140%,14,58%,24,54,56%
FRES-PC-SD(MS)-iP17ProMax-WHT,,78%,15.0,27.5,10.0,45.0,140%,14,58%,24,54,56%
FRES-PC-SD(MS)-iP17ProMax-GRY,,78%,15.0,27.5,10.0,45.0,140%,14,58%,24,54,56%
FRES-PC-SD(MS)-iP17ProMax-MB/GRN,,78%,15.0,27.5,10.0,45.0,140%,14,58%,24,54,56%
FRES-PC-SD(MS)-iP17ProMax-PRP,,78%,15.0,27.5,10.0,45.0,140%,14,58%,24,54,56%
FRES-PC-SD(MS)-iP17ProMax-CYA,,78%,15.0,27.5,10.0,45.0,140%,14,58%,24,54,56%
FRES-PC-SD(MS)-iP17Pro-BLK,,78%,15.0,27.5,10.0,45.0,140%,14,58%,24,54,56%
FRES-PC-SD(MS)-iP17Pro-WHT,,78%,15.0,27.5,10.0,45.0,140%,14,58%,24,54,56%
FRES-PC-SD(MS)-iP17Pro-GRY,,78%,15.0,27.5,10.0,45.0,140%,14,58%,24,54,56%
FRES-PC-SD(MS)-iP17Pro-PNK,,78%,15.0,27.5,10.0,45.0,140%,14,58%,24,54,56%
FRES-PC-SD(MS)-iP17Pro-PRP,,78%,15.0,27.5,10.0,45.0,140%,14,58%,24,54,56%
FRES-PC-SD(MS)-iP17Pro-CYA,,78%,15.0,27.5,10.0,45.0,140%,14,58%,24,54,56%
DUX-PC-AIMO-Pixel10/10Pro-BLK,,75%,9.0,15.6,6.3,25.0,70%,4,41%,11,30,65%
DUX-PC-AIMO-Pixel10ProXL-BLK,,75%,9.0,15.6,6.3,25.0,70%,4,41%,11,30,65%
DUX-PC-BRIL-MagicV5-BLK,,67%,23.0,30.0,15.0,45.0,60%,9,38%,24,54,56%
DUX-PC-BRIL-MagicV5-BLU,,67%,23.0,30.0,15.0,45.0,60%,9,38%,24,54,56%
DUX-SP-10D-NoPhone3-CLR,,67%,7.5,10.7,5.3,16.0,70%,4,41%,9,19,53%
7TREE-PC-SHI-NoPhone3-BLK,,63%,11.0,13.8,7.5,20.0,60%,5,38%,12,24,50%
7TREE-PC-SHI-NoPhone3-TP,,63%,11.0,13.8,7.5,20.0,60%,5,38%,12,24,50%
7TREE-PC-SHI(MS)-NoPhone3-BLK,,58%,18.0,19.9,11.9,28.0,60%,7,38%,19,34,43%
7TREE-PC-SHI(MS)-NoPhone3-TP,,58%,18.0,19.9,11.9,28.0,60%,7,38%,19,34,43%
7TREE-PC-SHI-Pixel10/10Pro-BLK,,63%,11.0,13.8,7.5,20.0,60%,5,38%,12,24,50%
7TREE-PC-SHI-Pixel10/10Pro-TP,,63%,11.0,13.8,7.5,20.0,60%,5,38%,12,24,50%
7TREE-PC-SHI-Pixel10ProXL-BLK,,63%,11.0,13.8,7.5,20.0,60%,5,38%,12,24,50%
7TREE-PC-SHI-Pixel10ProXL-TP,,63%,11.0,13.8,7.5,20.0,60%,5,38%,12,24,50%
7TREE-PC-SHI(MS)-Pixel10/10Pro-BLK,,58%,18.0,19.9,11.9,28.0,60%,7,38%,19,34,43%
7TREE-PC-SHI(MS)-Pixel10/10Pro-TP,,58%,18.0,19.9,11.9,28.0,60%,7,38%,19,34,43%
7TREE-PC-SHI(MS)-Pixel10ProXL-BLK,,58%,18.0,19.9,11.9,28.0,60%,7,38%,19,34,43%
7TREE-PC-SHI(MS)-Pixel10ProXL-TP,,58%,18.0,19.9,11.9,28.0,60%,7,38%,19,34,43%
GKK-PC-STAND(MS)-MagicV5-BLK,,63%,41.0,50.3,26.3,70.0,50%,13,33%,39,84,53%
GKK-PC-STAND(MS)-MagicV5-SLV,,63%,41.0,50.3,26.3,70.0,50%,13,33%,39,84,53%
GKK-PC-STAND(MS)-MagicV5-RED,,63%,41.0,50.3,26.3,70.0,50%,13,33%,39,84,53%
GKK-PC-STAND(MS)-MagicV5-TTN,,63%,41.0,50.3,26.3,70.0,50%,13,33%,39,84,53%
GKK-PC-YT(MS)-MagicV5-TP,,59%,24.0,26.8,15.6,38.0,50%,8,33%,23,46,49%
GKK-PC-YT(MS)-MagicV5-BLK,,59%,24.0,26.8,15.6,38.0,50%,8,33%,23,46,49%
GKK-PC-YT(RING)-MagicV5-TP,,58%,29.0,31.9,18.8,45.0,50%,9,33%,28,54,48%
GKK-PC-YT(RING)-MagicV5-BLK,,58%,29.0,31.9,18.8,45.0,50%,9,33%,28,54,48%
DUX-PC-MORO-iP17-ORG,,67%,20.0,26.6,13.1,40.0,100%,13,50%,26,48,45%
DUX-PC-MORO-iP17-BLK,,67%,20.0,26.6,13.1,40.0,100%,13,50%,26,48,45%
DUX-PC-MORO-iP17Air-ORG,,67%,20.0,26.6,13.1,40.0,100%,13,50%,26,48,45%
DUX-PC-MORO-iP17Air-BLK,,67%,20.0,26.6,13.1,40.0,100%,13,50%,26,48,45%
DUX-PC-MORO-iP17Pro-ORG,,67%,20.0,26.6,13.1,40.0,100%,13,50%,26,48,45%
DUX-PC-MORO-iP17Pro-BLK,,67%,20.0,26.6,13.1,40.0,100%,13,50%,26,48,45%
DUX-PC-MORO-iP17ProMax-ORG,,67%,20.0,26.6,13.1,40.0,100%,13,50%,26,48,45%
DUX-PC-MORO-iP17ProMax-BLK,,67%,20.0,26.6,13.1,40.0,100%,13,50%,26,48,45%
DUX-PC-POC-iP17-BLK,,60%,15.0,17.5,10.0,25.0,80%,8,44%,18,30,40%
DUX-PC-POC-iP17Air-BLK,,60%,15.0,17.5,10.0,25.0,80%,8,44%,18,30,40%
DUX-PC-POC-iP17Pro-BLK,,60%,15.0,17.5,10.0,25.0,80%,8,44%,18,30,40%
DUX-PC-POC-iP17ProMax-BLK,,60%,15.0,17.5,10.0,25.0,80%,8,44%,18,30,40%
CK-PC-ABAG-iP17-BLK,,63%,20.0,24.1,13.1,35.0,70%,9,41%,22,42,47%
CK-PC-ABAG-iP17-GRY,,63%,20.0,24.1,13.1,35.0,70%,9,41%,22,42,47%
CK-PC-ABAG-iP17Air-BLK,,63%,20.0,24.1,13.1,35.0,70%,9,41%,22,42,47%
CK-PC-ABAG-iP17Air-GRY,,63%,20.0,24.1,13.1,35.0,70%,9,41%,22,42,47%
CK-PC-ABAG-iP17Pro-BLK,,63%,20.0,24.1,13.1,35.0,70%,9,41%,22,42,47%
CK-PC-ABAG-iP17Pro-GRY,,63%,20.0,24.1,13.1,35.0,70%,9,41%,22,42,47%
CK-PC-ABAG-iP17ProMax-BLK,,63%,20.0,24.1,13.1,35.0,70%,9,41%,22,42,47%
CK-PC-ABAG-iP17ProMax-GRY,,63%,20.0,24.1,13.1,35.0,70%,9,41%,22,42,47%
FRES-PC-AG-iP17ProMax,,71%,20.0,29.1,13.1,45.0,100%,13,50%,26,54,51%
FRES-PC-AG-iP17ProMax,,71%,20.0,29.1,13.1,45.0,100%,13,50%,26,54,51%
FRES-PC-AG-iP17Air,,71%,20.0,29.1,13.1,45.0,100%,13,50%,26,54,51%
FRES-PC-AG-iP17,,71%,20.0,29.1,13.1,45.0,100%,13,50%,26,54,51%
FRES-PC-AG-iP16ProMax,,71%,20.0,29.1,13.1,45.0,100%,13,50%,26,54,51%
FRES-PC-AG-iP16Pro,,71%,20.0,29.1,13.1,45.0,100%,13,50%,26,54,51%
FRES-PC-AG-iP16Plus,,71%,20.0,29.1,13.1,45.0,100%,13,50%,26,54,51%
FRES-PC-AG-iP16,,71%,20.0,29.1,13.1,45.0,100%,13,50%,26,54,51%
FRES-PC-AG-iP15ProMax,,74%,18.0,28.4,11.9,45.0,100%,12,50%,24,54,56%
FRES-PC-AG-iP15Pro,,74%,18.0,28.4,11.9,45.0,100%,12,50%,24,54,56%
FRES-PC-AG-iP15Plus,,74%,18.0,28.4,11.9,45.0,100%,12,50%,24,54,56%
FRES-PC-AG-iP15,,74%,18.0,28.4,11.9,45.0,100%,12,50%,24,54,56%
FRES-PC-AG-iP14ProMax,,74%,18.0,28.4,11.9,45.0,100%,12,50%,24,54,56%
FRES-PC-AG-iP14Pro,,74%,18.0,28.4,11.9,45.0,100%,12,50%,24,54,56%
FRES-PC-AG-iP14,,74%,18.0,28.4,11.9,45.0,100%,12,50%,24,54,56%
FRES-PC-DC-iP17ProMax-BLK,,73%,25.0,38.1,16.3,60.0,100%,16,50%,33,72,55%
FRES-PC-DC-iP17ProMax-WHT,,73%,25.0,38.1,16.3,60.0,100%,16,50%,33,72,55%
FRES-PC-DC-iP17ProMax-GLD,,73%,25.0,38.1,16.3,60.0,100%,16,50%,33,72,55%
FRES-PC-DC-iP17Pro-BLK,,73%,25.0,38.1,16.3,60.0,100%,16,50%,33,72,55%
FRES-PC-DC-iP17Pro-WHT,,73%,25.0,38.1,16.3,60.0,100%,16,50%,33,72,55%
FRES-PC-DC-iP17Pro-GLD,,73%,25.0,38.1,16.3,60.0,100%,16,50%,33,72,55%
FRES-PC-DC-iP17Air-BLK,,73%,25.0,38.1,16.3,60.0,100%,16,50%,33,72,55%
FRES-PC-DC-iP17Air-WHT,,73%,25.0,38.1,16.3,60.0,100%,16,50%,33,72,55%
FRES-PC-DC-iP17Air-GLD,,73%,25.0,38.1,16.3,60.0,100%,16,50%,33,72,55%
FRES-PC-DC-iP17-BLK,,73%,25.0,38.1,16.3,60.0,100%,16,50%,33,72,55%
FRES-PC-DC-iP17-WHT,,73%,25.0,38.1,16.3,60.0,100%,16,50%,33,72,55%
FRES-PC-DC-iP17-GLD,,73%,25.0,38.1,16.3,60.0,100%,16,50%,33,72,55%
FRES-PC-DC-iP16ProMax-BLK,,73%,25.0,38.1,16.3,60.0,100%,16,50%,33,72,55%
FRES-PC-DC-iP16ProMax-WHT,,73%,25.0,38.1,16.3,60.0,100%,16,50%,33,72,55%
FRES-PC-DC-iP16ProMax-,,73%,25.0,38.1,16.3,60.0,100%,16,50%,33,72,55%
FRES-PC-DC-iP16Pro-BLK,,73%,25.0,38.1,16.3,60.0,100%,16,50%,33,72,55%
FRES-PC-DC-iP16Pro-WHT,,73%,25.0,38.1,16.3,60.0,100%,16,50%,33,72,55%
FRES-PC-DC-iP16Pro-GLD,,73%,25.0,38.1,16.3,60.0,100%,16,50%,33,72,55%
FRES-PC-DC-iP16-BLK,,73%,25.0,38.1,16.3,60.0,100%,16,50%,33,72,55%
FRES-PC-DC-iP16-WHT,,73%,25.0,38.1,16.3,60.0,100%,16,50%,33,72,55%
FRES-PC-DC-iP16-GLD,,73%,25.0,38.1,16.3,60.0,100%,16,50%,33,72,55%
DUX-PC-FLIP-S/A17-BLK,,59%,16.5,19.0,10.9,27.0,55%,6,35%,17,32,48%
DUX-PC-FLIP-S/A17-BLU,,59%,16.5,19.0,10.9,27.0,55%,6,35%,17,32,48%
DUX-PC-FLIP-S/A17-PNK,,59%,16.5,19.0,10.9,27.0,55%,6,35%,17,32,48%
DUX-PC-YIND-S/A17-BLK,,73%,10.0,15.9,6.9,25.0,55%,4,35%,11,30,64%
DUX-PC-YIND-S/A17-GRY,,73%,10.0,15.9,6.9,25.0,70%,5,41%,12,30,61%
DUX-PC-YIND-S/A17-BLU,,73%,10.0,15.9,6.9,25.0,70%,5,41%,12,30,61%
DUX-PC-YIND-S/A17-PNK,,73%,10.0,15.9,6.9,25.0,70%,5,41%,12,30,61%
DUX-PC-YIND-S/A17-PRP,,73%,10.0,15.9,6.9,25.0,70%,5,41%,12,30,61%
DUX-PC-AIMO-S/A17-BLK,,75%,9.0,15.6,6.3,25.0,70%,4,41%,11,30,65%
DUX-IC-DOMO-TabS11Ultra-BLK,,57%,45.0,50.6,29.4,68.0,50%,15,33%,44,82,46%
DUX-IC-DOMO-TabS11Ultra-BLU,,57%,45.0,50.6,29.4,68.0,50%,15,33%,44,82,46%
DUX-IC-DOMO-TabS11Ultra-PNK,,57%,45.0,50.6,29.4,68.0,50%,15,33%,44,82,46%
DUX-IC-MAGI-TabS11Ultra-BLK,,58%,52.0,59.2,33.8,80.0,60%,20,38%,54,96,44%
DUX-IC-MAGI-TabS11Ultra-GRY,,58%,52.0,59.2,33.8,80.0,60%,20,38%,54,96,44%
DUX-IC-MAGI-TabS11Ultra-PNK,,58%,52.0,59.2,33.8,80.0,60%,20,38%,54,96,44%
DUX-IC-TOBY-TabS11Ultra-BLK,,54%,48.0,51.5,31.3,68.0,50%,16,33%,47,82,43%
DUX-IC-TOBY-TabS11Ultra-BLU,,54%,48.0,51.5,31.3,68.0,50%,16,33%,47,82,43%
DUX-IC-TOBY-TabS11Ultra-PNK,,54%,48.0,51.5,31.3,68.0,50%,16,33%,47,82,43%
DUX-PC-AIMO-V60-BLK,,75%,9.0,15.6,6.3,25.0,70%,4,41%,11,30,65%
DUX-IC-DK(BLIT)-TabS11-BLK,,59%,175.0,206.3,110.6,270.0,70%,77,41%,188,324,42%
DUX-IC-DK-TabS11-BLK,,57%,165.0,185.8,104.4,240.0,70%,73,41%,177,288,38%
DUX-IC-TK-TabS11-BLK,,60%,100.0,121.5,63.8,160.0,60%,38,38%,102,192,47%
DUX-IC-VERS-TabS11-BLK,,62%,38.0,47.0,25.0,65.0,70%,18,41%,43,78,46%
DUX-IC-VERS-TabS11-PNK,,62%,38.0,47.0,25.0,65.0,70%,18,41%,43,78,46%
DUX-IC-VERS-TabS11Ultra-BLK,,58%,52.0,59.2,33.8,80.0,70%,24,41%,57,96,40%
DUX-IC-VERS-TabS11Ultra-PNK,,58%,52.0,59.2,33.8,80.0,70%,24,41%,57,96,40%
DUX-AAC-PECR-APP3-GRY,,63%,17.0,20.6,11.3,30.0,70%,8,41%,19,36,47%
DUX-AAC-PECR-APP3-CLR,,63%,17.0,20.6,11.3,30.0,70%,8,41%,19,36,47%
DUX-AAC-PECQ-APP3-BLK,,65%,16.0,20.3,10.6,30.0,70%,7,41%,18,36,50%
DUX-AAC-PECQ-APP3-WHT,,65%,16.0,20.3,10.6,30.0,70%,7,41%,18,36,50%
DUX-AAC-PECQ-APP3-WHT/PNK	,,65%,16.0,20.3,10.6,30.0,70%,7,41%,18,36,50%
DUX-AAC-PECQ-APP3-WHT/BLU	,,65%,16.0,20.3,10.6,30.0,70%,7,41%,18,36,50%
DUX-AAC-PECL-APP3-CLR,,72%,12.5,19.2,8.4,30.0,70%,6,41%,14,36,60%
DUX-AAC-PECL-APP3-GRY,,72%,12.5,19.2,8.4,30.0,70%,6,41%,14,36,60%
DUX-AAC-PECL-APP3-PNK,,72%,12.5,19.2,8.4,30.0,70%,6,41%,14,36,60%
DUX-AAC-PECL-APP3-CLR/BLK,,72%,12.5,19.2,8.4,30.0,70%,6,41%,14,36,60%
KDZ-PC-STAN-ZFlip7-TPR,,53%,29.0,29.4,18.8,40.0,50%,9,33%,28,48,41%
KDZ-PC-STAN-ZFlip7-BLK,,56%,27.0,28.8,17.5,40.0,60%,11,38%,28,48,42%
LEEU-LANY-3IN1-BLU,,56%,30.5,32.3,19.7,45.0,60%,12,38%,32,54,42%
LEEU-LANY-3IN1-ORG,,56%,30.5,32.3,19.7,45.0,60%,12,38%,32,54,42%
LEEU-LANY-3IN1-BLK,,56%,30.5,32.3,19.7,45.0,60%,12,38%,32,54,42%
LEEU-LANY-3IN1-GRN,,56%,30.5,32.3,19.7,45.0,60%,12,38%,32,54,42%
LEEU-LANY-3IN1-COF,,56%,30.5,32.3,19.7,45.0,60%,12,38%,32,54,42%
LEEU-LANY-3IN1-HAZ,,56%,30.5,32.3,19.7,45.0,60%,12,38%,32,54,42%
LEEU-LANY-3IN1-GRY,,56%,30.5,32.3,19.7,45.0,60%,12,38%,32,54,42%
LEEU-LANY-3IN1-KHA,,56%,30.5,32.3,19.7,45.0,60%,12,38%,32,54,42%
7TREE-PC-SHI-HN/X9D-BLK,,63%,11.0,13.8,7.5,20.0,60%,5,38%,12,24,50%
7TREE-PC-SHI-HN/X9D-TP,,63%,11.0,13.8,7.5,20.0,60%,5,38%,12,24,50%
ZFRI-SP-XGO-i17-CLR,,66%,6.1,8.7,4.4,13.0,100%,4,50%,9,16,43%
ZFRI-SP-XGO-i17Air-CLR,,66%,6.1,8.7,4.4,13.0,100%,4,50%,9,16,43%
ZFRI-SP-XGO-i17Pro-CLR,,63%,6.6,8.9,4.8,13.0,85%,4,46%,9,16,44%
ZFRI-SP-XGO-i17ProMax-CLR,,63%,6.6,8.9,4.8,13.0,85%,4,46%,9,16,44%
ZFRI-SP-XGO-i17-PVC,,69%,7.9,11.8,5.6,18.0,100%,6,50%,11,22,48%
ZFRI-SP-XGO-i17Air-PVC,,69%,7.9,11.8,5.6,18.0,100%,6,50%,11,22,48%
ZFRI-SP-XGO-i17Pro-PVC,,66%,8.9,12.1,6.2,18.0,85%,5,46%,11,22,47%
ZFRI-SP-XGO-i17ProMax-PVC,,66%,8.9,12.1,6.2,18.0,85%,5,46%,11,22,47%
ZFRI-CL-CLGOR-i17-BLK,,76%,5.1,9.9,3.8,16.0,85%,3,46%,7,19,63%
ZFRI-CL-CLGOR-i17-SLV,,76%,5.1,9.9,3.8,16.0,85%,3,46%,7,19,63%
ZFRI-CL-CLGOR-i17Air-BLK,,76%,5.1,9.9,3.8,16.0,85%,3,46%,7,19,63%
ZFRI-CL-CLGOR-i17Air-SLV,,76%,5.1,9.9,3.8,16.0,85%,3,46%,7,19,63%
ZFRI-CL-CLGOR-i17Air-BLU,,76%,5.1,9.9,3.8,16.0,85%,3,46%,7,19,63%
ZFRI-CL-CLGOR-i17Pro-ORG,,76%,6.6,12.4,4.8,20.0,85%,4,46%,9,24,63%
ZFRI-CL-CLGOR-i17Pro-TTN/GRY,,76%,6.6,12.4,4.8,20.0,85%,4,46%,9,24,63%
ZFRI-CL-CLGOR-i17Pro-BLU,,76%,6.6,12.4,4.8,20.0,85%,4,46%,9,24,63%
ZFRI-SP-GOR-i17-PVC,,64%,9.5,12.3,6.6,18.0,100%,7,50%,13,22,39%
ZFRI-SP-GOR-i17Air-PVC,,64%,9.5,12.3,6.6,18.0,100%,7,50%,13,22,39%
ZFRI-SP-GOR-i17Pro-PVC,,62%,10.0,12.4,6.9,18.0,85%,6,46%,13,22,41%
ZFRI-SP-GOR-i17ProMax-PVC,,62%,10.0,12.4,6.9,18.0,85%,6,46%,13,22,41%
FRES-PC-FROS-iP17ProMax-BLK,,70%,33.0,48.1,21.3,70.0,100%,21,50%,43,84,49%
FRES-PC-FROS-iP17ProMax-GRY,,70%,33.0,48.1,21.3,70.0,100%,21,50%,43,84,49%
FRES-PC-FROS-iP17ProMax-ORG,,70%,33.0,48.1,21.3,70.0,100%,21,50%,43,84,49%
FRES-PC-FROS-iP17ProMax-BLU,,70%,33.0,48.1,21.3,70.0,100%,21,50%,43,84,49%
FRES-PC-FROS-iP17ProMax-WHT,,70%,33.0,48.1,21.3,70.0,100%,21,50%,43,84,49%
FRES-PC-FROS-iP17Pro-BLK,,70%,33.0,48.1,21.3,70.0,100%,21,50%,43,84,49%
FRES-PC-FROS-iP17Pro-GRY,,70%,33.0,48.1,21.3,70.0,100%,21,50%,43,84,49%
FRES-PC-FROS-iP17Pro-ORG,,70%,33.0,48.1,21.3,70.0,100%,21,50%,43,84,49%
FRES-PC-FROS-iP17Pro-BLU,,70%,33.0,48.1,21.3,70.0,100%,21,50%,43,84,49%
FRES-PC-FROS-iP17Pro-WHT,,70%,33.0,48.1,21.3,70.0,100%,21,50%,43,84,49%
FRES-PC-FROS-iP17Air-BLK,,70%,33.0,48.1,21.3,70.0,100%,21,50%,43,84,49%
FRES-PC-FROS-iP17Air-GRY,,70%,33.0,48.1,21.3,70.0,100%,21,50%,43,84,49%
FRES-PC-FROS-iP17Air-BLU,,70%,33.0,48.1,21.3,70.0,100%,21,50%,43,84,49%
FRES-PC-FROS-iP17-BLK,,70%,33.0,48.1,21.3,70.0,100%,21,50%,43,84,49%
FRES-PC-FROS-iP17-GRY,,70%,33.0,48.1,21.3,70.0,100%,21,50%,43,84,49%
FRES-PC-FROS-iP17-BLU,,70%,33.0,48.1,21.3,70.0,100%,21,50%,43,84,49%
FRES-PC-CLAR-iP17ProMax-BLK,,73%,25.0,38.1,16.3,60.0,100%,16,50%,33,72,55%
FRES-PC-CLAR-iP17ProMax-GRY,,73%,25.0,38.1,16.3,60.0,100%,16,50%,33,72,55%
FRES-PC-CLAR-iP17ProMax-ORG,,73%,25.0,38.1,16.3,60.0,100%,16,50%,33,72,55%
FRES-PC-CLAR-iP17ProMax-BLU,,73%,25.0,38.1,16.3,60.0,100%,16,50%,33,72,55%
FRES-PC-CLAR-iP17Pro-BLK,,73%,25.0,38.1,16.3,60.0,100%,16,50%,33,72,55%
FRES-PC-CLAR-iP17Pro-GRY,,73%,25.0,38.1,16.3,60.0,100%,16,50%,33,72,55%
FRES-PC-CLAR-iP17Pro-ORG,,73%,25.0,38.1,16.3,60.0,100%,16,50%,33,72,55%
FRES-PC-CLAR-iP17Pro-BLU,,73%,25.0,38.1,16.3,60.0,100%,16,50%,33,72,55%
FRES-PC-CLAR-iP17Air-BLK,,73%,25.0,38.1,16.3,60.0,100%,16,50%,33,72,55%
FRES-PC-CLAR-iP17Air-GRY,,73%,25.0,38.1,16.3,60.0,100%,16,50%,33,72,55%
FRES-PC-CLAR-iP17Air-BLU,,73%,25.0,38.1,16.3,60.0,100%,16,50%,33,72,55%
FRES-PC-CLAR-iP17-BLK,,73%,25.0,38.1,16.3,60.0,100%,16,50%,33,72,55%
FRES-PC-CLAR-iP17-GRY,,73%,25.0,38.1,16.3,60.0,100%,16,50%,33,72,55%
FRES-PC-CLAR-iP17-BLU,,73%,25.0,38.1,16.3,60.0,100%,16,50%,33,72,55%
FRES-PC-SL-i13ProMax-BLK,,80%,12.0,24.1,8.1,40.0,135%,11,57%,19,48,60%
FRES-PC-SL-i13ProMax-WHT,,80%,12.0,24.1,8.1,40.0,135%,11,57%,19,48,60%
FRES-PC-SL-i13ProMax-GRY,,80%,12.0,24.1,8.1,40.0,135%,11,57%,19,48,60%
FRES-PC-SL-i13ProMax-MB/GRN,,80%,12.0,24.1,8.1,40.0,135%,11,57%,19,48,60%
FRES-PC-SL-i13ProMax-PRP,,80%,12.0,24.1,8.1,40.0,135%,11,57%,19,48,60%
FRES-PC-SL-i13ProMax-CYA,,80%,12.0,24.1,8.1,40.0,135%,11,57%,19,48,60%
FRES-PC-SL(MS)-i13ProMax-BLK,,78%,15.0,27.5,10.0,45.0,135%,14,57%,24,54,56%
FRES-PC-SL(MS)-i13ProMax-WHT,,78%,15.0,27.5,10.0,45.0,135%,14,57%,24,54,56%
FRES-PC-SL(MS)-i13ProMax-GRY,,78%,15.0,27.5,10.0,45.0,135%,14,57%,24,54,56%
FRES-PC-SL(MS)-i13ProMax-MB/GRN,,78%,15.0,27.5,10.0,45.0,135%,14,57%,24,54,56%
FRES-PC-SL(MS)-i13ProMax-PRP,,78%,15.0,27.5,10.0,45.0,135%,14,57%,24,54,56%
FRES-PC-SL(MS)-i13ProMax-CYA,,78%,15.0,27.5,10.0,45.0,135%,14,57%,24,54,56%
DUX-SP-10D-Phone3-CLR,,67%,7.5,10.7,5.3,16.0,80%,4,44%,10,19,50%
FRES-PC-SR-i17-BLK,,72%,25.0,37.6,16.3,59.0,100%,16,50%,33,71,54%
FRES-PC-SR-i17-GRY,,72%,25.0,37.6,16.3,59.0,100%,16,50%,33,71,54%
FRES-PC-SR-i17Pro-BLK,,72%,25.0,37.6,16.3,59.0,100%,16,50%,33,71,54%
FRES-PC-SR-i17Pro-ORG,,72%,25.0,37.6,16.3,59.0,100%,16,50%,33,71,54%
FRES-PC-SR-i17Pro-GRY,,72%,25.0,37.6,16.3,59.0,100%,16,50%,33,71,54%
FRES-PC-SR-i17ProMax-BLK,,72%,25.0,37.6,16.3,59.0,100%,16,50%,33,71,54%
FRES-PC-SR-i17ProMax-ORG,,72%,25.0,37.6,16.3,59.0,100%,16,50%,33,71,54%
FRES-PC-SR-i17ProMax-GRY,,72%,25.0,37.6,16.3,59.0,100%,16,50%,33,71,54%
7TREE-PC-SHI-Mi15T-BLK,,63%,11.0,13.8,7.5,20.0,60%,5,38%,12,24,50%
7TREE-PC-SHI-Mi15T-WHT,,63%,11.0,13.8,7.5,20.0,60%,5,38%,12,24,50%
7TREE-PC-SHI-Mi15TPro-BLK,,63%,11.0,13.8,7.5,20.0,60%,5,38%,12,24,50%
7TREE-PC-SHI-Mi15TPro-WHT,,63%,11.0,13.8,7.5,20.0,60%,5,38%,12,24,50%
7TREE-PC-SHI(MS)-Mi15T-BLK,,58%,18.0,19.9,11.9,28.0,60%,7,38%,19,34,43%
7TREE-PC-SHI(MS)-Mi15T-WHT,,58%,18.0,19.9,11.9,28.0,60%,7,38%,19,34,43%
7TREE-PC-SHI(MS)-Mi15TPro-BLK,,58%,18.0,19.9,11.9,28.0,60%,7,38%,19,34,43%
7TREE-PC-SHI(MS)-Mi15TPro-WHT,,58%,18.0,19.9,11.9,28.0,60%,7,38%,19,34,43%
FATB-GC-NS2(SET)-BLK,,62%,105.0,131.5,66.3,175.0,,0,0%,66,210,68%
DUX-PC-AIMO-Mi15T-BLK,,75%,9.0,15.6,6.3,25.0,80%,5,44%,11,30,63%
DUX-PC-AIMO-Mi15TPro-BLK,,75%,9.0,15.6,6.3,25.0,80%,5,44%,11,30,63%
FRES-PC-SL-i16Plus-BLK,,80%,12.0,24.1,8.1,40.0,130%,11,57%,19,48,61%
FRES-PC-SL-i16Plus-WHT,,80%,12.0,24.1,8.1,40.0,135%,11,57%,19,48,60%
FRES-PC-SL-i16Plus-GRY,,80%,12.0,24.1,8.1,40.0,135%,11,57%,19,48,60%
FRES-PC-SL-i16Plus-MB/GRN,,80%,12.0,24.1,8.1,40.0,135%,11,57%,19,48,60%
FRES-PC-SL-i16Plus-PRP,,80%,12.0,24.1,8.1,40.0,135%,11,57%,19,48,60%
FRES-PC-SL-i16Plus-CYA,,80%,12.0,24.1,8.1,40.0,135%,11,57%,19,48,60%
FRES-PC-SL-i16Plus-CRM/GRN,,80%,12.0,24.1,8.1,40.0,135%,11,57%,19,48,60%
FRES-PC-SL-i16Plus-YLW,,80%,12.0,24.1,8.1,40.0,135%,11,57%,19,48,60%
FRES-PC-SL(MS)-i16Plus-BLK,,78%,15.0,27.5,10.0,45.0,135%,14,57%,24,54,56%
FRES-PC-SL(MS)-i16Plus-WHT,,78%,15.0,27.5,10.0,45.0,135%,14,57%,24,54,56%
FRES-PC-SL(MS)-i16Plus-GRY,,78%,15.0,27.5,10.0,45.0,135%,14,57%,24,54,56%
FRES-PC-SL(MS)-i16Plus-MB/GRN,,78%,15.0,27.5,10.0,45.0,135%,14,57%,24,54,56%
FRES-PC-SL(MS)-i16Plus-PRP,,78%,15.0,27.5,10.0,45.0,135%,14,57%,24,54,56%
FRES-PC-SL(MS)-i16Plus-CYA,,78%,15.0,27.5,10.0,45.0,135%,14,57%,24,54,56%
FRES-PC-SL(MS)-i16Plus-YLW,,78%,15.0,27.5,10.0,45.0,135%,14,57%,24,54,56%
FRES-PC-SL-i16-CRM/GRN,,80%,12.0,24.1,8.1,40.0,135%,11,57%,19,48,60%
FRES-PC-SL-i16-YLW,,80%,12.0,24.1,8.1,40.0,135%,11,57%,19,48,60%
FRES-PC-SL-i16Pro-CRM/GRN,,80%,12.0,24.1,8.1,40.0,135%,11,57%,19,48,60%
FRES-PC-SL-i16Pro-YLW,,80%,12.0,24.1,8.1,40.0,135%,11,57%,19,48,60%
FRES-PC-SL-i16ProMax-CRM/GRN,,80%,12.0,24.1,8.1,40.0,135%,11,57%,19,48,60%
FRES-PC-SL-i16ProMax-YLW,,80%,12.0,24.1,8.1,40.0,135%,11,57%,19,48,60%
FRES-PC-SL-i15-CRM/GRN,,80%,12.0,24.1,8.1,40.0,135%,11,57%,19,48,60%
FRES-PC-SL-i15-YLW,,80%,12.0,24.1,8.1,40.0,135%,11,57%,19,48,60%
FRES-PC-SL-i15Pro-CRM/GRN,,80%,12.0,24.1,8.1,40.0,135%,11,57%,19,48,60%
FRES-PC-SL-i15Pro-YLW,,80%,12.0,24.1,8.1,40.0,135%,11,57%,19,48,60%
FRES-PC-SL-i15ProMax-CRM/GRN,,80%,12.0,24.1,8.1,40.0,135%,11,57%,19,48,60%
FRES-PC-SL-i15ProMax-YLW,,80%,12.0,24.1,8.1,40.0,135%,11,57%,19,48,60%
FRES-PC-SL-i13/14-CRM/GRN,,80%,12.0,24.1,8.1,40.0,135%,11,57%,19,48,60%
FRES-PC-SL-i13/14-YLW,,80%,12.0,24.1,8.1,40.0,135%,11,57%,19,48,60%
FRES-PC-SL-i13ProMax-CRM/GRN,,80%,12.0,24.1,8.1,40.0,135%,11,57%,19,48,60%
FRES-PC-SL-i13ProMax-YLW,,80%,12.0,24.1,8.1,40.0,135%,11,57%,19,48,60%
FRES-PC-SL-i14Pro-CRM/GRN,,80%,12.0,24.1,8.1,40.0,135%,11,57%,19,48,60%
FRES-PC-SL-i14Pro-YLW,,80%,12.0,24.1,8.1,40.0,135%,11,57%,19,48,60%
FRES-PC-SL-i14ProMax-CRM/GRN,,80%,12.0,24.1,8.1,40.0,135%,11,57%,19,48,60%
FRES-PC-SL-i14ProMax-YLW,,80%,12.0,24.1,8.1,40.0,135%,11,57%,19,48,60%
FRES-PC-SL-iP17-CRM/GRN,,80%,12.0,24.1,8.1,40.0,135%,11,57%,19,48,60%
FRES-PC-SL-iP17-YLW,,80%,12.0,24.1,8.1,40.0,135%,11,57%,19,48,60%
FRES-PC-SL-iP17ProMax-CRM/GRN,,80%,12.0,24.1,8.1,40.0,135%,11,57%,19,48,60%
FRES-PC-SL-iP17ProMax-YLW,,80%,12.0,24.1,8.1,40.0,135%,11,57%,19,48,60%
FRES-PC-SL-iP17Pro-CRM/GRN,,80%,12.0,24.1,8.1,40.0,135%,11,57%,19,48,60%
FRES-PC-SL-iP17Pro-YLW,,80%,12.0,24.1,8.1,40.0,135%,11,57%,19,48,60%
FRES-PC-SL(MS)-i16-YLW,,78%,15.0,27.5,10.0,45.0,135%,14,57%,24,54,56%
FRES-PC-SL(MS)-i16Pro-YLW,,78%,15.0,27.5,10.0,45.0,135%,14,57%,24,54,56%
FRES-PC-SL(MS)-i16ProMax-YLW,,78%,15.0,27.5,10.0,45.0,135%,14,57%,24,54,56%
FRES-PC-SL(MS)-i15-YLW,,78%,15.0,27.5,10.0,45.0,135%,14,57%,24,54,56%
FRES-PC-SL(MS)-i15Pro-YLW,,78%,15.0,27.5,10.0,45.0,135%,14,57%,24,54,56%
FRES-PC-SL(MS)-i15ProMax-YLW,,78%,15.0,27.5,10.0,45.0,135%,14,57%,24,54,56%
FRES-PC-SL(MS)-i13/14-YLW,,78%,15.0,27.5,10.0,45.0,135%,14,57%,24,54,56%
FRES-PC-SL(MS)-i13ProMax-YLW,,78%,15.0,27.5,10.0,45.0,135%,14,57%,24,54,56%
FRES-PC-SL(MS)-i14Pro-YLW,,78%,15.0,27.5,10.0,45.0,135%,14,57%,24,54,56%
FRES-PC-SL(MS)-i14ProMax-YLW,,78%,15.0,27.5,10.0,45.0,135%,14,57%,24,54,56%
FRES-PC-SL(MS)-iP17-YLW,,78%,15.0,27.5,10.0,45.0,135%,14,57%,24,54,56%
FRES-PC-SL(MS)-iP17ProMax-YLW,,78%,15.0,27.5,10.0,45.0,135%,14,57%,24,54,56%
FRES-PC-SL(MS)-iP17Pro-YLW,,78%,15.0,27.5,10.0,45.0,135%,14,57%,24,54,56%
FRES-PC-SD-iP17-CRM/GRN,,80%,12.0,24.1,8.1,40.0,135%,11,57%,19,48,60%
FRES-PC-SD-iP17-YLW,,80%,12.0,24.1,8.1,40.0,135%,11,57%,19,48,60%
FRES-PC-SD-iP17ProMax-CRM/GRN,,80%,12.0,24.1,8.1,40.0,135%,11,57%,19,48,60%
FRES-PC-SD-iP17ProMax-YLW,,80%,12.0,24.1,8.1,40.0,135%,11,57%,19,48,60%
FRES-PC-SD-iP17Pro-CRM/GRN,,80%,12.0,24.1,8.1,40.0,135%,11,57%,19,48,60%
FRES-PC-SD-iP17Pro-YLW,,80%,12.0,24.1,8.1,40.0,135%,11,57%,19,48,60%
FRES-PC-SD(MS)-iP17-YLW,,78%,15.0,27.5,10.0,45.0,135%,14,57%,24,54,56%
FRES-PC-SD(MS)-iP17ProMax-YLW,,78%,15.0,27.5,10.0,45.0,135%,14,57%,24,54,56%
FRES-PC-SD(MS)-iP17Pro-YLW,,78%,15.0,27.5,10.0,45.0,135%,14,57%,24,54,56%
7TREE-PC-SHI-Magic8Pro-BLK,,63%,11.0,13.8,7.5,20.0,60%,5,38%,12,24,50%
7TREE-PC-SHI-Magic8Pro-WHT,,63%,11.0,13.8,7.5,20.0,60%,5,38%,12,24,50%
7TREE-PC-SHI(MS)-Magic8Pro-BLK,,58%,18.0,19.9,11.9,28.0,60%,7,38%,19,34,43%
7TREE-PC-SHI(MS)-Magic8Pro-WHT,,58%,18.0,19.9,11.9,28.0,60%,7,38%,19,34,43%
DUX-PC-AIMO-Magic8Pro-BLK,,75%,9.0,15.6,6.3,25.0,70%,4,41%,11,30,65%
DUX-PC-FLIP-Magic8Pro-BLK,,59%,16.5,19.0,10.9,27.0,55%,6,35%,17,32,48%
DUX-PC-FLIP-Magic8Pro-BLU,,59%,16.5,19.0,10.9,27.0,55%,6,35%,17,32,48%
DUX-SP-HD3DU-Magic8Pro,,56%,20.0,21.6,13.1,30.0,70%,9,41%,22,36,38%
DUX-IC-DOMO-S/A11-BLK,,61%,26.0,31.3,17.5,45.0,70%,12,41%,30,54,45%
DUX-IC-DOMO-S/A11-BLU,,61%,26.0,31.3,17.5,45.0,70%,12,41%,30,54,45%
DUX-IC-DOMO-S/A11-PNK,,61%,26.0,31.3,17.5,45.0,70%,12,41%,30,54,45%
DUX-IC-PUFF-S/A11-PNK,,69%,25.0,35.9,16.9,55.0,65%,11,39%,28,66,58%
DUX-IC-PUFF-S/A11-BLU,,69%,25.0,35.9,16.9,55.0,65%,11,39%,28,66,58%
DUX-IC-TOBY-S/A11-BLK,,61%,28.0,33.4,18.8,48.0,60%,11,38%,30,58,48%
DUX-IC-TOBY-S/A11-BLU,,61%,28.0,33.4,18.8,48.0,60%,11,38%,30,58,48%
DUX-IC-TOBY-S/A11-PNK,,61%,28.0,33.4,18.8,48.0,60%,11,38%,30,58,48%
DUX-SP-2.5D-S/A11,,73%,11.0,19.1,8.1,30.0,80%,7,44%,15,36,59%
DUX-CL-HAWK-iP17-LAV,,63%,8.0,10.3,5.6,15.0,80%,5,44%,10,18,44%
DUX-CL-HAWK-iP17-MIST,,63%,8.0,10.3,5.6,15.0,80%,5,44%,10,18,44%
DUX-CL-HAWK-iP17-SAGE,,63%,8.0,10.3,5.6,15.0,80%,5,44%,10,18,44%
DUX-CL-HAWK-iP17Air-L/GLD,,63%,8.0,10.3,5.6,15.0,80%,5,44%,10,18,44%
DUX-CL-HAWK-iP17Air-BLU,,63%,8.0,10.3,5.6,15.0,80%,5,44%,10,18,44%
DUX-CL-HAWK-iP17Pro/Max-ORG,,63%,8.0,10.3,5.6,15.0,80%,5,44%,10,18,44%
DUX-CL-HAWK-iP17Pro/Max-BLU,,63%,8.0,10.3,5.6,15.0,80%,5,44%,10,18,44%
KDZ-PC-STAN-S26Plus-TPR,,61%,24.0,27.8,15.6,40.0,65%,10,39%,26,48,46%
KDZ-PC-STAN-S26Plus-BLK,,61%,24.0,27.8,15.6,40.0,65%,10,39%,26,48,46%
KDZ-PC-STAN-S26Ultra-TPR,,61%,24.0,27.8,15.6,40.0,65%,10,39%,26,48,46%
KDZ-PC-STAN-S26Ultra-BLK,,61%,24.0,27.8,15.6,40.0,65%,10,39%,26,48,46%
FRES-PC-iPK360-iP17Pro-BLK,,66%,26.0,33.4,16.9,50.0,100%,17,50%,34,60,44%
FRES-PC-iPK360-iP17Pro-WHT,,66%,26.0,33.4,16.9,50.0,100%,17,50%,34,60,44%
FRES-PC-iPK360-iP17Pro-GRN,,66%,26.0,33.4,16.9,50.0,100%,17,50%,34,60,44%
FRES-PC-iPK360-iP17Pro-ORG,,66%,26.0,33.4,16.9,50.0,100%,17,50%,34,60,44%
FRES-PC-iPK360-iP17Pro-PNK,,66%,26.0,33.4,16.9,50.0,100%,17,50%,34,60,44%
FRES-PC-iPK360-iP17Pro-BLK,,66%,26.0,33.4,16.9,50.0,100%,17,50%,34,60,44%
FRES-PC-iPK360-iP17ProMax-WHT,,66%,26.0,33.4,16.9,50.0,100%,17,50%,34,60,44%
FRES-PC-iPK360-iP17ProMax-GRN,,66%,26.0,33.4,16.9,50.0,100%,17,50%,34,60,44%
FRES-PC-iPK360-iP17ProMax-ORG,,66%,26.0,33.4,16.9,50.0,100%,17,50%,34,60,44%
FRES-PC-iPK360-iP17ProMax-PNK,,66%,26.0,33.4,16.9,50.0,100%,17,50%,34,60,44%
FRES-PC-FROS-iP16ProMax-BLK,,70%,33.0,48.1,21.3,70.0,100%,21,50%,43,84,49%
FRES-PC-FROS-iP16ProMax-GRY,,70%,33.0,48.1,21.3,70.0,100%,21,50%,43,84,49%
FRES-PC-FROS-iP16ProMax-WHT,,70%,33.0,48.1,21.3,70.0,100%,21,50%,43,84,49%
FRES-PC-FROS-iP16Pro-BLK,,70%,33.0,48.1,21.3,70.0,100%,21,50%,43,84,49%
FRES-PC-FROS-iP16Pro-GRY,,70%,33.0,48.1,21.3,70.0,100%,21,50%,43,84,49%
FRES-PC-FROS-iP16Pro-WHT,,70%,33.0,48.1,21.3,70.0,100%,21,50%,43,84,49%
FRES-PC-FROS-iP15ProMax-BLK,,71%,27.0,38.8,17.5,60.0,100%,18,50%,35,72,51%
FRES-PC-FROS-iP15ProMax-GRY,,71%,27.0,38.8,17.5,60.0,100%,18,50%,35,72,51%
FRES-PC-FROS-iP15ProMax-BLU,,71%,27.0,38.8,17.5,60.0,100%,18,50%,35,72,51%
FRES-PC-FROS-iP15Pro-BLK,,71%,27.0,38.8,17.5,60.0,100%,18,50%,35,72,51%
FRES-PC-FROS-iP15Pro-GRY,,71%,27.0,38.8,17.5,60.0,100%,18,50%,35,72,51%
FRES-PC-FROS-iP15Pro-BLU,,71%,27.0,38.8,17.5,60.0,100%,18,50%,35,72,51%
DUX-PC-AIMO(MS)-S26Ultra-BLK,,64%,19.0,23.8,12.5,35.0,80%,10,44%,23,42,46%
DUX-PC-YIND-S26Ultra-BLK,,65%,13.0,16.9,8.8,25.0,70%,6,41%,15,30,50%
DUX-PC-YIND-S26Ultra-GRY,,65%,13.0,16.9,8.8,25.0,70%,6,41%,15,30,50%
DUX-PC-YIND-S26Ultra-BLU,,65%,13.0,16.9,8.8,25.0,70%,6,41%,15,30,50%
DUX-PC-YIND-S26Ultra-PNK,,65%,13.0,16.9,8.8,25.0,70%,6,41%,15,30,50%
DUX-PC-YIND-S26Ultra-PRP,,65%,13.0,16.9,8.8,25.0,70%,6,41%,15,30,50%
DUX-PC-YIND-S26Ultra-ORG,,65%,13.0,16.9,8.8,25.0,70%,6,41%,15,30,50%
DUX-PC-YIND(RING)-S26Ultra-BLK,,70%,16.0,22.8,10.6,35.0,100%,11,50%,21,42,49%
DUX-PC-YIND(RING)-S26Ultra-GRY,,70%,16.0,22.8,10.6,35.0,100%,11,50%,21,42,49%
DUX-PC-YIND(RING)-S26Ultra-BLU,,70%,16.0,22.8,10.6,35.0,100%,11,50%,21,42,49%
DUX-PC-YIND(RING)-S26Ultra-ORG,,70%,16.0,22.8,10.6,35.0,100%,11,50%,21,42,49%
DUX-PC-CLIN-S26Ultra-TP,,65%,16.0,20.3,10.6,30.0,80%,9,44%,19,36,47%
DUX-PC-FLIP-S26Plus-BLK,,59%,16.5,19.0,10.9,27.0,55%,6,35%,17,32,48%
DUX-PC-FLIP-S26Plus-BLU,,59%,16.5,19.0,10.9,27.0,55%,6,35%,17,32,48%
DUX-PC-FLIP-S26Ultra-BLK,,59%,16.5,19.0,10.9,27.0,55%,6,35%,17,32,48%
DUX-PC-FLIP-S26Ultra-BLU,,59%,16.5,19.0,10.9,27.0,55%,6,35%,17,32,48%
DUX-PC-XPS-S26Plus-BLK,,58%,30.0,32.7,19.4,46.0,60%,12,38%,31,55,44%
DUX-PC-XPS-S26Plus-BLU,,58%,30.0,32.7,19.4,46.0,60%,12,38%,31,55,44%
DUX-PC-XPS-S26Ultra-BLK,,58%,30.0,32.7,19.4,46.0,60%,12,38%,31,55,44%
DUX-PC-XPS-S26Ultra-BLU,,58%,30.0,32.7,19.4,46.0,60%,12,38%,31,55,44%
DUX-IC-AXIS-Pro11-BLK,,64%,44.0,56.9,28.8,80.0,80%,23,44%,52,96,46%
DUX-IC-AXIS-Pro13-BLK,,65%,46.0,60.3,30.0,85.0,80%,24,44%,54,102,47%
DUX-IC-AXIS-iPad10/11-BLK,,64%,44.0,56.9,28.8,80.0,80%,23,44%,52,96,46%
DUX-IC-AXIS-Air11-BLK,,64%,44.0,56.9,28.8,80.0,80%,23,44%,52,96,46%
DUX-IC-AXIS-Air13-BLK,,65%,46.0,60.3,30.0,85.0,80%,24,44%,54,102,47%
DUX-SP-HD25DU-S26Ultra-CLR,,69%,9.0,13.1,6.3,20.0,100%,6,50%,13,24,48%
DUX-SP-PR25DU-S26Ultra-PVC,,70%,11.0,16.3,7.5,25.0,100%,8,50%,15,30,50%
ZFRI-CL-FULLG-17Pro-SLV,,73%,6.0,10.2,4.4,16.0,100%,4,50%,9,19,54%
ZFRI-CL-FULLG-17Pro-BLU,,73%,6.0,10.2,4.4,16.0,100%,4,50%,9,19,54%
ZFRI-CL-FULLG-17Pro-ORG,,73%,6.0,10.2,4.4,16.0,100%,4,50%,9,19,54%
ZFRI-CL-FULLG-17ProMax-SLV,,73%,6.0,10.2,4.4,16.0,100%,4,50%,9,19,54%
ZFRI-CL-FULLG-17ProMax-BLU,,73%,6.0,10.2,4.4,16.0,100%,4,50%,9,19,54%
ZFRI-CL-FULLG-17ProMax-ORG,,73%,6.0,10.2,4.4,16.0,100%,4,50%,9,19,54%
ZFRI-PLATEAU-17Pro,,71%,6.0,9.7,4.4,15.0,100%,4,50%,9,18,51%
ZFRI-PLATEAU-17ProMax,,71%,6.0,9.7,4.4,15.0,100%,4,50%,9,18,51%
ZFRI-SP-GOR-i17ProMax-MAT,,68%,9.8,15.0,6.8,21.0,70%,5,41%,11,25,54%