Statement Period;Statement Number;Transaction Date;Fee Name;Amount(Include Tax);VAT Amount;Release Status;Release Date;Comment;Order Creation Date;Order Number;Order Line ID;Seller SKU;Lazada SKU;WHT Amount;WHT included in Amount;Order Status;Product Name;Short Code
20 Jul 2026 - 20 Jul 2026;MY1130E-2026-0720;20 Jul 2026;Commission;-6.54;0.4848;Ready to Release;;;15 Jul 2026;509991107834484;509991107934484;KDZ-PC-STAN-S24Plus-TPR;3755433141_MY-21283674971;0;NO;Confirmed;Magnetic 360° Ring Clear Case for Samsung Galaxy S26 S25 S24 S23 Ultra S23 Plus Stand Phone Holder Cover Casing;MY1130E
20 Jul 2026 - 20 Jul 2026;MY1130E-2026-0720;20 Jul 2026;Payment Fee;-1.59;0.1176;Ready to Release;;;15 Jul 2026;509991107834484;509991107934484;KDZ-PC-STAN-S24Plus-TPR;3755433141_MY-21283674971;0;NO;Confirmed;Magnetic 360° Ring Clear Case for Samsung Galaxy S26 S25 S24 S23 Ultra S23 Plus Stand Phone Holder Cover Casing;MY1130E
20 Jul 2026 - 20 Jul 2026;MY1130E-2026-0720;20 Jul 2026;Item Price Credit;36.7;0;Ready to Release;;;15 Jul 2026;509991107834484;509991107934484;KDZ-PC-STAN-S24Plus-TPR;3755433141_MY-21283674971;0;NO;Confirmed;Magnetic 360° Ring Clear Case for Samsung Galaxy S26 S25 S24 S23 Ultra S23 Plus Stand Phone Holder Cover Casing;MY1130E
20 Jul 2026 - 20 Jul 2026;MY1130E-2026-0720;20 Jul 2026;Commission;-6.54;0.4848;Ready to Release;;;17 Jul 2026;510146164410896;510146164510896;KDZ-PC-STAN-S26Ultra-BLK;3755433141_MY-27146491265;0;NO;Confirmed;Magnetic 360° Ring Clear Case for Samsung Galaxy S26 S25 S24 S23 Ultra S23 Plus Stand Phone Holder Cover Casing;MY1130E
20 Jul 2026 - 20 Jul 2026;MY1130E-2026-0720;20 Jul 2026;Payment Fee;-1.38;0.1024;Ready to Release;;;17 Jul 2026;510146164410896;510146164510896;KDZ-PC-STAN-S26Ultra-BLK;3755433141_MY-27146491265;0;NO;Confirmed;Magnetic 360° Ring Clear Case for Samsung Galaxy S26 S25 S24 S23 Ultra S23 Plus Stand Phone Holder Cover Casing;MY1130E
20 Jul 2026 - 20 Jul 2026;MY1130E-2026-0720;20 Jul 2026;Item Price Credit;36.7;0;Ready to Release;;;17 Jul 2026;510146164410896;510146164510896;KDZ-PC-STAN-S26Ultra-BLK;3755433141_MY-27146491265;0;NO;Confirmed;Magnetic 360° Ring Clear Case for Samsung Galaxy S26 S25 S24 S23 Ultra S23 Plus Stand Phone Holder Cover Casing;MY1130E
20 Jul 2026 - 20 Jul 2026;MY1130E-2026-0720;20 Jul 2026;Commission;-7.61;0.564;Ready to Release;;;14 Jul 2026;509956352534746;509956352634746;FRES-PC-AG-iP17ProMax;4735472378_MY-26612224619;0;NO;Confirmed;FRESCOONE AG Series Frosted Matte Clear Magnetic Phone Case for iPhone 17 16 15 14 Pro Max Pro Plus Air Cover Casing;MY1130E
20 Jul 2026 - 20 Jul 2026;MY1130E-2026-0720;20 Jul 2026;Payment Fee;-1.81;0.1344;Ready to Release;;;14 Jul 2026;509956352534746;509956352634746;FRES-PC-AG-iP17ProMax;4735472378_MY-26612224619;0;NO;Confirmed;FRESCOONE AG Series Frosted Matte Clear Magnetic Phone Case for iPhone 17 16 15 14 Pro Max Pro Plus Air Cover Casing;MY1130E
20 Jul 2026 - 20 Jul 2026;MY1130E-2026-0720;20 Jul 2026;Item Price Credit;42.7;0;Ready to Release;;;14 Jul 2026;509956352534746;509956352634746;FRES-PC-AG-iP17ProMax;4735472378_MY-26612224619;0;NO;Confirmed;FRESCOONE AG Series Frosted Matte Clear Magnetic Phone Case for iPhone 17 16 15 14 Pro Max Pro Plus Air Cover Casing;MY1130E
20 Jul 2026 - 20 Jul 2026;MY1130E-2026-0720;20 Jul 2026;Commission;-1.65;0.1224;Ready to Release;;;14 Jul 2026;509962731512904;509962731612904;DDC-LAC-KC-MbookAir/13(22)-CLR2;3568754734_MY-19987290015;0;NO;Confirmed;LAPTOP SILICONE Keyboard Cover Dust proof Smooth Touch Key Board Protector for Macbook Pro 13 14 16 M2 2023 A2780 A2779 / Air 15 13 M1 M2 A2941;MY1130E
20 Jul 2026 - 20 Jul 2026;MY1130E-2026-0720;20 Jul 2026;Payment Fee;-0.59;0.044;Ready to Release;;;14 Jul 2026;509962731512904;509962731612904;DDC-LAC-KC-MbookAir/13(22)-CLR2;3568754734_MY-19987290015;0;NO;Confirmed;LAPTOP SILICONE Keyboard Cover Dust proof Smooth Touch Key Board Protector for Macbook Pro 13 14 16 M2 2023 A2780 A2779 / Air 15 13 M1 M2 A2941;MY1130E
20 Jul 2026 - 20 Jul 2026;MY1130E-2026-0720;20 Jul 2026;Item Price Credit;9.9;0;Ready to Release;;;14 Jul 2026;509962731512904;509962731612904;DDC-LAC-KC-MbookAir/13(22)-CLR2;3568754734_MY-19987290015;0;NO;Confirmed;LAPTOP SILICONE Keyboard Cover Dust proof Smooth Touch Key Board Protector for Macbook Pro 13 14 16 M2 2023 A2780 A2779 / Air 15 13 M1 M2 A2941;MY1130E
18 Jul 2026 - 18 Jul 2026;MY1130E-2026-0718;18 Jul 2026;Commission;-2.64;0.1952;Released to My Balance;19 Jul 2026;;11 Jul 2026;509822311356434;509822311556434;ZFRI-SP-GOR-i15ProMax-CLR;3832505813_MY-26277806865;0;NO;Confirmed;FRESCO GORILLA Clear/Privacy Tempered Glass Screen Protector for iPhone 17 16 15 14 13 12 11 Pro Max Plus Air XS Max XR;MY1130E
18 Jul 2026 - 18 Jul 2026;MY1130E-2026-0718;18 Jul 2026;Payment Fee;-0.66;0.0488;Released to My Balance;19 Jul 2026;;11 Jul 2026;509822311356434;509822311556434;ZFRI-SP-GOR-i15ProMax-CLR;3832505813_MY-26277806865;0;NO;Confirmed;FRESCO GORILLA Clear/Privacy Tempered Glass Screen Protector for iPhone 17 16 15 14 13 12 11 Pro Max Plus Air XS Max XR;MY1130E
18 Jul 2026 - 18 Jul 2026;MY1130E-2026-0718;18 Jul 2026;Item Price Credit;14.8;0;Released to My Balance;19 Jul 2026;;11 Jul 2026;509822311356434;509822311556434;ZFRI-SP-GOR-i15ProMax-CLR;3832505813_MY-26277806865;0;NO;Confirmed;FRESCO GORILLA Clear/Privacy Tempered Glass Screen Protector for iPhone 17 16 15 14 13 12 11 Pro Max Plus Air XS Max XR;MY1130E
18 Jul 2026 - 18 Jul 2026;MY1130E-2026-0718;18 Jul 2026;Commission;-3.15;0.2336;Released to My Balance;19 Jul 2026;;11 Jul 2026;509822311356434;509822311456434;ZFRI-SP-GOR-i15ProMax-PVC;3832505813_MY-26277806889;0;NO;Confirmed;FRESCO GORILLA Clear/Privacy Tempered Glass Screen Protector for iPhone 17 16 15 14 13 12 11 Pro Max Plus Air XS Max XR;MY1130E
18 Jul 2026 - 18 Jul 2026;MY1130E-2026-0718;18 Jul 2026;Payment Fee;-0.77;0.0568;Released to My Balance;19 Jul 2026;;11 Jul 2026;509822311356434;509822311456434;ZFRI-SP-GOR-i15ProMax-PVC;3832505813_MY-26277806889;0;NO;Confirmed;FRESCO GORILLA Clear/Privacy Tempered Glass Screen Protector for iPhone 17 16 15 14 13 12 11 Pro Max Plus Air XS Max XR;MY1130E
18 Jul 2026 - 18 Jul 2026;MY1130E-2026-0718;18 Jul 2026;Item Price Credit;17.7;0;Released to My Balance;19 Jul 2026;;11 Jul 2026;509822311356434;509822311456434;ZFRI-SP-GOR-i15ProMax-PVC;3832505813_MY-26277806889;0;NO;Confirmed;FRESCO GORILLA Clear/Privacy Tempered Glass Screen Protector for iPhone 17 16 15 14 13 12 11 Pro Max Plus Air XS Max XR;MY1130E
18 Jul 2026 - 18 Jul 2026;MY1130E-2026-0718;18 Jul 2026;Commission;-6.75;0.5;Released to My Balance;19 Jul 2026;;12 Jul 2026;506637887448201;506637887548201;FRES-PC-SL-i13/14-PRP;4711387542_MY-26409995152;0;NO;Confirmed;FRESCOONE SL Series Liquid Silicone Phone Case for iPhone 15 14 13 Pro Max Pro 14 13 Shockproof Cover Casing;MY1130E
18 Jul 2026 - 18 Jul 2026;MY1130E-2026-0718;18 Jul 2026;Payment Fee;-1.63;0.1208;Released to My Balance;19 Jul 2026;;12 Jul 2026;506637887448201;506637887548201;FRES-PC-SL-i13/14-PRP;4711387542_MY-26409995152;0;NO;Confirmed;FRESCOONE SL Series Liquid Silicone Phone Case for iPhone 15 14 13 Pro Max Pro 14 13 Shockproof Cover Casing;MY1130E
18 Jul 2026 - 18 Jul 2026;MY1130E-2026-0718;18 Jul 2026;Item Price Credit;37.9;0;Released to My Balance;19 Jul 2026;;12 Jul 2026;506637887448201;506637887548201;FRES-PC-SL-i13/14-PRP;4711387542_MY-26409995152;0;NO;Confirmed;FRESCOONE SL Series Liquid Silicone Phone Case for iPhone 15 14 13 Pro Max Pro 14 13 Shockproof Cover Casing;MY1130E
17 Jul 2026 - 17 Jul 2026;MY1130E-2026-0717;17 Jul 2026;Commission;-3.54;0.2624;Released to My Balance;18 Jul 2026;;10 Jul 2026;506564015484476;506564015584476;DUX-PC-FLIP-S25Plus-BLU;468606483_MY-24883027555;0;NO;Confirmed;DUX SKINPRO Flip Phone Case for Samsung S26 S25 S25 S23 S22 Ultra Plus FE S21 FE S20 Note 20 Ultra Cover Casing;MY1130E
17 Jul 2026 - 17 Jul 2026;MY1130E-2026-0717;17 Jul 2026;Payment Fee;-0.95;0.0704;Released to My Balance;18 Jul 2026;;10 Jul 2026;506564015484476;506564015584476;DUX-PC-FLIP-S25Plus-BLU;468606483_MY-24883027555;0;NO;Confirmed;DUX SKINPRO Flip Phone Case for Samsung S26 S25 S25 S23 S22 Ultra Plus FE S21 FE S20 Note 20 Ultra Cover Casing;MY1130E
17 Jul 2026 - 17 Jul 2026;MY1130E-2026-0717;17 Jul 2026;Item Price Credit;19.9;0;Released to My Balance;18 Jul 2026;;10 Jul 2026;506564015484476;506564015584476;DUX-PC-FLIP-S25Plus-BLU;468606483_MY-24883027555;0;NO;Confirmed;DUX SKINPRO Flip Phone Case for Samsung S26 S25 S25 S23 S22 Ultra Plus FE S21 FE S20 Note 20 Ultra Cover Casing;MY1130E
15 Jul 2026 - 15 Jul 2026;MY1130E-2026-0715;15 Jul 2026;Commission;-4.22;0.3128;Released to My Balance;16 Jul 2026;;12 Jul 2026;506629806072914;506629806272914;DUX-PC-FLIP-S25Ultra-BLU;468606483_MY-24883027551;0;NO;Confirmed;DUX SKINPRO Flip Phone Case for Samsung S26 S25 S25 S23 S22 Ultra Plus FE S21 FE S20 Note 20 Ultra Cover Casing;MY1130E
15 Jul 2026 - 15 Jul 2026;MY1130E-2026-0715;15 Jul 2026;Payment Fee;-0.9;0.0664;Released to My Balance;16 Jul 2026;;12 Jul 2026;506629806072914;506629806272914;DUX-PC-FLIP-S25Ultra-BLU;468606483_MY-24883027551;0;NO;Confirmed;DUX SKINPRO Flip Phone Case for Samsung S26 S25 S25 S23 S22 Ultra Plus FE S21 FE S20 Note 20 Ultra Cover Casing;MY1130E
15 Jul 2026 - 15 Jul 2026;MY1130E-2026-0715;15 Jul 2026;Item Price Credit;23.7;0;Released to My Balance;16 Jul 2026;;12 Jul 2026;506629806072914;506629806272914;DUX-PC-FLIP-S25Ultra-BLU;468606483_MY-24883027551;0;NO;Confirmed;DUX SKINPRO Flip Phone Case for Samsung S26 S25 S25 S23 S22 Ultra Plus FE S21 FE S20 Note 20 Ultra Cover Casing;MY1130E
15 Jul 2026 - 15 Jul 2026;MY1130E-2026-0715;15 Jul 2026;Commission;-4.22;0.3128;Released to My Balance;16 Jul 2026;;12 Jul 2026;506629806072914;506629806172914;DUX-PC-FLIP-S25Ultra-BLU;468606483_MY-24883027551;0;NO;Confirmed;DUX SKINPRO Flip Phone Case for Samsung S26 S25 S25 S23 S22 Ultra Plus FE S21 FE S20 Note 20 Ultra Cover Casing;MY1130E
15 Jul 2026 - 15 Jul 2026;MY1130E-2026-0715;15 Jul 2026;Payment Fee;-0.9;0.0664;Released to My Balance;16 Jul 2026;;12 Jul 2026;506629806072914;506629806172914;DUX-PC-FLIP-S25Ultra-BLU;468606483_MY-24883027551;0;NO;Confirmed;DUX SKINPRO Flip Phone Case for Samsung S26 S25 S25 S23 S22 Ultra Plus FE S21 FE S20 Note 20 Ultra Cover Casing;MY1130E
15 Jul 2026 - 15 Jul 2026;MY1130E-2026-0715;15 Jul 2026;Item Price Credit;23.7;0;Released to My Balance;16 Jul 2026;;12 Jul 2026;506629806072914;506629806172914;DUX-PC-FLIP-S25Ultra-BLU;468606483_MY-24883027551;0;NO;Confirmed;DUX SKINPRO Flip Phone Case for Samsung S26 S25 S25 S23 S22 Ultra Plus FE S21 FE S20 Note 20 Ultra Cover Casing;MY1130E
15 Jul 2026 - 15 Jul 2026;MY1130E-2026-0715;15 Jul 2026;Commission;-6.75;0.5;Released to My Balance;16 Jul 2026;;09 Jul 2026;506517700091445;509754500191445;FRES-PC-SL-iP17ProMax-CYA;4717713102_MY-26464110417;0;NO;Confirmed;FRESCOONE SL Series Liquid Silicone Phone Case for iPhone 17 Pro Max 17 Pro 17 16 Plus iPhone Air Cover Casing;MY1130E
15 Jul 2026 - 15 Jul 2026;MY1130E-2026-0715;15 Jul 2026;Payment Fee;-1.53;0.1136;Released to My Balance;16 Jul 2026;;09 Jul 2026;506517700091445;509754500191445;FRES-PC-SL-iP17ProMax-CYA;4717713102_MY-26464110417;0;NO;Confirmed;FRESCOONE SL Series Liquid Silicone Phone Case for iPhone 17 Pro Max 17 Pro 17 16 Plus iPhone Air Cover Casing;MY1130E
15 Jul 2026 - 15 Jul 2026;MY1130E-2026-0715;15 Jul 2026;Item Price Credit;37.9;0;Released to My Balance;16 Jul 2026;;09 Jul 2026;506517700091445;509754500191445;FRES-PC-SL-iP17ProMax-CYA;4717713102_MY-26464110417;0;NO;Confirmed;FRESCOONE SL Series Liquid Silicone Phone Case for iPhone 17 Pro Max 17 Pro 17 16 Plus iPhone Air Cover Casing;MY1130E
14 Jul 2026 - 14 Jul 2026;MY1130E-2026-0714;14 Jul 2026;Commission;-3.69;0.2736;Released to My Balance;15 Jul 2026;;08 Jul 2026;509680996580955;509680996680955;ZFRI-SP-GOR-i14ProMax-MAT;3832505813_MY-26277806917;0;NO;Confirmed;FRESCO GORILLA Clear/Privacy Tempered Glass Screen Protector for iPhone 17 16 15 14 13 12 11 Pro Max Plus Air XS Max XR;MY1130E
14 Jul 2026 - 14 Jul 2026;MY1130E-2026-0714;14 Jul 2026;Payment Fee;-0.98;0.0728;Released to My Balance;15 Jul 2026;;08 Jul 2026;509680996580955;509680996680955;ZFRI-SP-GOR-i14ProMax-MAT;3832505813_MY-26277806917;0;NO;Confirmed;FRESCO GORILLA Clear/Privacy Tempered Glass Screen Protector for iPhone 17 16 15 14 13 12 11 Pro Max Plus Air XS Max XR;MY1130E
14 Jul 2026 - 14 Jul 2026;MY1130E-2026-0714;14 Jul 2026;Item Price Credit;20.7;0;Released to My Balance;15 Jul 2026;;08 Jul 2026;509680996580955;509680996680955;ZFRI-SP-GOR-i14ProMax-MAT;3832505813_MY-26277806917;0;NO;Confirmed;FRESCO GORILLA Clear/Privacy Tempered Glass Screen Protector for iPhone 17 16 15 14 13 12 11 Pro Max Plus Air XS Max XR;MY1130E
14 Jul 2026 - 14 Jul 2026;MY1130E-2026-0714;14 Jul 2026;Sponsored Affiliates;-1.59;0.1176;Released to My Balance;15 Jul 2026;Delivered;08 Jul 2026;506439025007278;506439025107278;GKK-PC-TIFF-ZFlip4-GRN;3185390737_MY-16141422701;0;NO;Confirmed;GKK TIFF Phone Case for Samsung Galaxy Z Flip 7 FE 7 6 5 4 3 Shockproof With Screen Protector Full Cover Casing;MY1130E
13 Jul 2026 - 13 Jul 2026;MY1130E-2026-0713;13 Jul 2026;Commission;-7.61;0.564;Released to My Balance;14 Jul 2026;;08 Jul 2026;509610961988177;509610962088177;FRES-PC-SL(MS)-iP17ProMax-WHT;4732287365_MY-26589721417;0;NO;Confirmed;FRESCOONE SL (MAGNET) Series Liquid Silicone Phone Case for iPhone 17 Pro Max 17 Pro 17 16 Plus iPhone Air Cover Casing;MY1130E
13 Jul 2026 - 13 Jul 2026;MY1130E-2026-0713;13 Jul 2026;Payment Fee;-1.81;0.1344;Released to My Balance;14 Jul 2026;;08 Jul 2026;509610961988177;509610962088177;FRES-PC-SL(MS)-iP17ProMax-WHT;4732287365_MY-26589721417;0;NO;Confirmed;FRESCOONE SL (MAGNET) Series Liquid Silicone Phone Case for iPhone 17 Pro Max 17 Pro 17 16 Plus iPhone Air Cover Casing;MY1130E
13 Jul 2026 - 13 Jul 2026;MY1130E-2026-0713;13 Jul 2026;Item Price Credit;42.7;0;Released to My Balance;14 Jul 2026;;08 Jul 2026;509610961988177;509610962088177;FRES-PC-SL(MS)-iP17ProMax-WHT;4732287365_MY-26589721417;0;NO;Confirmed;FRESCOONE SL (MAGNET) Series Liquid Silicone Phone Case for iPhone 17 Pro Max 17 Pro 17 16 Plus iPhone Air Cover Casing;MY1130E
13 Jul 2026 - 13 Jul 2026;MY1130E-2026-0713;13 Jul 2026;Commission;-6.54;0.4848;Released to My Balance;14 Jul 2026;;09 Jul 2026;509712798769856;509712798869856;KDZ-PC-STAN-ZFlip5-BLK;4193493080_MY-23762231369;0;NO;Confirmed;Magnetic RING STAND Flip Phone Case for Samsung Galaxy Z Flip 7 FE 7 6 5 Rotating Bracket Cover Casing;MY1130E
13 Jul 2026 - 13 Jul 2026;MY1130E-2026-0713;13 Jul 2026;Payment Fee;-1.77;0.1312;Released to My Balance;14 Jul 2026;;09 Jul 2026;509712798769856;509712798869856;KDZ-PC-STAN-ZFlip5-BLK;4193493080_MY-23762231369;0;NO;Confirmed;Magnetic RING STAND Flip Phone Case for Samsung Galaxy Z Flip 7 FE 7 6 5 Rotating Bracket Cover Casing;MY1130E
13 Jul 2026 - 13 Jul 2026;MY1130E-2026-0713;13 Jul 2026;Item Price Credit;36.7;0;Released to My Balance;14 Jul 2026;;09 Jul 2026;509712798769856;509712798869856;KDZ-PC-STAN-ZFlip5-BLK;4193493080_MY-23762231369;0;NO;Confirmed;Magnetic RING STAND Flip Phone Case for Samsung Galaxy Z Flip 7 FE 7 6 5 Rotating Bracket Cover Casing;MY1130E
13 Jul 2026 - 13 Jul 2026;MY1130E-2026-0713;13 Jul 2026;Commission;-2.28;0.1688;Released to My Balance;14 Jul 2026;;10 Jul 2026;506566262319042;506566262519042;LEEU-MAC-CANDY-360/REC-BLU;4618949492_MY-26006528294;0;NO;Confirmed;LEEU CANDY Series 360° Rotatable Waterdrop Buckle Steel Triangle Replacement Patch Clip Phone Keychain Lanyard Holder;MY1130E
13 Jul 2026 - 13 Jul 2026;MY1130E-2026-0713;13 Jul 2026;Payment Fee;-0.49;0.036;Released to My Balance;14 Jul 2026;;10 Jul 2026;506566262319042;506566262519042;LEEU-MAC-CANDY-360/REC-BLU;4618949492_MY-26006528294;0;NO;Confirmed;LEEU CANDY Series 360° Rotatable Waterdrop Buckle Steel Triangle Replacement Patch Clip Phone Keychain Lanyard Holder;MY1130E
13 Jul 2026 - 13 Jul 2026;MY1130E-2026-0713;13 Jul 2026;Item Price Credit;12.8;0;Released to My Balance;14 Jul 2026;;10 Jul 2026;506566262319042;506566262519042;LEEU-MAC-CANDY-360/REC-BLU;4618949492_MY-26006528294;0;NO;Confirmed;LEEU CANDY Series 360° Rotatable Waterdrop Buckle Steel Triangle Replacement Patch Clip Phone Keychain Lanyard Holder;MY1130E
13 Jul 2026 - 13 Jul 2026;MY1130E-2026-0713;13 Jul 2026;Commission;-2.28;0.1688;Released to My Balance;14 Jul 2026;;10 Jul 2026;506566262319042;506566262419042;LEEU-MAC-CANDY-360/TRI-BLK;4618949492_MY-26006528296;0;NO;Confirmed;LEEU CANDY Series 360° Rotatable Waterdrop Buckle Steel Triangle Replacement Patch Clip Phone Keychain Lanyard Holder;MY1130E
13 Jul 2026 - 13 Jul 2026;MY1130E-2026-0713;13 Jul 2026;Payment Fee;-0.49;0.036;Released to My Balance;14 Jul 2026;;10 Jul 2026;506566262319042;506566262419042;LEEU-MAC-CANDY-360/TRI-BLK;4618949492_MY-26006528296;0;NO;Confirmed;LEEU CANDY Series 360° Rotatable Waterdrop Buckle Steel Triangle Replacement Patch Clip Phone Keychain Lanyard Holder;MY1130E
13 Jul 2026 - 13 Jul 2026;MY1130E-2026-0713;13 Jul 2026;Item Price Credit;12.8;0;Released to My Balance;14 Jul 2026;;10 Jul 2026;506566262319042;506566262419042;LEEU-MAC-CANDY-360/TRI-BLK;4618949492_MY-26006528296;0;NO;Confirmed;LEEU CANDY Series 360° Rotatable Waterdrop Buckle Steel Triangle Replacement Patch Clip Phone Keychain Lanyard Holder;MY1130E
13 Jul 2026 - 13 Jul 2026;MY1130E-2026-0713;13 Jul 2026;Commission;-4.38;0.3248;Released to My Balance;14 Jul 2026;;08 Jul 2026;506439025007278;506439025107278;GKK-PC-TIFF-ZFlip4-GRN;3185390737_MY-16141422701;0;NO;Confirmed;GKK TIFF Phone Case for Samsung Galaxy Z Flip 7 FE 7 6 5 4 3 Shockproof With Screen Protector Full Cover Casing;MY1130E
13 Jul 2026 - 13 Jul 2026;MY1130E-2026-0713;13 Jul 2026;Payment Fee;-1;0.0744;Released to My Balance;14 Jul 2026;;08 Jul 2026;506439025007278;506439025107278;GKK-PC-TIFF-ZFlip4-GRN;3185390737_MY-16141422701;0;NO;Confirmed;GKK TIFF Phone Case for Samsung Galaxy Z Flip 7 FE 7 6 5 4 3 Shockproof With Screen Protector Full Cover Casing;MY1130E
13 Jul 2026 - 13 Jul 2026;MY1130E-2026-0713;13 Jul 2026;Item Price Credit;24.6;0;Released to My Balance;14 Jul 2026;;08 Jul 2026;506439025007278;506439025107278;GKK-PC-TIFF-ZFlip4-GRN;3185390737_MY-16141422701;0;NO;Confirmed;GKK TIFF Phone Case for Samsung Galaxy Z Flip 7 FE 7 6 5 4 3 Shockproof With Screen Protector Full Cover Casing;MY1130E
13 Jul 2026 - 13 Jul 2026;MY1130E-2026-0713;13 Jul 2026;Sponsored Affiliates;-2.76;0.2048;Released to My Balance;14 Jul 2026;Delivered;07 Jul 2026;509562930366220;509562930466220;FRES-PC-AG-iP17ProMax;4735472378_MY-26612224619;0;NO;Confirmed;FRESCOONE AG Series Frosted Matte Clear Magnetic Phone Case for iPhone 17 16 15 14 Pro Max Pro Plus Air Cover Casing;MY1130E
13 Jul 2026 - 13 Jul 2026;MY1130E-2026-0713;13 Jul 2026;Sponsored Affiliates;-3.25;0.2408;Released to My Balance;14 Jul 2026;Delivered;05 Jul 2026;509434755013305;509434755113305;PSG-IC-G1-TabS9Plus-BLK;4305363075_MY-24274009588;0;NO;Confirmed;Clear Frosted Tablet Flip Stand Case for Samsung Galaxy Tab S10 S9 S8 S7 Ultra FE Plus Protective Cover Casing;MY1130E
13 Jul 2026 - 13 Jul 2026;MY1130E-2026-0713;13 Jul 2026;Sponsored Affiliates;-2.21;0.164;Released to My Balance;14 Jul 2026;Delivered;06 Jul 2026;506295822508200;506295822608200;GKK-PC-AIR2(RING)-ZFlip7-CLR;4678488746_MY-26250148094;0;NO;Confirmed;GKK FULL AIR GUARD Ring Stand Transparent Phone Case for Samsung Galaxy Z Flip 7 Magnetic Shockproof Cover Casing;MY1130E
12 Jul 2026 - 12 Jul 2026;MY1130E-2026-0712;12 Jul 2026;Commission;-7.61;0.564;Released to My Balance;13 Jul 2026;;07 Jul 2026;509562930366220;509562930466220;FRES-PC-AG-iP17ProMax;4735472378_MY-26612224619;0;NO;Confirmed;FRESCOONE AG Series Frosted Matte Clear Magnetic Phone Case for iPhone 17 16 15 14 Pro Max Pro Plus Air Cover Casing;MY1130E
12 Jul 2026 - 12 Jul 2026;MY1130E-2026-0712;12 Jul 2026;Payment Fee;-2.33;0.1728;Released to My Balance;13 Jul 2026;;07 Jul 2026;509562930366220;509562930466220;FRES-PC-AG-iP17ProMax;4735472378_MY-26612224619;0;NO;Confirmed;FRESCOONE AG Series Frosted Matte Clear Magnetic Phone Case for iPhone 17 16 15 14 Pro Max Pro Plus Air Cover Casing;MY1130E
12 Jul 2026 - 12 Jul 2026;MY1130E-2026-0712;12 Jul 2026;Item Price Credit;42.7;0;Released to My Balance;13 Jul 2026;;07 Jul 2026;509562930366220;509562930466220;FRES-PC-AG-iP17ProMax;4735472378_MY-26612224619;0;NO;Confirmed;FRESCOONE AG Series Frosted Matte Clear Magnetic Phone Case for iPhone 17 16 15 14 Pro Max Pro Plus Air Cover Casing;MY1130E
12 Jul 2026 - 12 Jul 2026;MY1130E-2026-0712;12 Jul 2026;Commission;-8.96;0.664;Released to My Balance;13 Jul 2026;;05 Jul 2026;509434755013305;509434755113305;PSG-IC-G1-TabS9Plus-BLK;4305363075_MY-24274009588;0;NO;Confirmed;Clear Frosted Tablet Flip Stand Case for Samsung Galaxy Tab S10 S9 S8 S7 Ultra FE Plus Protective Cover Casing;MY1130E
12 Jul 2026 - 12 Jul 2026;MY1130E-2026-0712;12 Jul 2026;Payment Fee;-2.12;0.1568;Released to My Balance;13 Jul 2026;;05 Jul 2026;509434755013305;509434755113305;PSG-IC-G1-TabS9Plus-BLK;4305363075_MY-24274009588;0;NO;Confirmed;Clear Frosted Tablet Flip Stand Case for Samsung Galaxy Tab S10 S9 S8 S7 Ultra FE Plus Protective Cover Casing;MY1130E
12 Jul 2026 - 12 Jul 2026;MY1130E-2026-0712;12 Jul 2026;Item Price Credit;50.3;0;Released to My Balance;13 Jul 2026;;05 Jul 2026;509434755013305;509434755113305;PSG-IC-G1-TabS9Plus-BLK;4305363075_MY-24274009588;0;NO;Confirmed;Clear Frosted Tablet Flip Stand Case for Samsung Galaxy Tab S10 S9 S8 S7 Ultra FE Plus Protective Cover Casing;MY1130E
12 Jul 2026 - 12 Jul 2026;MY1130E-2026-0712;12 Jul 2026;Commission;-7.61;0.564;Released to My Balance;13 Jul 2026;;06 Jul 2026;509513315051905;509513315151905;FRES-PC-AG-iP17Pro;4735472378_MY-26612224620;0;NO;Confirmed;FRESCOONE AG Series Frosted Matte Clear Magnetic Phone Case for iPhone 17 16 15 14 Pro Max Pro Plus Air Cover Casing;MY1130E
12 Jul 2026 - 12 Jul 2026;MY1130E-2026-0712;12 Jul 2026;Payment Fee;-1.65;0.1224;Released to My Balance;13 Jul 2026;;06 Jul 2026;509513315051905;509513315151905;FRES-PC-AG-iP17Pro;4735472378_MY-26612224620;0;NO;Confirmed;FRESCOONE AG Series Frosted Matte Clear Magnetic Phone Case for iPhone 17 16 15 14 Pro Max Pro Plus Air Cover Casing;MY1130E
12 Jul 2026 - 12 Jul 2026;MY1130E-2026-0712;12 Jul 2026;Item Price Credit;42.7;0;Released to My Balance;13 Jul 2026;;06 Jul 2026;509513315051905;509513315151905;FRES-PC-AG-iP17Pro;4735472378_MY-26612224620;0;NO;Confirmed;FRESCOONE AG Series Frosted Matte Clear Magnetic Phone Case for iPhone 17 16 15 14 Pro Max Pro Plus Air Cover Casing;MY1130E
12 Jul 2026 - 12 Jul 2026;MY1130E-2026-0712;12 Jul 2026;Commission;-6.09;0.4512;Released to My Balance;13 Jul 2026;;06 Jul 2026;506295822508200;506295822608200;GKK-PC-AIR2(RING)-ZFlip7-CLR;4678488746_MY-26250148094;0;NO;Confirmed;GKK FULL AIR GUARD Ring Stand Transparent Phone Case for Samsung Galaxy Z Flip 7 Magnetic Shockproof Cover Casing;MY1130E
12 Jul 2026 - 12 Jul 2026;MY1130E-2026-0712;12 Jul 2026;Payment Fee;-1.3;0.096;Released to My Balance;13 Jul 2026;;06 Jul 2026;506295822508200;506295822608200;GKK-PC-AIR2(RING)-ZFlip7-CLR;4678488746_MY-26250148094;0;NO;Confirmed;GKK FULL AIR GUARD Ring Stand Transparent Phone Case for Samsung Galaxy Z Flip 7 Magnetic Shockproof Cover Casing;MY1130E
12 Jul 2026 - 12 Jul 2026;MY1130E-2026-0712;12 Jul 2026;Item Price Credit;34.2;0;Released to My Balance;13 Jul 2026;;06 Jul 2026;506295822508200;506295822608200;GKK-PC-AIR2(RING)-ZFlip7-CLR;4678488746_MY-26250148094;0;NO;Confirmed;GKK FULL AIR GUARD Ring Stand Transparent Phone Case for Samsung Galaxy Z Flip 7 Magnetic Shockproof Cover Casing;MY1130E
12 Jul 2026 - 12 Jul 2026;MY1130E-2026-0712;12 Jul 2026;Commission;-4.99;0.3696;Released to My Balance;13 Jul 2026;;07 Jul 2026;506338456308116;506338456408116;PSG-IC-PU-TabS7/S8-LAV;3806567972_MY-24263341433;0;NO;Confirmed;PU Series Tablet Flip Stand Case for Samsung Galaxy Tab S10 S9 S8 S7 Ultra FE Plus A9 Plus S6 Lite Cover Casing;MY1130E
12 Jul 2026 - 12 Jul 2026;MY1130E-2026-0712;12 Jul 2026;Payment Fee;-1.09;0.0808;Released to My Balance;13 Jul 2026;;07 Jul 2026;506338456308116;506338456408116;PSG-IC-PU-TabS7/S8-LAV;3806567972_MY-24263341433;0;NO;Confirmed;PU Series Tablet Flip Stand Case for Samsung Galaxy Tab S10 S9 S8 S7 Ultra FE Plus A9 Plus S6 Lite Cover Casing;MY1130E
12 Jul 2026 - 12 Jul 2026;MY1130E-2026-0712;12 Jul 2026;Item Price Credit;28;0;Released to My Balance;13 Jul 2026;;07 Jul 2026;506338456308116;506338456408116;PSG-IC-PU-TabS7/S8-LAV;3806567972_MY-24263341433;0;NO;Confirmed;PU Series Tablet Flip Stand Case for Samsung Galaxy Tab S10 S9 S8 S7 Ultra FE Plus A9 Plus S6 Lite Cover Casing;MY1130E
11 Jul 2026 - 11 Jul 2026;MY1130E-2026-0711;11 Jul 2026;Commission;-1.65;0.1224;Released to My Balance;12 Jul 2026;;09 Jul 2026;506514005886129;506514006086129;DDC-LAC-KC-MbookPro/13(22)-CLR1;3568754734_MY-23399667021;0;NO;Confirmed;LAPTOP SILICONE Keyboard Cover Dust proof Smooth Touch Key Board Protector for Macbook Pro 13 14 16 M2 2023 A2780 A2779 / Air 15 13 M1 M2 A2941;MY1130E
11 Jul 2026 - 11 Jul 2026;MY1130E-2026-0711;11 Jul 2026;Payment Fee;-0.38;0.028;Released to My Balance;12 Jul 2026;;09 Jul 2026;506514005886129;506514006086129;DDC-LAC-KC-MbookPro/13(22)-CLR1;3568754734_MY-23399667021;0;NO;Confirmed;LAPTOP SILICONE Keyboard Cover Dust proof Smooth Touch Key Board Protector for Macbook Pro 13 14 16 M2 2023 A2780 A2779 / Air 15 13 M1 M2 A2941;MY1130E
11 Jul 2026 - 11 Jul 2026;MY1130E-2026-0711;11 Jul 2026;Item Price Credit;9.9;0;Released to My Balance;12 Jul 2026;;09 Jul 2026;506514005886129;506514006086129;DDC-LAC-KC-MbookPro/13(22)-CLR1;3568754734_MY-23399667021;0;NO;Confirmed;LAPTOP SILICONE Keyboard Cover Dust proof Smooth Touch Key Board Protector for Macbook Pro 13 14 16 M2 2023 A2780 A2779 / Air 15 13 M1 M2 A2941;MY1130E
11 Jul 2026 - 11 Jul 2026;MY1130E-2026-0711;11 Jul 2026;Commission;-1.65;0.1224;Released to My Balance;12 Jul 2026;;09 Jul 2026;506514005886129;506514005986129;DDC-LAC-KC-MbookPro/13(22)-BLK1;3568754734_MY-23399667022;0;NO;Confirmed;LAPTOP SILICONE Keyboard Cover Dust proof Smooth Touch Key Board Protector for Macbook Pro 13 14 16 M2 2023 A2780 A2779 / Air 15 13 M1 M2 A2941;MY1130E
11 Jul 2026 - 11 Jul 2026;MY1130E-2026-0711;11 Jul 2026;Payment Fee;-0.38;0.028;Released to My Balance;12 Jul 2026;;09 Jul 2026;506514005886129;506514005986129;DDC-LAC-KC-MbookPro/13(22)-BLK1;3568754734_MY-23399667022;0;NO;Confirmed;LAPTOP SILICONE Keyboard Cover Dust proof Smooth Touch Key Board Protector for Macbook Pro 13 14 16 M2 2023 A2780 A2779 / Air 15 13 M1 M2 A2941;MY1130E
11 Jul 2026 - 11 Jul 2026;MY1130E-2026-0711;11 Jul 2026;Item Price Credit;9.9;0;Released to My Balance;12 Jul 2026;;09 Jul 2026;506514005886129;506514005986129;DDC-LAC-KC-MbookPro/13(22)-BLK1;3568754734_MY-23399667022;0;NO;Confirmed;LAPTOP SILICONE Keyboard Cover Dust proof Smooth Touch Key Board Protector for Macbook Pro 13 14 16 M2 2023 A2780 A2779 / Air 15 13 M1 M2 A2941;MY1130E
11 Jul 2026 - 11 Jul 2026;MY1130E-2026-0711;11 Jul 2026;Commission;-4.83;0.3576;Released to My Balance;12 Jul 2026;;08 Jul 2026;506404629444058;506404629544058;GKK-PC-TIFF-ZFlip6-TTN;3185390737_MY-23672769508;0;NO;Confirmed;GKK TIFF Phone Case for Samsung Galaxy Z Flip 7 FE 7 6 5 4 3 Shockproof With Screen Protector Full Cover Casing;MY1130E
11 Jul 2026 - 11 Jul 2026;MY1130E-2026-0711;11 Jul 2026;Payment Fee;-1.03;0.076;Released to My Balance;12 Jul 2026;;08 Jul 2026;506404629444058;506404629544058;GKK-PC-TIFF-ZFlip6-TTN;3185390737_MY-23672769508;0;NO;Confirmed;GKK TIFF Phone Case for Samsung Galaxy Z Flip 7 FE 7 6 5 4 3 Shockproof With Screen Protector Full Cover Casing;MY1130E
11 Jul 2026 - 11 Jul 2026;MY1130E-2026-0711;11 Jul 2026;Item Price Credit;27.1;0;Released to My Balance;12 Jul 2026;;08 Jul 2026;506404629444058;506404629544058;GKK-PC-TIFF-ZFlip6-TTN;3185390737_MY-23672769508;0;NO;Confirmed;GKK TIFF Phone Case for Samsung Galaxy Z Flip 7 FE 7 6 5 4 3 Shockproof With Screen Protector Full Cover Casing;MY1130E
10 Jul 2026 - 10 Jul 2026;MY1130E-2026-0710;10 Jul 2026;Commission;-10.14;0.7512;Released to My Balance;11 Jul 2026;;07 Jul 2026;509569959431282;509569959531282;FRES-PC-CLAR-iP17Pro-BLU;4780964407_MY-26958467252;0;NO;Confirmed;FRESCOONE CLARION Series Clear Magnetic Phone Case for iPhone 17 Pro Max 17 Pro 17 Air TPU PC Cover Casing;MY1130E
10 Jul 2026 - 10 Jul 2026;MY1130E-2026-0710;10 Jul 2026;Payment Fee;-2.15;0.1592;Released to My Balance;11 Jul 2026;;07 Jul 2026;509569959431282;509569959531282;FRES-PC-CLAR-iP17Pro-BLU;4780964407_MY-26958467252;0;NO;Confirmed;FRESCOONE CLARION Series Clear Magnetic Phone Case for iPhone 17 Pro Max 17 Pro 17 Air TPU PC Cover Casing;MY1130E
10 Jul 2026 - 10 Jul 2026;MY1130E-2026-0710;10 Jul 2026;Item Price Credit;56.9;0;Released to My Balance;11 Jul 2026;;07 Jul 2026;509569959431282;509569959531282;FRES-PC-CLAR-iP17Pro-BLU;4780964407_MY-26958467252;0;NO;Confirmed;FRESCOONE CLARION Series Clear Magnetic Phone Case for iPhone 17 Pro Max 17 Pro 17 Air TPU PC Cover Casing;MY1130E
09 Jul 2026 - 09 Jul 2026;MY1130E-2026-0709;09 Jul 2026;Sponsored Affiliates;-2.76;0.2048;Released to My Balance;10 Jul 2026;Delivered;06 Jul 2026;509453107889641;509453107989641;FRES-PC-SL(MS)-iP17Pro-WHT;4732287365_MY-26589721423;0;NO;Confirmed;FRESCOONE SL (MAGNET) Series Liquid Silicone Phone Case for iPhone 17 Pro Max 17 Pro 17 16 Plus iPhone Air Cover Casing;MY1130E
08 Jul 2026 - 08 Jul 2026;MY1130E-2026-0708;08 Jul 2026;Commission;-7.61;0.564;Released to My Balance;09 Jul 2026;;07 Jul 2026;509541954848576;509541954948576;FRES-PC-AG-iP17ProMax;4735472378_MY-26612224619;0;NO;Confirmed;FRESCOONE AG Series Frosted Matte Clear Magnetic Phone Case for iPhone 17 16 15 14 Pro Max Pro Plus Air Cover Casing;MY1130E
08 Jul 2026 - 08 Jul 2026;MY1130E-2026-0708;08 Jul 2026;Payment Fee;-1.61;0.1192;Released to My Balance;09 Jul 2026;;07 Jul 2026;509541954848576;509541954948576;FRES-PC-AG-iP17ProMax;4735472378_MY-26612224619;0;NO;Confirmed;FRESCOONE AG Series Frosted Matte Clear Magnetic Phone Case for iPhone 17 16 15 14 Pro Max Pro Plus Air Cover Casing;MY1130E
08 Jul 2026 - 08 Jul 2026;MY1130E-2026-0708;08 Jul 2026;Item Price Credit;42.7;0;Released to My Balance;09 Jul 2026;;07 Jul 2026;509541954848576;509541954948576;FRES-PC-AG-iP17ProMax;4735472378_MY-26612224619;0;NO;Confirmed;FRESCOONE AG Series Frosted Matte Clear Magnetic Phone Case for iPhone 17 16 15 14 Pro Max Pro Plus Air Cover Casing;MY1130E
08 Jul 2026 - 08 Jul 2026;MY1130E-2026-0708;08 Jul 2026;Commission;-3.19;0.236;Released to My Balance;09 Jul 2026;;07 Jul 2026;506318466055283;506318466155283;7TREE-PC-SHI-Pixel9ProXL-TP;4285556081_MY-24207929486;0;NO;Confirmed;Hybrid Transparent Magnetic Phone Case for Google Pixel 10 9 Pro XL 10 9 Pro 9A Shockproof Cover Casing;MY1130E
08 Jul 2026 - 08 Jul 2026;MY1130E-2026-0708;08 Jul 2026;Payment Fee;-0.68;0.0504;Released to My Balance;09 Jul 2026;;07 Jul 2026;506318466055283;506318466155283;7TREE-PC-SHI-Pixel9ProXL-TP;4285556081_MY-24207929486;0;NO;Confirmed;Hybrid Transparent Magnetic Phone Case for Google Pixel 10 9 Pro XL 10 9 Pro 9A Shockproof Cover Casing;MY1130E
08 Jul 2026 - 08 Jul 2026;MY1130E-2026-0708;08 Jul 2026;Item Price Credit;17.9;0;Released to My Balance;09 Jul 2026;;07 Jul 2026;506318466055283;506318466155283;7TREE-PC-SHI-Pixel9ProXL-TP;4285556081_MY-24207929486;0;NO;Confirmed;Hybrid Transparent Magnetic Phone Case for Google Pixel 10 9 Pro XL 10 9 Pro 9A Shockproof Cover Casing;MY1130E
08 Jul 2026 - 08 Jul 2026;MY1130E-2026-0708;08 Jul 2026;Commission;-7.61;0.564;Released to My Balance;09 Jul 2026;;07 Jul 2026;506294884264627;506294884364627;FRES-PC-AG-iP17ProMax;4735472378_MY-26612224619;0;NO;Confirmed;FRESCOONE AG Series Frosted Matte Clear Magnetic Phone Case for iPhone 17 16 15 14 Pro Max Pro Plus Air Cover Casing;MY1130E
08 Jul 2026 - 08 Jul 2026;MY1130E-2026-0708;08 Jul 2026;Payment Fee;-1.68;0.1248;Released to My Balance;09 Jul 2026;;07 Jul 2026;506294884264627;506294884364627;FRES-PC-AG-iP17ProMax;4735472378_MY-26612224619;0;NO;Confirmed;FRESCOONE AG Series Frosted Matte Clear Magnetic Phone Case for iPhone 17 16 15 14 Pro Max Pro Plus Air Cover Casing;MY1130E
08 Jul 2026 - 08 Jul 2026;MY1130E-2026-0708;08 Jul 2026;Item Price Credit;42.7;0;Released to My Balance;09 Jul 2026;;07 Jul 2026;506294884264627;506294884364627;FRES-PC-AG-iP17ProMax;4735472378_MY-26612224619;0;NO;Confirmed;FRESCOONE AG Series Frosted Matte Clear Magnetic Phone Case for iPhone 17 16 15 14 Pro Max Pro Plus Air Cover Casing;MY1130E
08 Jul 2026 - 08 Jul 2026;MY1130E-2026-0708;08 Jul 2026;Commission;-7.61;0.564;Released to My Balance;09 Jul 2026;;06 Jul 2026;509453107889641;509453107989641;FRES-PC-SL(MS)-iP17Pro-WHT;4732287365_MY-26589721423;0;NO;Confirmed;FRESCOONE SL (MAGNET) Series Liquid Silicone Phone Case for iPhone 17 Pro Max 17 Pro 17 16 Plus iPhone Air Cover Casing;MY1130E
08 Jul 2026 - 08 Jul 2026;MY1130E-2026-0708;08 Jul 2026;Payment Fee;-1.61;0.1192;Released to My Balance;09 Jul 2026;;06 Jul 2026;509453107889641;509453107989641;FRES-PC-SL(MS)-iP17Pro-WHT;4732287365_MY-26589721423;0;NO;Confirmed;FRESCOONE SL (MAGNET) Series Liquid Silicone Phone Case for iPhone 17 Pro Max 17 Pro 17 16 Plus iPhone Air Cover Casing;MY1130E
08 Jul 2026 - 08 Jul 2026;MY1130E-2026-0708;08 Jul 2026;Item Price Credit;42.7;0;Released to My Balance;09 Jul 2026;;06 Jul 2026;509453107889641;509453107989641;FRES-PC-SL(MS)-iP17Pro-WHT;4732287365_MY-26589721423;0;NO;Confirmed;FRESCOONE SL (MAGNET) Series Liquid Silicone Phone Case for iPhone 17 Pro Max 17 Pro 17 16 Plus iPhone Air Cover Casing;MY1130E
07 Jul 2026 - 07 Jul 2026;MY1130E-2026-0707;07 Jul 2026;Commission;-2.68;0.1984;Released to My Balance;08 Jul 2026;;01 Jul 2026;509228335512521;509228335612521;DDC-WTF-AR-MbookAir/13(18)-CLR2;3055340869_MY-15898578081;0;NO;Confirmed;AR FILM Laptop Screen Protector Hydrogel Soft Cover for Macbook Pro 13 14 16 Air 13 15 M1 M2 M3 M4;MY1130E
07 Jul 2026 - 07 Jul 2026;MY1130E-2026-0707;07 Jul 2026;Payment Fee;-0.6;0.0448;Released to My Balance;08 Jul 2026;;01 Jul 2026;509228335512521;509228335612521;DDC-WTF-AR-MbookAir/13(18)-CLR2;3055340869_MY-15898578081;0;NO;Confirmed;AR FILM Laptop Screen Protector Hydrogel Soft Cover for Macbook Pro 13 14 16 Air 13 15 M1 M2 M3 M4;MY1130E
07 Jul 2026 - 07 Jul 2026;MY1130E-2026-0707;07 Jul 2026;Item Price Credit;16;0;Released to My Balance;08 Jul 2026;;01 Jul 2026;509228335512521;509228335612521;DDC-WTF-AR-MbookAir/13(18)-CLR2;3055340869_MY-15898578081;0;NO;Confirmed;AR FILM Laptop Screen Protector Hydrogel Soft Cover for Macbook Pro 13 14 16 Air 13 15 M1 M2 M3 M4;MY1130E
06 Jul 2026 - 06 Jul 2026;MY1130E-2026-0706;06 Jul 2026;Commission;-2.55;0.1888;Released to My Balance;07 Jul 2026;;04 Jul 2026;509355374877148;509355374977148;DDC-WTF-AR-MbookAir/13(18)-CLR;3055340869_MY-23399670143;0;NO;Confirmed;AR FILM Laptop Screen Protector Hydrogel Soft Cover for Macbook Pro 13 14 16 Air 13 15 M1 M2 M3 M4;MY1130E
06 Jul 2026 - 06 Jul 2026;MY1130E-2026-0706;06 Jul 2026;Payment Fee;-0.57;0.0424;Released to My Balance;07 Jul 2026;;04 Jul 2026;509355374877148;509355374977148;DDC-WTF-AR-MbookAir/13(18)-CLR;3055340869_MY-23399670143;0;NO;Confirmed;AR FILM Laptop Screen Protector Hydrogel Soft Cover for Macbook Pro 13 14 16 Air 13 15 M1 M2 M3 M4;MY1130E
06 Jul 2026 - 06 Jul 2026;MY1130E-2026-0706;06 Jul 2026;Item Price Credit;15.2;0;Released to My Balance;07 Jul 2026;;04 Jul 2026;509355374877148;509355374977148;DDC-WTF-AR-MbookAir/13(18)-CLR;3055340869_MY-23399670143;0;NO;Confirmed;AR FILM Laptop Screen Protector Hydrogel Soft Cover for Macbook Pro 13 14 16 Air 13 15 M1 M2 M3 M4;MY1130E
05 Jul 2026 - 05 Jul 2026;MY1130E-2026-0705;05 Jul 2026;Commission;-3.34;0.2472;Released to My Balance;06 Jul 2026;;27 Jun 2026;509055724752116;509055724852116;ZFRI-SP-GOR-i17Pro-PVC;3832505813_MY-26277806881;0;NO;Confirmed;FRESCO GORILLA Clear/Privacy Tempered Glass Screen Protector for iPhone 17 16 15 14 13 12 11 Pro Max Plus Air XS Max XR;MY1130E
05 Jul 2026 - 05 Jul 2026;MY1130E-2026-0705;05 Jul 2026;Payment Fee;-0.7;0.052;Released to My Balance;06 Jul 2026;;27 Jun 2026;509055724752116;509055724852116;ZFRI-SP-GOR-i17Pro-PVC;3832505813_MY-26277806881;0;NO;Confirmed;FRESCO GORILLA Clear/Privacy Tempered Glass Screen Protector for iPhone 17 16 15 14 13 12 11 Pro Max Plus Air XS Max XR;MY1130E
05 Jul 2026 - 05 Jul 2026;MY1130E-2026-0705;05 Jul 2026;Item Price Credit;18.7;0;Released to My Balance;06 Jul 2026;;27 Jun 2026;509055724752116;509055724852116;ZFRI-SP-GOR-i17Pro-PVC;3832505813_MY-26277806881;0;NO;Confirmed;FRESCO GORILLA Clear/Privacy Tempered Glass Screen Protector for iPhone 17 16 15 14 13 12 11 Pro Max Plus Air XS Max XR;MY1130E
05 Jul 2026 - 05 Jul 2026;MY1130E-2026-0705;05 Jul 2026;Commission;-8.45;0.6256;Released to My Balance;06 Jul 2026;;29 Jun 2026;509152907656057;509152907756057;FRES-PC-iPK360-iP16Pro-GRN;4835843880_MY-128235286465;0;NO;Confirmed;FRESCOONE CANDYGOGORING Series 360° Rotating Ring Stand Frosted Phone Case for iPhone 17 16 15 Pro Max Pro Cover Casing;MY1130E
05 Jul 2026 - 05 Jul 2026;MY1130E-2026-0705;05 Jul 2026;Payment Fee;-1.93;0.1432;Released to My Balance;06 Jul 2026;;29 Jun 2026;509152907656057;509152907756057;FRES-PC-iPK360-iP16Pro-GRN;4835843880_MY-128235286465;0;NO;Confirmed;FRESCOONE CANDYGOGORING Series 360° Rotating Ring Stand Frosted Phone Case for iPhone 17 16 15 Pro Max Pro Cover Casing;MY1130E
05 Jul 2026 - 05 Jul 2026;MY1130E-2026-0705;05 Jul 2026;Item Price Credit;47.4;0;Released to My Balance;06 Jul 2026;;29 Jun 2026;509152907656057;509152907756057;FRES-PC-iPK360-iP16Pro-GRN;4835843880_MY-128235286465;0;NO;Confirmed;FRESCOONE CANDYGOGORING Series 360° Rotating Ring Stand Frosted Phone Case for iPhone 17 16 15 Pro Max Pro Cover Casing;MY1130E
04 Jul 2026 - 04 Jul 2026;MY1130E-2026-0704;04 Jul 2026;Commission;-7.61;0.564;Released to My Balance;05 Jul 2026;;27 Jun 2026;509035990463363;509035990563363;FRES-PC-AG-iP17ProMax;4735472378_MY-26612224619;0;NO;Confirmed;FRESCOONE AG Series Frosted Matte Clear Magnetic Phone Case for iPhone 17 16 15 14 Pro Max Pro Plus Air Cover Casing;MY1130E
04 Jul 2026 - 04 Jul 2026;MY1130E-2026-0704;04 Jul 2026;Payment Fee;-1.81;0.1344;Released to My Balance;05 Jul 2026;;27 Jun 2026;509035990463363;509035990563363;FRES-PC-AG-iP17ProMax;4735472378_MY-26612224619;0;NO;Confirmed;FRESCOONE AG Series Frosted Matte Clear Magnetic Phone Case for iPhone 17 16 15 14 Pro Max Pro Plus Air Cover Casing;MY1130E
04 Jul 2026 - 04 Jul 2026;MY1130E-2026-0704;04 Jul 2026;Item Price Credit;42.7;0;Released to My Balance;05 Jul 2026;;27 Jun 2026;509035990463363;509035990563363;FRES-PC-AG-iP17ProMax;4735472378_MY-26612224619;0;NO;Confirmed;FRESCOONE AG Series Frosted Matte Clear Magnetic Phone Case for iPhone 17 16 15 14 Pro Max Pro Plus Air Cover Casing;MY1130E
04 Jul 2026 - 04 Jul 2026;MY1130E-2026-0704;04 Jul 2026;Commission;-6.54;0.4848;Released to My Balance;05 Jul 2026;;28 Jun 2026;509084982996141;509084983096141;KDZ-PC-STAN-ZFlip7-BLK;4193493080_MY-26699534098;0;NO;Confirmed;Magnetic RING STAND Flip Phone Case for Samsung Galaxy Z Flip 7 FE 7 6 5 Rotating Bracket Cover Casing;MY1130E
04 Jul 2026 - 04 Jul 2026;MY1130E-2026-0704;04 Jul 2026;Payment Fee;-1.6;0.1184;Released to My Balance;05 Jul 2026;;28 Jun 2026;509084982996141;509084983096141;KDZ-PC-STAN-ZFlip7-BLK;4193493080_MY-26699534098;0;NO;Confirmed;Magnetic RING STAND Flip Phone Case for Samsung Galaxy Z Flip 7 FE 7 6 5 Rotating Bracket Cover Casing;MY1130E
04 Jul 2026 - 04 Jul 2026;MY1130E-2026-0704;04 Jul 2026;Item Price Credit;36.7;0;Released to My Balance;05 Jul 2026;;28 Jun 2026;509084982996141;509084983096141;KDZ-PC-STAN-ZFlip7-BLK;4193493080_MY-26699534098;0;NO;Confirmed;Magnetic RING STAND Flip Phone Case for Samsung Galaxy Z Flip 7 FE 7 6 5 Rotating Bracket Cover Casing;MY1130E
04 Jul 2026 - 04 Jul 2026;MY1130E-2026-0704;04 Jul 2026;Commission;-2.66;0.1968;Released to My Balance;05 Jul 2026;;28 Jun 2026;509092948565186;509092948765186;ZFRI-SP-GOR-i15-CLR1;3832505813_MY-26277806864;0;NO;Confirmed;FRESCO GORILLA Clear/Privacy Tempered Glass Screen Protector for iPhone 17 16 15 14 13 12 11 Pro Max Plus Air XS Max XR;MY1130E
04 Jul 2026 - 04 Jul 2026;MY1130E-2026-0704;04 Jul 2026;Payment Fee;-0.56;0.0416;Released to My Balance;05 Jul 2026;;28 Jun 2026;509092948565186;509092948765186;ZFRI-SP-GOR-i15-CLR1;3832505813_MY-26277806864;0;NO;Confirmed;FRESCO GORILLA Clear/Privacy Tempered Glass Screen Protector for iPhone 17 16 15 14 13 12 11 Pro Max Plus Air XS Max XR;MY1130E
04 Jul 2026 - 04 Jul 2026;MY1130E-2026-0704;04 Jul 2026;Item Price Credit;14.9;0;Released to My Balance;05 Jul 2026;;28 Jun 2026;509092948565186;509092948765186;ZFRI-SP-GOR-i15-CLR1;3832505813_MY-26277806864;0;NO;Confirmed;FRESCO GORILLA Clear/Privacy Tempered Glass Screen Protector for iPhone 17 16 15 14 13 12 11 Pro Max Plus Air XS Max XR;MY1130E
04 Jul 2026 - 04 Jul 2026;MY1130E-2026-0704;04 Jul 2026;Commission;-2.66;0.1968;Released to My Balance;05 Jul 2026;;28 Jun 2026;509092948565186;509092948665186;ZFRI-SP-GOR-i15-CLR1;3832505813_MY-26277806864;0;NO;Confirmed;FRESCO GORILLA Clear/Privacy Tempered Glass Screen Protector for iPhone 17 16 15 14 13 12 11 Pro Max Plus Air XS Max XR;MY1130E
04 Jul 2026 - 04 Jul 2026;MY1130E-2026-0704;04 Jul 2026;Payment Fee;-0.56;0.0416;Released to My Balance;05 Jul 2026;;28 Jun 2026;509092948565186;509092948665186;ZFRI-SP-GOR-i15-CLR1;3832505813_MY-26277806864;0;NO;Confirmed;FRESCO GORILLA Clear/Privacy Tempered Glass Screen Protector for iPhone 17 16 15 14 13 12 11 Pro Max Plus Air XS Max XR;MY1130E
04 Jul 2026 - 04 Jul 2026;MY1130E-2026-0704;04 Jul 2026;Item Price Credit;14.9;0;Released to My Balance;05 Jul 2026;;28 Jun 2026;509092948565186;509092948665186;ZFRI-SP-GOR-i15-CLR1;3832505813_MY-26277806864;0;NO;Confirmed;FRESCO GORILLA Clear/Privacy Tempered Glass Screen Protector for iPhone 17 16 15 14 13 12 11 Pro Max Plus Air XS Max XR;MY1130E
04 Jul 2026 - 04 Jul 2026;MY1130E-2026-0704;04 Jul 2026;Commission;-6.54;0.4848;Released to My Balance;05 Jul 2026;;29 Jun 2026;505888602562095;505888602662095;KDZ-PC-STAN-S24Ultra-BLK;3755433141_MY-21283674970;0;NO;Confirmed;Magnetic 360° Ring Clear Case for Samsung Galaxy S26 S25 S24 S23 Ultra S23 Plus Stand Phone Holder Cover Casing;MY1130E
04 Jul 2026 - 04 Jul 2026;MY1130E-2026-0704;04 Jul 2026;Payment Fee;-1.38;0.1024;Released to My Balance;05 Jul 2026;;29 Jun 2026;505888602562095;505888602662095;KDZ-PC-STAN-S24Ultra-BLK;3755433141_MY-21283674970;0;NO;Confirmed;Magnetic 360° Ring Clear Case for Samsung Galaxy S26 S25 S24 S23 Ultra S23 Plus Stand Phone Holder Cover Casing;MY1130E
04 Jul 2026 - 04 Jul 2026;MY1130E-2026-0704;04 Jul 2026;Item Price Credit;36.7;0;Released to My Balance;05 Jul 2026;;29 Jun 2026;505888602562095;505888602662095;KDZ-PC-STAN-S24Ultra-BLK;3755433141_MY-21283674970;0;NO;Confirmed;Magnetic 360° Ring Clear Case for Samsung Galaxy S26 S25 S24 S23 Ultra S23 Plus Stand Phone Holder Cover Casing;MY1130E
02 Jul 2026 - 02 Jul 2026;MY1130E-2026-0702;02 Jul 2026;Commission;-11.74;0.8696;Released to My Balance;03 Jul 2026;;01 Jul 2026;506007207640892;506007207740892;GKK-PC-MSTAND-MagicV2-BLK;3743484963_MY-25597626481;0;NO;Confirmed;GKK Magnetic Stand Full Fold Phone Case for Honor Magic V2 VS Kick Stand Shockproof Cover Casing with Screen Protector;MY1130E
02 Jul 2026 - 02 Jul 2026;MY1130E-2026-0702;02 Jul 2026;Payment Fee;-2.55;0.1888;Released to My Balance;03 Jul 2026;;01 Jul 2026;506007207640892;506007207740892;GKK-PC-MSTAND-MagicV2-BLK;3743484963_MY-25597626481;0;NO;Confirmed;GKK Magnetic Stand Full Fold Phone Case for Honor Magic V2 VS Kick Stand Shockproof Cover Casing with Screen Protector;MY1130E
02 Jul 2026 - 02 Jul 2026;MY1130E-2026-0702;02 Jul 2026;Item Price Credit;65.9;0;Released to My Balance;03 Jul 2026;;01 Jul 2026;506007207640892;506007207740892;GKK-PC-MSTAND-MagicV2-BLK;3743484963_MY-25597626481;0;NO;Confirmed;GKK Magnetic Stand Full Fold Phone Case for Honor Magic V2 VS Kick Stand Shockproof Cover Casing with Screen Protector;MY1130E
30 Jun 2026 - 30 Jun 2026;MY1130E-2026-0630;30 Jun 2026;Commission;-6.75;0.5;Released to My Balance;01 Jul 2026;;25 Jun 2026;505674402140155;505674402440155;FRES-PC-SL-iP17ProMax-CYA;4717713102_MY-26464110417;0;NO;Confirmed;FRESCOONE SL Series Liquid Silicone Phone Case for iPhone 17 Pro Max 17 Pro 17 16 Plus iPhone Air Cover Casing;MY1130E
30 Jun 2026 - 30 Jun 2026;MY1130E-2026-0630;30 Jun 2026;Payment Fee;-1.92;0.1424;Released to My Balance;01 Jul 2026;;25 Jun 2026;505674402140155;505674402440155;FRES-PC-SL-iP17ProMax-CYA;4717713102_MY-26464110417;0;NO;Confirmed;FRESCOONE SL Series Liquid Silicone Phone Case for iPhone 17 Pro Max 17 Pro 17 16 Plus iPhone Air Cover Casing;MY1130E
30 Jun 2026 - 30 Jun 2026;MY1130E-2026-0630;30 Jun 2026;Item Price Credit;37.9;0;Released to My Balance;01 Jul 2026;;25 Jun 2026;505674402140155;505674402440155;FRES-PC-SL-iP17ProMax-CYA;4717713102_MY-26464110417;0;NO;Confirmed;FRESCOONE SL Series Liquid Silicone Phone Case for iPhone 17 Pro Max 17 Pro 17 16 Plus iPhone Air Cover Casing;MY1130E
30 Jun 2026 - 30 Jun 2026;MY1130E-2026-0630;30 Jun 2026;Commission;-6.75;0.5;Released to My Balance;01 Jul 2026;;25 Jun 2026;505674402140155;505674402340155;FRES-PC-SL-iP17Pro-PRP;4717713102_MY-26464110422;0;NO;Confirmed;FRESCOONE SL Series Liquid Silicone Phone Case for iPhone 17 Pro Max 17 Pro 17 16 Plus iPhone Air Cover Casing;MY1130E
30 Jun 2026 - 30 Jun 2026;MY1130E-2026-0630;30 Jun 2026;Payment Fee;-1.92;0.1424;Released to My Balance;01 Jul 2026;;25 Jun 2026;505674402140155;505674402340155;FRES-PC-SL-iP17Pro-PRP;4717713102_MY-26464110422;0;NO;Confirmed;FRESCOONE SL Series Liquid Silicone Phone Case for iPhone 17 Pro Max 17 Pro 17 16 Plus iPhone Air Cover Casing;MY1130E
30 Jun 2026 - 30 Jun 2026;MY1130E-2026-0630;30 Jun 2026;Item Price Credit;37.9;0;Released to My Balance;01 Jul 2026;;25 Jun 2026;505674402140155;505674402340155;FRES-PC-SL-iP17Pro-PRP;4717713102_MY-26464110422;0;NO;Confirmed;FRESCOONE SL Series Liquid Silicone Phone Case for iPhone 17 Pro Max 17 Pro 17 16 Plus iPhone Air Cover Casing;MY1130E
30 Jun 2026 - 30 Jun 2026;MY1130E-2026-0630;30 Jun 2026;Commission;-7.61;0.564;Released to My Balance;01 Jul 2026;;25 Jun 2026;505674402140155;505674402240155;FRES-PC-AG-iP17Pro;4735472378_MY-26612224620;0;NO;Confirmed;FRESCOONE AG Series Frosted Matte Clear Magnetic Phone Case for iPhone 17 16 15 14 Pro Max Pro Plus Air Cover Casing;MY1130E
30 Jun 2026 - 30 Jun 2026;MY1130E-2026-0630;30 Jun 2026;Payment Fee;-2.16;0.16;Released to My Balance;01 Jul 2026;;25 Jun 2026;505674402140155;505674402240155;FRES-PC-AG-iP17Pro;4735472378_MY-26612224620;0;NO;Confirmed;FRESCOONE AG Series Frosted Matte Clear Magnetic Phone Case for iPhone 17 16 15 14 Pro Max Pro Plus Air Cover Casing;MY1130E
30 Jun 2026 - 30 Jun 2026;MY1130E-2026-0630;30 Jun 2026;Item Price Credit;42.7;0;Released to My Balance;01 Jul 2026;;25 Jun 2026;505674402140155;505674402240155;FRES-PC-AG-iP17Pro;4735472378_MY-26612224620;0;NO;Confirmed;FRESCOONE AG Series Frosted Matte Clear Magnetic Phone Case for iPhone 17 16 15 14 Pro Max Pro Plus Air Cover Casing;MY1130E
30 Jun 2026 - 30 Jun 2026;MY1130E-2026-0630;30 Jun 2026;Commission;-7.61;0.564;Released to My Balance;01 Jul 2026;;24 Jun 2026;508859578364273;508859578464273;FRES-PC-SD(MS)-i16Pro-GRY;4775689753_MY-27445211135;0;NO;Confirmed;FRESCOONE SD (MAGNET) Series Liquid Silicone Phone Case  for iPhone 17 16 Pro Max Pro iPhone Air Cover Casing;MY1130E
30 Jun 2026 - 30 Jun 2026;MY1130E-2026-0630;30 Jun 2026;Payment Fee;-1.81;0.1344;Released to My Balance;01 Jul 2026;;24 Jun 2026;508859578364273;508859578464273;FRES-PC-SD(MS)-i16Pro-GRY;4775689753_MY-27445211135;0;NO;Confirmed;FRESCOONE SD (MAGNET) Series Liquid Silicone Phone Case  for iPhone 17 16 Pro Max Pro iPhone Air Cover Casing;MY1130E
30 Jun 2026 - 30 Jun 2026;MY1130E-2026-0630;30 Jun 2026;Item Price Credit;42.7;0;Released to My Balance;01 Jul 2026;;24 Jun 2026;508859578364273;508859578464273;FRES-PC-SD(MS)-i16Pro-GRY;4775689753_MY-27445211135;0;NO;Confirmed;FRESCOONE SD (MAGNET) Series Liquid Silicone Phone Case  for iPhone 17 16 Pro Max Pro iPhone Air Cover Casing;MY1130E
28 Jun 2026 - 28 Jun 2026;MY1130E-2026-0628;28 Jun 2026;Commission;-2.55;0.1888;Released to My Balance;29 Jun 2026;;24 Jun 2026;508833542626662;508833542726662;DDC-WTF-AR-MbookAir/13(22)-CLR;3055340869_MY-16086463658;0;NO;Confirmed;AR FILM Laptop Screen Protector Hydrogel Soft Cover for Macbook Pro 13 14 16 Air 13 15 M1 M2 M3 M4;MY1130E
28 Jun 2026 - 28 Jun 2026;MY1130E-2026-0628;28 Jun 2026;Payment Fee;-0.57;0.0424;Released to My Balance;29 Jun 2026;;24 Jun 2026;508833542626662;508833542726662;DDC-WTF-AR-MbookAir/13(22)-CLR;3055340869_MY-16086463658;0;NO;Confirmed;AR FILM Laptop Screen Protector Hydrogel Soft Cover for Macbook Pro 13 14 16 Air 13 15 M1 M2 M3 M4;MY1130E
28 Jun 2026 - 28 Jun 2026;MY1130E-2026-0628;28 Jun 2026;Item Price Credit;15.2;0;Released to My Balance;29 Jun 2026;;24 Jun 2026;508833542626662;508833542726662;DDC-WTF-AR-MbookAir/13(22)-CLR;3055340869_MY-16086463658;0;NO;Confirmed;AR FILM Laptop Screen Protector Hydrogel Soft Cover for Macbook Pro 13 14 16 Air 13 15 M1 M2 M3 M4;MY1130E
27 Jun 2026 - 27 Jun 2026;MY1130E-2026-0627;27 Jun 2026;Commission;-3.43;0.2544;Released to My Balance;28 Jun 2026;;20 Jun 2026;505444860204461;505444860304461;GKK-PC-AIR2(MS)-ZFlip5-CLR;3825904931_MY-22161575597;0;NO;Confirmed;GKK FULL AIR GUARD Transparent Phone Case for Samsung Galaxy Z Flip 7 FE 7 6 5 Magnetic Shockproof Cover Casing;MY1130E
27 Jun 2026 - 27 Jun 2026;MY1130E-2026-0627;27 Jun 2026;Payment Fee;-0.93;0.0688;Released to My Balance;28 Jun 2026;;20 Jun 2026;505444860204461;505444860304461;GKK-PC-AIR2(MS)-ZFlip5-CLR;3825904931_MY-22161575597;0;NO;Confirmed;GKK FULL AIR GUARD Transparent Phone Case for Samsung Galaxy Z Flip 7 FE 7 6 5 Magnetic Shockproof Cover Casing;MY1130E
27 Jun 2026 - 27 Jun 2026;MY1130E-2026-0627;27 Jun 2026;Item Price Credit;19.3;0;Released to My Balance;28 Jun 2026;;20 Jun 2026;505444860204461;505444860304461;GKK-PC-AIR2(MS)-ZFlip5-CLR;3825904931_MY-22161575597;0;NO;Confirmed;GKK FULL AIR GUARD Transparent Phone Case for Samsung Galaxy Z Flip 7 FE 7 6 5 Magnetic Shockproof Cover Casing;MY1130E
26 Jun 2026 - 26 Jun 2026;MY1130E-2026-0626;26 Jun 2026;Commission;-4.56;0.3376;Released to My Balance;27 Jun 2026;;24 Jun 2026;508868501882740;508868501982740;DUX-PC-FLIP-S/A17-BLU;938018624_MY-26762119639;0;NO;Confirmed;DUX SKINPRO Flip Phone Case for Samsung Galaxy A17 A36 A55 A35 A25 A52/ A52 S 4G 5G;MY1130E
26 Jun 2026 - 26 Jun 2026;MY1130E-2026-0626;26 Jun 2026;Payment Fee;-0.97;0.072;Released to My Balance;27 Jun 2026;;24 Jun 2026;508868501882740;508868501982740;DUX-PC-FLIP-S/A17-BLU;938018624_MY-26762119639;0;NO;Confirmed;DUX SKINPRO Flip Phone Case for Samsung Galaxy A17 A36 A55 A35 A25 A52/ A52 S 4G 5G;MY1130E
26 Jun 2026 - 26 Jun 2026;MY1130E-2026-0626;26 Jun 2026;Item Price Credit;25.6;0;Released to My Balance;27 Jun 2026;;24 Jun 2026;508868501882740;508868501982740;DUX-PC-FLIP-S/A17-BLU;938018624_MY-26762119639;0;NO;Confirmed;DUX SKINPRO Flip Phone Case for Samsung Galaxy A17 A36 A55 A35 A25 A52/ A52 S 4G 5G;MY1130E
24 Jun 2026 - 24 Jun 2026;MY1130E-2026-0624;24 Jun 2026;Commission;-4.86;0.36;Released to My Balance;25 Jun 2026;;21 Jun 2026;508734542932544;508734543032544;7TREE-PC-SHI(MS)-Pixel10ProXL-TP;4285556081_MY-26854955546;0;NO;Confirmed;Hybrid Transparent Magnetic Phone Case for Google Pixel 10 9 Pro XL 10 9 Pro 9A Shockproof Cover Casing;MY1130E
24 Jun 2026 - 24 Jun 2026;MY1130E-2026-0624;24 Jun 2026;Payment Fee;-1.04;0.0768;Released to My Balance;25 Jun 2026;;21 Jun 2026;508734542932544;508734543032544;7TREE-PC-SHI(MS)-Pixel10ProXL-TP;4285556081_MY-26854955546;0;NO;Confirmed;Hybrid Transparent Magnetic Phone Case for Google Pixel 10 9 Pro XL 10 9 Pro 9A Shockproof Cover Casing;MY1130E
24 Jun 2026 - 24 Jun 2026;MY1130E-2026-0624;24 Jun 2026;Item Price Credit;27.3;0;Released to My Balance;25 Jun 2026;;21 Jun 2026;508734542932544;508734543032544;7TREE-PC-SHI(MS)-Pixel10ProXL-TP;4285556081_MY-26854955546;0;NO;Confirmed;Hybrid Transparent Magnetic Phone Case for Google Pixel 10 9 Pro XL 10 9 Pro 9A Shockproof Cover Casing;MY1130E
24 Jun 2026 - 24 Jun 2026;MY1130E-2026-0624;24 Jun 2026;Commission;-2.74;0.2032;Released to My Balance;25 Jun 2026;;21 Jun 2026;508729548614295;508729548714295;GKK-PC-AIR2-ZFlip6-CLR;3825904931_MY-23700802619;0;NO;Confirmed;GKK FULL AIR GUARD Transparent Phone Case for Samsung Galaxy Z Flip 7 FE 7 6 5 Magnetic Shockproof Cover Casing;MY1130E
24 Jun 2026 - 24 Jun 2026;MY1130E-2026-0624;24 Jun 2026;Payment Fee;-0.78;0.0576;Released to My Balance;25 Jun 2026;;21 Jun 2026;508729548614295;508729548714295;GKK-PC-AIR2-ZFlip6-CLR;3825904931_MY-23700802619;0;NO;Confirmed;GKK FULL AIR GUARD Transparent Phone Case for Samsung Galaxy Z Flip 7 FE 7 6 5 Magnetic Shockproof Cover Casing;MY1130E
24 Jun 2026 - 24 Jun 2026;MY1130E-2026-0624;24 Jun 2026;Item Price Credit;15.4;0;Released to My Balance;25 Jun 2026;;21 Jun 2026;508729548614295;508729548714295;GKK-PC-AIR2-ZFlip6-CLR;3825904931_MY-23700802619;0;NO;Confirmed;GKK FULL AIR GUARD Transparent Phone Case for Samsung Galaxy Z Flip 7 FE 7 6 5 Magnetic Shockproof Cover Casing;MY1130E
24 Jun 2026 - 24 Jun 2026;MY1130E-2026-0624;24 Jun 2026;Commission;-4.86;0.36;Released to My Balance;25 Jun 2026;;21 Jun 2026;508724142012735;508724142112735;7TREE-PC-SHI(MS)-Honor200Pro-BLK;3817515903_MY-23363684515;0;NO;Confirmed;HYBRID Clear/Matte Magnetic Phone Case for Honor X9D X9C Smart 200 Pro 90 Magic 8 7 6 5 Pro Shockproof Cover Casing;MY1130E
24 Jun 2026 - 24 Jun 2026;MY1130E-2026-0624;24 Jun 2026;Payment Fee;-1.04;0.0768;Released to My Balance;25 Jun 2026;;21 Jun 2026;508724142012735;508724142112735;7TREE-PC-SHI(MS)-Honor200Pro-BLK;3817515903_MY-23363684515;0;NO;Confirmed;HYBRID Clear/Matte Magnetic Phone Case for Honor X9D X9C Smart 200 Pro 90 Magic 8 7 6 5 Pro Shockproof Cover Casing;MY1130E
24 Jun 2026 - 24 Jun 2026;MY1130E-2026-0624;24 Jun 2026;Item Price Credit;27.3;0;Released to My Balance;25 Jun 2026;;21 Jun 2026;508724142012735;508724142112735;7TREE-PC-SHI(MS)-Honor200Pro-BLK;3817515903_MY-23363684515;0;NO;Confirmed;HYBRID Clear/Matte Magnetic Phone Case for Honor X9D X9C Smart 200 Pro 90 Magic 8 7 6 5 Pro Shockproof Cover Casing;MY1130E
23 Jun 2026 - 23 Jun 2026;MY1130E-2026-0623;23 Jun 2026;Commission;-2.8;0.2072;Released to My Balance;24 Jun 2026;;21 Jun 2026;505458249924462;505458250224462;ZFRI-SP-GOR-i17ProMax-CLR;3832505813_MY-26277806856;0;NO;Confirmed;FRESCO GORILLA Clear/Privacy Tempered Glass Screen Protector for iPhone 17 16 15 14 13 12 11 Pro Max Plus Air XS Max XR;MY1130E
23 Jun 2026 - 23 Jun 2026;MY1130E-2026-0623;23 Jun 2026;Payment Fee;-0.66;0.0488;Released to My Balance;24 Jun 2026;;21 Jun 2026;505458249924462;505458250224462;ZFRI-SP-GOR-i17ProMax-CLR;3832505813_MY-26277806856;0;NO;Confirmed;FRESCO GORILLA Clear/Privacy Tempered Glass Screen Protector for iPhone 17 16 15 14 13 12 11 Pro Max Plus Air XS Max XR;MY1130E
23 Jun 2026 - 23 Jun 2026;MY1130E-2026-0623;23 Jun 2026;Item Price Credit;15.7;0;Released to My Balance;24 Jun 2026;;21 Jun 2026;505458249924462;505458250224462;ZFRI-SP-GOR-i17ProMax-CLR;3832505813_MY-26277806856;0;NO;Confirmed;FRESCO GORILLA Clear/Privacy Tempered Glass Screen Protector for iPhone 17 16 15 14 13 12 11 Pro Max Plus Air XS Max XR;MY1130E
23 Jun 2026 - 23 Jun 2026;MY1130E-2026-0623;23 Jun 2026;Commission;-2.8;0.2072;Released to My Balance;24 Jun 2026;;21 Jun 2026;505458249924462;505458250124462;ZFRI-SP-GOR-i17ProMax-CLR;3832505813_MY-26277806856;0;NO;Confirmed;FRESCO GORILLA Clear/Privacy Tempered Glass Screen Protector for iPhone 17 16 15 14 13 12 11 Pro Max Plus Air XS Max XR;MY1130E
23 Jun 2026 - 23 Jun 2026;MY1130E-2026-0623;23 Jun 2026;Payment Fee;-0.66;0.0488;Released to My Balance;24 Jun 2026;;21 Jun 2026;505458249924462;505458250124462;ZFRI-SP-GOR-i17ProMax-CLR;3832505813_MY-26277806856;0;NO;Confirmed;FRESCO GORILLA Clear/Privacy Tempered Glass Screen Protector for iPhone 17 16 15 14 13 12 11 Pro Max Plus Air XS Max XR;MY1130E
23 Jun 2026 - 23 Jun 2026;MY1130E-2026-0623;23 Jun 2026;Item Price Credit;15.7;0;Released to My Balance;24 Jun 2026;;21 Jun 2026;505458249924462;505458250124462;ZFRI-SP-GOR-i17ProMax-CLR;3832505813_MY-26277806856;0;NO;Confirmed;FRESCO GORILLA Clear/Privacy Tempered Glass Screen Protector for iPhone 17 16 15 14 13 12 11 Pro Max Plus Air XS Max XR;MY1130E
23 Jun 2026 - 23 Jun 2026;MY1130E-2026-0623;23 Jun 2026;Commission;-2.8;0.2072;Released to My Balance;24 Jun 2026;;21 Jun 2026;505458249924462;505458250024462;ZFRI-SP-GOR-i17ProMax-CLR;3832505813_MY-26277806856;0;NO;Confirmed;FRESCO GORILLA Clear/Privacy Tempered Glass Screen Protector for iPhone 17 16 15 14 13 12 11 Pro Max Plus Air XS Max XR;MY1130E
23 Jun 2026 - 23 Jun 2026;MY1130E-2026-0623;23 Jun 2026;Payment Fee;-0.66;0.0488;Released to My Balance;24 Jun 2026;;21 Jun 2026;505458249924462;505458250024462;ZFRI-SP-GOR-i17ProMax-CLR;3832505813_MY-26277806856;0;NO;Confirmed;FRESCO GORILLA Clear/Privacy Tempered Glass Screen Protector for iPhone 17 16 15 14 13 12 11 Pro Max Plus Air XS Max XR;MY1130E
23 Jun 2026 - 23 Jun 2026;MY1130E-2026-0623;23 Jun 2026;Item Price Credit;15.7;0;Released to My Balance;24 Jun 2026;;21 Jun 2026;505458249924462;505458250024462;ZFRI-SP-GOR-i17ProMax-CLR;3832505813_MY-26277806856;0;NO;Confirmed;FRESCO GORILLA Clear/Privacy Tempered Glass Screen Protector for iPhone 17 16 15 14 13 12 11 Pro Max Plus Air XS Max XR;MY1130E
23 Jun 2026 - 23 Jun 2026;MY1130E-2026-0623;23 Jun 2026;Commission;-4.86;0.36;Released to My Balance;24 Jun 2026;;21 Jun 2026;508703591724966;508703591824966;7TREE-PC-SHI(MS)-Pixel10/10Pro-BLK;4285556081_MY-26854955549;0;NO;Confirmed;Hybrid Transparent Magnetic Phone Case for Google Pixel 10 9 Pro XL 10 9 Pro 9A Shockproof Cover Casing;MY1130E
23 Jun 2026 - 23 Jun 2026;MY1130E-2026-0623;23 Jun 2026;Payment Fee;-1.12;0.0832;Released to My Balance;24 Jun 2026;;21 Jun 2026;508703591724966;508703591824966;7TREE-PC-SHI(MS)-Pixel10/10Pro-BLK;4285556081_MY-26854955549;0;NO;Confirmed;Hybrid Transparent Magnetic Phone Case for Google Pixel 10 9 Pro XL 10 9 Pro 9A Shockproof Cover Casing;MY1130E
23 Jun 2026 - 23 Jun 2026;MY1130E-2026-0623;23 Jun 2026;Item Price Credit;27.3;0;Released to My Balance;24 Jun 2026;;21 Jun 2026;508703591724966;508703591824966;7TREE-PC-SHI(MS)-Pixel10/10Pro-BLK;4285556081_MY-26854955549;0;NO;Confirmed;Hybrid Transparent Magnetic Phone Case for Google Pixel 10 9 Pro XL 10 9 Pro 9A Shockproof Cover Casing;MY1130E
21 Jun 2026 - 21 Jun 2026;MY1130E-2026-0621;21 Jun 2026;Commission;-2.69;0.1992;Released to My Balance;22 Jun 2026;;18 Jun 2026;505324238774095;505324238874095;ZFRI-CL-FULLG-17ProMax-BLU;4855262241_MY-27624802328;0;NO;Confirmed;Alloy Metal Full Cover Camera Lens Protector for iPhone 17 Pro Max 17 Pro Mobile Lens Film;MY1130E
21 Jun 2026 - 21 Jun 2026;MY1130E-2026-0621;21 Jun 2026;Payment Fee;-0.57;0.0424;Released to My Balance;22 Jun 2026;;18 Jun 2026;505324238774095;505324238874095;ZFRI-CL-FULLG-17ProMax-BLU;4855262241_MY-27624802328;0;NO;Confirmed;Alloy Metal Full Cover Camera Lens Protector for iPhone 17 Pro Max 17 Pro Mobile Lens Film;MY1130E
21 Jun 2026 - 21 Jun 2026;MY1130E-2026-0621;21 Jun 2026;Item Price Credit;15.1;0;Released to My Balance;22 Jun 2026;;18 Jun 2026;505324238774095;505324238874095;ZFRI-CL-FULLG-17ProMax-BLU;4855262241_MY-27624802328;0;NO;Confirmed;Alloy Metal Full Cover Camera Lens Protector for iPhone 17 Pro Max 17 Pro Mobile Lens Film;MY1130E
20 Jun 2026 - 20 Jun 2026;MY1130E-2026-0620;20 Jun 2026;Commission;-4.86;0.36;Released to My Balance;21 Jun 2026;;18 Jun 2026;508580731024101;508580731124101;7TREE-PC-SHI(MS)-Pixel9Pro-BLK;4285556081_MY-24207929491;0;NO;Confirmed;Hybrid Transparent Magnetic Phone Case for Google Pixel 10 9 Pro XL 10 9 Pro 9A Shockproof Cover Casing;MY1130E
20 Jun 2026 - 20 Jun 2026;MY1130E-2026-0620;20 Jun 2026;Payment Fee;-1.12;0.0832;Released to My Balance;21 Jun 2026;;18 Jun 2026;508580731024101;508580731124101;7TREE-PC-SHI(MS)-Pixel9Pro-BLK;4285556081_MY-24207929491;0;NO;Confirmed;Hybrid Transparent Magnetic Phone Case for Google Pixel 10 9 Pro XL 10 9 Pro 9A Shockproof Cover Casing;MY1130E
20 Jun 2026 - 20 Jun 2026;MY1130E-2026-0620;20 Jun 2026;Item Price Credit;27.3;0;Released to My Balance;21 Jun 2026;;18 Jun 2026;508580731024101;508580731124101;7TREE-PC-SHI(MS)-Pixel9Pro-BLK;4285556081_MY-24207929491;0;NO;Confirmed;Hybrid Transparent Magnetic Phone Case for Google Pixel 10 9 Pro XL 10 9 Pro 9A Shockproof Cover Casing;MY1130E
20 Jun 2026 - 20 Jun 2026;MY1130E-2026-0620;20 Jun 2026;Commission;-2.74;0.2032;Released to My Balance;21 Jun 2026;;14 Jun 2026;505112800912622;505112801012622;GKK-PC-AIR2-ZFlip6-BLK;3825904931_MY-23700802622;0;NO;Confirmed;GKK FULL AIR GUARD Transparent Phone Case for Samsung Galaxy Z Flip 7 FE 7 6 5 Magnetic Shockproof Cover Casing;MY1130E
20 Jun 2026 - 20 Jun 2026;MY1130E-2026-0620;20 Jun 2026;Payment Fee;-0.73;0.0544;Released to My Balance;21 Jun 2026;;14 Jun 2026;505112800912622;505112801012622;GKK-PC-AIR2-ZFlip6-BLK;3825904931_MY-23700802622;0;NO;Confirmed;GKK FULL AIR GUARD Transparent Phone Case for Samsung Galaxy Z Flip 7 FE 7 6 5 Magnetic Shockproof Cover Casing;MY1130E
20 Jun 2026 - 20 Jun 2026;MY1130E-2026-0620;20 Jun 2026;Item Price Credit;15.4;0;Released to My Balance;21 Jun 2026;;14 Jun 2026;505112800912622;505112801012622;GKK-PC-AIR2-ZFlip6-BLK;3825904931_MY-23700802622;0;NO;Confirmed;GKK FULL AIR GUARD Transparent Phone Case for Samsung Galaxy Z Flip 7 FE 7 6 5 Magnetic Shockproof Cover Casing;MY1130E
19 Jun 2026 - 19 Jun 2026;MY1130E-2026-0619;19 Jun 2026;Commission;-0.79;0.0584;Released to My Balance;20 Jun 2026;;15 Jun 2026;505155428070875;505155428270875;OEM-CL-YITI-S23-CLR;494128859_MY-18192703748;0;NO;Confirmed;CAMERA GLASS Lens Front Screen Protector for Samsung Galaxy Z Flip 6 5 4 3 / Z Fold 6 5 4 / S24 Plus S23 Ultra Plus;MY1130E
19 Jun 2026 - 19 Jun 2026;MY1130E-2026-0619;19 Jun 2026;Payment Fee;-0.16;0.012;Released to My Balance;20 Jun 2026;;15 Jun 2026;505155428070875;505155428270875;OEM-CL-YITI-S23-CLR;494128859_MY-18192703748;0;NO;Confirmed;CAMERA GLASS Lens Front Screen Protector for Samsung Galaxy Z Flip 6 5 4 3 / Z Fold 6 5 4 / S24 Plus S23 Ultra Plus;MY1130E
19 Jun 2026 - 19 Jun 2026;MY1130E-2026-0619;19 Jun 2026;Item Price Credit;4.4;0;Released to My Balance;20 Jun 2026;;15 Jun 2026;505155428070875;505155428270875;OEM-CL-YITI-S23-CLR;494128859_MY-18192703748;0;NO;Confirmed;CAMERA GLASS Lens Front Screen Protector for Samsung Galaxy Z Flip 6 5 4 3 / Z Fold 6 5 4 / S24 Plus S23 Ultra Plus;MY1130E
19 Jun 2026 - 19 Jun 2026;MY1130E-2026-0619;19 Jun 2026;Commission;-12.2;0.904;Released to My Balance;20 Jun 2026;;15 Jun 2026;505155428070875;505155428170875;GKK-PC-STAND(MS)-MagicV5-BLK;4761502266_MY-26816456565;0;NO;Confirmed;Standing Magnetic Phone Case for Honor Magic V5 PC with Tempered Glass Screen Shockproof Cover Casing;MY1130E
19 Jun 2026 - 19 Jun 2026;MY1130E-2026-0619;19 Jun 2026;Payment Fee;-2.59;0.192;Released to My Balance;20 Jun 2026;;15 Jun 2026;505155428070875;505155428170875;GKK-PC-STAND(MS)-MagicV5-BLK;4761502266_MY-26816456565;0;NO;Confirmed;Standing Magnetic Phone Case for Honor Magic V5 PC with Tempered Glass Screen Shockproof Cover Casing;MY1130E
19 Jun 2026 - 19 Jun 2026;MY1130E-2026-0619;19 Jun 2026;Item Price Credit;68.5;0;Released to My Balance;20 Jun 2026;;15 Jun 2026;505155428070875;505155428170875;GKK-PC-STAND(MS)-MagicV5-BLK;4761502266_MY-26816456565;0;NO;Confirmed;Standing Magnetic Phone Case for Honor Magic V5 PC with Tempered Glass Screen Shockproof Cover Casing;MY1130E
18 Jun 2026 - 18 Jun 2026;MY1130E-2026-0618;18 Jun 2026;Payment Fee Credit;1.44;0.1064;Released to My Balance;19 Jun 2026;Payment fee refund due to return with Change of Mind.;05 Jun 2026;504495051865308;504495051965308;KDZ-PC-STAN-ZFlip5-BLK;4193493080_MY-23762231369;0;NO;Returned;Magnetic RING STAND Flip Phone Case for Samsung Galaxy Z Flip 7 FE 7 6 5 Rotating Bracket Cover Casing;MY1130E
18 Jun 2026 - 18 Jun 2026;MY1130E-2026-0618;18 Jun 2026;Reversal Commission;6.54;0.4848;Released to My Balance;19 Jun 2026;;05 Jun 2026;504495051865308;504495051965308;KDZ-PC-STAN-ZFlip5-BLK;4193493080_MY-23762231369;0;NO;Returned;Magnetic RING STAND Flip Phone Case for Samsung Galaxy Z Flip 7 FE 7 6 5 Rotating Bracket Cover Casing;MY1130E
18 Jun 2026 - 18 Jun 2026;MY1130E-2026-0618;18 Jun 2026;Reversal Item Price;-36.7;0;Released to My Balance;19 Jun 2026;;05 Jun 2026;504495051865308;504495051965308;KDZ-PC-STAN-ZFlip5-BLK;4193493080_MY-23762231369;0;NO;Returned;Magnetic RING STAND Flip Phone Case for Samsung Galaxy Z Flip 7 FE 7 6 5 Rotating Bracket Cover Casing;MY1130E
17 Jun 2026 - 17 Jun 2026;MY1130E-2026-0617;17 Jun 2026;Sponsored Affiliates;-1.54;0.1144;Released to My Balance;18 Jun 2026;Delivered;11 Jun 2026;508233902553165;508233902653165;DUX-SP-2.5D-PadSE11(2024);2420728758_MY-24201329432;0;NO;Confirmed;DUX 9H HD Clear Screen Protector Full Tempered Glass for Huawei MatePad SE 11 2024 Pro 12.6/ Mate Pad 11/10.95 (2021);MY1130E
16 Jun 2026 - 16 Jun 2026;MY1130E-2026-0616;16 Jun 2026;Commission;-4.86;0.36;Released to My Balance;17 Jun 2026;;10 Jun 2026;508176134005985;508176134105985;7TREE-PC-SHI(MS)-Pixel9Pro-TP;4285556081_MY-24207929492;0;NO;Confirmed;Hybrid Transparent Magnetic Phone Case for Google Pixel 10 9 Pro XL 10 9 Pro 9A Shockproof Cover Casing;MY1130E
16 Jun 2026 - 16 Jun 2026;MY1130E-2026-0616;16 Jun 2026;Payment Fee;-1.23;0.0912;Released to My Balance;17 Jun 2026;;10 Jun 2026;508176134005985;508176134105985;7TREE-PC-SHI(MS)-Pixel9Pro-TP;4285556081_MY-24207929492;0;NO;Confirmed;Hybrid Transparent Magnetic Phone Case for Google Pixel 10 9 Pro XL 10 9 Pro 9A Shockproof Cover Casing;MY1130E
16 Jun 2026 - 16 Jun 2026;MY1130E-2026-0616;16 Jun 2026;Item Price Credit;27.3;0;Released to My Balance;17 Jun 2026;;10 Jun 2026;508176134005985;508176134105985;7TREE-PC-SHI(MS)-Pixel9Pro-TP;4285556081_MY-24207929492;0;NO;Confirmed;Hybrid Transparent Magnetic Phone Case for Google Pixel 10 9 Pro XL 10 9 Pro 9A Shockproof Cover Casing;MY1130E
16 Jun 2026 - 16 Jun 2026;MY1130E-2026-0616;16 Jun 2026;Commission;-4.26;0.3152;Released to My Balance;17 Jun 2026;;11 Jun 2026;508233902553165;508233902653165;DUX-SP-2.5D-PadSE11(2024);2420728758_MY-24201329432;0;NO;Confirmed;DUX 9H HD Clear Screen Protector Full Tempered Glass for Huawei MatePad SE 11 2024 Pro 12.6/ Mate Pad 11/10.95 (2021);MY1130E
16 Jun 2026 - 16 Jun 2026;MY1130E-2026-0616;16 Jun 2026;Payment Fee;-1.17;0.0864;Released to My Balance;17 Jun 2026;;11 Jun 2026;508233902553165;508233902653165;DUX-SP-2.5D-PadSE11(2024);2420728758_MY-24201329432;0;NO;Confirmed;DUX 9H HD Clear Screen Protector Full Tempered Glass for Huawei MatePad SE 11 2024 Pro 12.6/ Mate Pad 11/10.95 (2021);MY1130E
16 Jun 2026 - 16 Jun 2026;MY1130E-2026-0616;16 Jun 2026;Item Price Credit;23.9;0;Released to My Balance;17 Jun 2026;;11 Jun 2026;508233902553165;508233902653165;DUX-SP-2.5D-PadSE11(2024);2420728758_MY-24201329432;0;NO;Confirmed;DUX 9H HD Clear Screen Protector Full Tempered Glass for Huawei MatePad SE 11 2024 Pro 12.6/ Mate Pad 11/10.95 (2021);MY1130E
16 Jun 2026 - 16 Jun 2026;MY1130E-2026-0616;16 Jun 2026;Commission;-1.7;0.1256;Released to My Balance;17 Jun 2026;;13 Jun 2026;505054279965629;505054280065629;MXX-WTF-S24Ultra-CLR;448375078_MY-22820620862;0;NO;Confirmed;Hydrogel Screen Protector Film for Samsung Galaxy S24 Ultra Plus S22 Ultra Plus S21 Plus S20 Ultra Waterfilm;MY1130E
16 Jun 2026 - 16 Jun 2026;MY1130E-2026-0616;16 Jun 2026;Payment Fee;-0.45;0.0336;Released to My Balance;17 Jun 2026;;13 Jun 2026;505054279965629;505054280065629;MXX-WTF-S24Ultra-CLR;448375078_MY-22820620862;0;NO;Confirmed;Hydrogel Screen Protector Film for Samsung Galaxy S24 Ultra Plus S22 Ultra Plus S21 Plus S20 Ultra Waterfilm;MY1130E
16 Jun 2026 - 16 Jun 2026;MY1130E-2026-0616;16 Jun 2026;Item Price Credit;9.5;0;Released to My Balance;17 Jun 2026;;13 Jun 2026;505054279965629;505054280065629;MXX-WTF-S24Ultra-CLR;448375078_MY-22820620862;0;NO;Confirmed;Hydrogel Screen Protector Film for Samsung Galaxy S24 Ultra Plus S22 Ultra Plus S21 Plus S20 Ultra Waterfilm;MY1130E
15 Jun 2026 - 15 Jun 2026;MY1130E-2026-0615;15 Jun 2026;Commission;-5.56;0.412;Released to My Balance;16 Jun 2026;;08 Jun 2026;504796857350381;504796857450381;DDC-LC-CRYS-MbookAir/13(22)-CLR;2962151261_MY-16542146503;0;NO;Confirmed;CRYSTAL Clear Hard Laptop Case for MacBook Air 15 13 Pro 16 14 13 M1 M2 M3 M4 M5 Cover Casing;MY1130E
15 Jun 2026 - 15 Jun 2026;MY1130E-2026-0615;15 Jun 2026;Payment Fee;-1.33;0.0984;Released to My Balance;16 Jun 2026;;08 Jun 2026;504796857350381;504796857450381;DDC-LC-CRYS-MbookAir/13(22)-CLR;2962151261_MY-16542146503;0;NO;Confirmed;CRYSTAL Clear Hard Laptop Case for MacBook Air 15 13 Pro 16 14 13 M1 M2 M3 M4 M5 Cover Casing;MY1130E
15 Jun 2026 - 15 Jun 2026;MY1130E-2026-0615;15 Jun 2026;Item Price Credit;33.2;0;Released to My Balance;16 Jun 2026;;08 Jun 2026;504796857350381;504796857450381;DDC-LC-CRYS-MbookAir/13(22)-CLR;2962151261_MY-16542146503;0;NO;Confirmed;CRYSTAL Clear Hard Laptop Case for MacBook Air 15 13 Pro 16 14 13 M1 M2 M3 M4 M5 Cover Casing;MY1130E
15 Jun 2026 - 15 Jun 2026;MY1130E-2026-0615;15 Jun 2026;Commission;-4.22;0.3128;Released to My Balance;16 Jun 2026;;08 Jun 2026;504785016864065;504785016964065;DUX-PC-FLIP-S23Ultra-BLK;468606483_MY-18185839586;0;NO;Confirmed;DUX SKINPRO Flip Phone Case for Samsung S26 S25 Edge S25 S23 S22 Ultra Plus FE S21 FE S20 Note 20 Ultra Cover Casing;MY1130E
15 Jun 2026 - 15 Jun 2026;MY1130E-2026-0615;15 Jun 2026;Payment Fee;-1.09;0.0808;Released to My Balance;16 Jun 2026;;08 Jun 2026;504785016864065;504785016964065;DUX-PC-FLIP-S23Ultra-BLK;468606483_MY-18185839586;0;NO;Confirmed;DUX SKINPRO Flip Phone Case for Samsung S26 S25 Edge S25 S23 S22 Ultra Plus FE S21 FE S20 Note 20 Ultra Cover Casing;MY1130E
15 Jun 2026 - 15 Jun 2026;MY1130E-2026-0615;15 Jun 2026;Item Price Credit;23.7;0;Released to My Balance;16 Jun 2026;;08 Jun 2026;504785016864065;504785016964065;DUX-PC-FLIP-S23Ultra-BLK;468606483_MY-18185839586;0;NO;Confirmed;DUX SKINPRO Flip Phone Case for Samsung S26 S25 Edge S25 S23 S22 Ultra Plus FE S21 FE S20 Note 20 Ultra Cover Casing;MY1130E
15 Jun 2026 - 15 Jun 2026;MY1130E-2026-0615;15 Jun 2026;Commission;-3.69;0.2736;Released to My Balance;16 Jun 2026;;09 Jun 2026;508091748808001;508091749008001;ZFRI-SP-GOR-i15ProMax-MAT;3832505813_MY-26277806913;0;NO;Confirmed;FRESCO GORILLA Clear/Privacy Tempered Glass Screen Protector for iPhone 17 16 15 14 13 12 11 Pro Max Plus Air XS Max XR;MY1130E
15 Jun 2026 - 15 Jun 2026;MY1130E-2026-0615;15 Jun 2026;Payment Fee;-0.78;0.0576;Released to My Balance;16 Jun 2026;;09 Jun 2026;508091748808001;508091749008001;ZFRI-SP-GOR-i15ProMax-MAT;3832505813_MY-26277806913;0;NO;Confirmed;FRESCO GORILLA Clear/Privacy Tempered Glass Screen Protector for iPhone 17 16 15 14 13 12 11 Pro Max Plus Air XS Max XR;MY1130E
15 Jun 2026 - 15 Jun 2026;MY1130E-2026-0615;15 Jun 2026;Item Price Credit;20.7;0;Released to My Balance;16 Jun 2026;;09 Jun 2026;508091748808001;508091749008001;ZFRI-SP-GOR-i15ProMax-MAT;3832505813_MY-26277806913;0;NO;Confirmed;FRESCO GORILLA Clear/Privacy Tempered Glass Screen Protector for iPhone 17 16 15 14 13 12 11 Pro Max Plus Air XS Max XR;MY1130E
15 Jun 2026 - 15 Jun 2026;MY1130E-2026-0615;15 Jun 2026;Commission;-3.15;0.2336;Released to My Balance;16 Jun 2026;;09 Jun 2026;508091748808001;508091748908001;ZFRI-SP-GOR-i15ProMax-PVC;3832505813_MY-26277806889;0;NO;Confirmed;FRESCO GORILLA Clear/Privacy Tempered Glass Screen Protector for iPhone 17 16 15 14 13 12 11 Pro Max Plus Air XS Max XR;MY1130E
15 Jun 2026 - 15 Jun 2026;MY1130E-2026-0615;15 Jun 2026;Payment Fee;-0.67;0.0496;Released to My Balance;16 Jun 2026;;09 Jun 2026;508091748808001;508091748908001;ZFRI-SP-GOR-i15ProMax-PVC;3832505813_MY-26277806889;0;NO;Confirmed;FRESCO GORILLA Clear/Privacy Tempered Glass Screen Protector for iPhone 17 16 15 14 13 12 11 Pro Max Plus Air XS Max XR;MY1130E
15 Jun 2026 - 15 Jun 2026;MY1130E-2026-0615;15 Jun 2026;Item Price Credit;17.7;0;Released to My Balance;16 Jun 2026;;09 Jun 2026;508091748808001;508091748908001;ZFRI-SP-GOR-i15ProMax-PVC;3832505813_MY-26277806889;0;NO;Confirmed;FRESCO GORILLA Clear/Privacy Tempered Glass Screen Protector for iPhone 17 16 15 14 13 12 11 Pro Max Plus Air XS Max XR;MY1130E
13 Jun 2026 - 13 Jun 2026;MY1130E-2026-0613;13 Jun 2026;Commission;-3.34;0.2472;Released to My Balance;14 Jun 2026;;07 Jun 2026;507937720324023;507937720624023;ZFRI-SP-GOR-i17Pro-PVC;3832505813_MY-26277806881;0;NO;Confirmed;FRESCO GORILLA Clear/Privacy Tempered Glass Screen Protector for iPhone 17 16 15 14 13 12 11 Pro Max Plus Air XS Max XR;MY1130E
13 Jun 2026 - 13 Jun 2026;MY1130E-2026-0613;13 Jun 2026;Payment Fee;-0.72;0.0536;Released to My Balance;14 Jun 2026;;07 Jun 2026;507937720324023;507937720624023;ZFRI-SP-GOR-i17Pro-PVC;3832505813_MY-26277806881;0;NO;Confirmed;FRESCO GORILLA Clear/Privacy Tempered Glass Screen Protector for iPhone 17 16 15 14 13 12 11 Pro Max Plus Air XS Max XR;MY1130E
13 Jun 2026 - 13 Jun 2026;MY1130E-2026-0613;13 Jun 2026;Item Price Credit;18.7;0;Released to My Balance;14 Jun 2026;;07 Jun 2026;507937720324023;507937720624023;ZFRI-SP-GOR-i17Pro-PVC;3832505813_MY-26277806881;0;NO;Confirmed;FRESCO GORILLA Clear/Privacy Tempered Glass Screen Protector for iPhone 17 16 15 14 13 12 11 Pro Max Plus Air XS Max XR;MY1130E
13 Jun 2026 - 13 Jun 2026;MY1130E-2026-0613;13 Jun 2026;Commission;-3.34;0.2472;Released to My Balance;14 Jun 2026;;07 Jun 2026;507937720324023;507937720524023;ZFRI-SP-GOR-i17Pro-PVC;3832505813_MY-26277806881;0;NO;Confirmed;FRESCO GORILLA Clear/Privacy Tempered Glass Screen Protector for iPhone 17 16 15 14 13 12 11 Pro Max Plus Air XS Max XR;MY1130E
13 Jun 2026 - 13 Jun 2026;MY1130E-2026-0613;13 Jun 2026;Payment Fee;-0.72;0.0536;Released to My Balance;14 Jun 2026;;07 Jun 2026;507937720324023;507937720524023;ZFRI-SP-GOR-i17Pro-PVC;3832505813_MY-26277806881;0;NO;Confirmed;FRESCO GORILLA Clear/Privacy Tempered Glass Screen Protector for iPhone 17 16 15 14 13 12 11 Pro Max Plus Air XS Max XR;MY1130E
13 Jun 2026 - 13 Jun 2026;MY1130E-2026-0613;13 Jun 2026;Item Price Credit;18.7;0;Released to My Balance;14 Jun 2026;;07 Jun 2026;507937720324023;507937720524023;ZFRI-SP-GOR-i17Pro-PVC;3832505813_MY-26277806881;0;NO;Confirmed;FRESCO GORILLA Clear/Privacy Tempered Glass Screen Protector for iPhone 17 16 15 14 13 12 11 Pro Max Plus Air XS Max XR;MY1130E
13 Jun 2026 - 13 Jun 2026;MY1130E-2026-0613;13 Jun 2026;Commission;-3.34;0.2472;Released to My Balance;14 Jun 2026;;07 Jun 2026;507937720324023;507937720424023;ZFRI-SP-GOR-i17Pro-PVC;3832505813_MY-26277806881;0;NO;Confirmed;FRESCO GORILLA Clear/Privacy Tempered Glass Screen Protector for iPhone 17 16 15 14 13 12 11 Pro Max Plus Air XS Max XR;MY1130E
13 Jun 2026 - 13 Jun 2026;MY1130E-2026-0613;13 Jun 2026;Payment Fee;-0.72;0.0536;Released to My Balance;14 Jun 2026;;07 Jun 2026;507937720324023;507937720424023;ZFRI-SP-GOR-i17Pro-PVC;3832505813_MY-26277806881;0;NO;Confirmed;FRESCO GORILLA Clear/Privacy Tempered Glass Screen Protector for iPhone 17 16 15 14 13 12 11 Pro Max Plus Air XS Max XR;MY1130E
13 Jun 2026 - 13 Jun 2026;MY1130E-2026-0613;13 Jun 2026;Item Price Credit;18.7;0;Released to My Balance;14 Jun 2026;;07 Jun 2026;507937720324023;507937720424023;ZFRI-SP-GOR-i17Pro-PVC;3832505813_MY-26277806881;0;NO;Confirmed;FRESCO GORILLA Clear/Privacy Tempered Glass Screen Protector for iPhone 17 16 15 14 13 12 11 Pro Max Plus Air XS Max XR;MY1130E
13 Jun 2026 - 13 Jun 2026;MY1130E-2026-0613;13 Jun 2026;Sponsored Affiliates;-1.53;0.1136;Released to My Balance;14 Jun 2026;Delivered;02 Jun 2026;504293240687069;504293240787069;DUX-PC-FLIP-S25Ultra-BLK;468606483_MY-24883027550;0;NO;Confirmed;DUX SKINPRO Flip Phone Case for Samsung S26 S25 Edge S25 S23 S22 Ultra Plus FE S21 FE S20 Note 20 Ultra Cover Casing;MY1130E
12 Jun 2026 - 12 Jun 2026;MY1130E-2026-0612;12 Jun 2026;Commission;-4.9;0.3632;Released to My Balance;13 Jun 2026;;06 Jun 2026;507877366357510;507877366457510;KDZ-PC-SHINE-Pixel10ProXL-TPR;4590925717_MY-25899586917;0;NO;Confirmed;Stand Magnetic CLEAR Phone Case for Google Pixel 10 9 Pro XL 10 9 Pro TPU Shockproof Cover Casing;MY1130E
12 Jun 2026 - 12 Jun 2026;MY1130E-2026-0612;12 Jun 2026;Payment Fee;-1.14;0.0848;Released to My Balance;13 Jun 2026;;06 Jun 2026;507877366357510;507877366457510;KDZ-PC-SHINE-Pixel10ProXL-TPR;4590925717_MY-25899586917;0;NO;Confirmed;Stand Magnetic CLEAR Phone Case for Google Pixel 10 9 Pro XL 10 9 Pro TPU Shockproof Cover Casing;MY1130E
12 Jun 2026 - 12 Jun 2026;MY1130E-2026-0612;12 Jun 2026;Item Price Credit;27.5;0;Released to My Balance;13 Jun 2026;;06 Jun 2026;507877366357510;507877366457510;KDZ-PC-SHINE-Pixel10ProXL-TPR;4590925717_MY-25899586917;0;NO;Confirmed;Stand Magnetic CLEAR Phone Case for Google Pixel 10 9 Pro XL 10 9 Pro TPU Shockproof Cover Casing;MY1130E
12 Jun 2026 - 12 Jun 2026;MY1130E-2026-0612;12 Jun 2026;Commission;-6.54;0.4848;Released to My Balance;13 Jun 2026;;06 Jun 2026;504529293914655;504529294014655;KDZ-PC-STAN-ZFlip7-TPR;4193493080_MY-26699534099;0;NO;Confirmed;Magnetic RING STAND Flip Phone Case for Samsung Galaxy Z Flip 7 FE 7 6 5 Rotating Bracket Cover Casing;MY1130E
12 Jun 2026 - 12 Jun 2026;MY1130E-2026-0612;12 Jun 2026;Payment Fee;-1.59;0.1176;Released to My Balance;13 Jun 2026;;06 Jun 2026;504529293914655;504529294014655;KDZ-PC-STAN-ZFlip7-TPR;4193493080_MY-26699534099;0;NO;Confirmed;Magnetic RING STAND Flip Phone Case for Samsung Galaxy Z Flip 7 FE 7 6 5 Rotating Bracket Cover Casing;MY1130E
12 Jun 2026 - 12 Jun 2026;MY1130E-2026-0612;12 Jun 2026;Item Price Credit;36.7;0;Released to My Balance;13 Jun 2026;;06 Jun 2026;504529293914655;504529294014655;KDZ-PC-STAN-ZFlip7-TPR;4193493080_MY-26699534099;0;NO;Confirmed;Magnetic RING STAND Flip Phone Case for Samsung Galaxy Z Flip 7 FE 7 6 5 Rotating Bracket Cover Casing;MY1130E
12 Jun 2026 - 12 Jun 2026;MY1130E-2026-0612;12 Jun 2026;Commission;-6.54;0.4848;Released to My Balance;13 Jun 2026;;05 Jun 2026;504495051865308;504495051965308;KDZ-PC-STAN-ZFlip5-BLK;4193493080_MY-23762231369;0;NO;Returned;Magnetic RING STAND Flip Phone Case for Samsung Galaxy Z Flip 7 FE 7 6 5 Rotating Bracket Cover Casing;MY1130E
12 Jun 2026 - 12 Jun 2026;MY1130E-2026-0612;12 Jun 2026;Payment Fee;-1.44;0.1064;Released to My Balance;13 Jun 2026;;05 Jun 2026;504495051865308;504495051965308;KDZ-PC-STAN-ZFlip5-BLK;4193493080_MY-23762231369;0;NO;Returned;Magnetic RING STAND Flip Phone Case for Samsung Galaxy Z Flip 7 FE 7 6 5 Rotating Bracket Cover Casing;MY1130E
12 Jun 2026 - 12 Jun 2026;MY1130E-2026-0612;12 Jun 2026;Item Price Credit;36.7;0;Released to My Balance;13 Jun 2026;;05 Jun 2026;504495051865308;504495051965308;KDZ-PC-STAN-ZFlip5-BLK;4193493080_MY-23762231369;0;NO;Returned;Magnetic RING STAND Flip Phone Case for Samsung Galaxy Z Flip 7 FE 7 6 5 Rotating Bracket Cover Casing;MY1130E
12 Jun 2026 - 12 Jun 2026;MY1130E-2026-0612;12 Jun 2026;Commission;-4.22;0.3128;Released to My Balance;13 Jun 2026;;02 Jun 2026;504293240687069;504293240787069;DUX-PC-FLIP-S25Ultra-BLK;468606483_MY-24883027550;0;NO;Confirmed;DUX SKINPRO Flip Phone Case for Samsung S26 S25 Edge S25 S23 S22 Ultra Plus FE S21 FE S20 Note 20 Ultra Cover Casing;MY1130E
12 Jun 2026 - 12 Jun 2026;MY1130E-2026-0612;12 Jun 2026;Payment Fee;-1.27;0.0944;Released to My Balance;13 Jun 2026;;02 Jun 2026;504293240687069;504293240787069;DUX-PC-FLIP-S25Ultra-BLK;468606483_MY-24883027550;0;NO;Confirmed;DUX SKINPRO Flip Phone Case for Samsung S26 S25 Edge S25 S23 S22 Ultra Plus FE S21 FE S20 Note 20 Ultra Cover Casing;MY1130E
12 Jun 2026 - 12 Jun 2026;MY1130E-2026-0612;12 Jun 2026;Item Price Credit;23.7;0;Released to My Balance;13 Jun 2026;;02 Jun 2026;504293240687069;504293240787069;DUX-PC-FLIP-S25Ultra-BLK;468606483_MY-24883027550;0;NO;Confirmed;DUX SKINPRO Flip Phone Case for Samsung S26 S25 Edge S25 S23 S22 Ultra Plus FE S21 FE S20 Note 20 Ultra Cover Casing;MY1130E
11 Jun 2026 - 11 Jun 2026;MY1130E-2026-0611;11 Jun 2026;Commission;-7.61;0.564;Released to My Balance;12 Jun 2026;;06 Jun 2026;507829138954207;507829139254207;FRES-PC-SL(MS)-iP17Pro-BLK;4732287365_MY-26589721422;0;NO;Confirmed;FRESCOONE SL (MAGNET) Series Liquid Silicone Phone Case for iPhone 17 Pro Max 17 Pro 17 16 Plus iPhone Air Cover Casing;MY1130E
11 Jun 2026 - 11 Jun 2026;MY1130E-2026-0611;11 Jun 2026;Payment Fee;-2.07;0.1536;Released to My Balance;12 Jun 2026;;06 Jun 2026;507829138954207;507829139254207;FRES-PC-SL(MS)-iP17Pro-BLK;4732287365_MY-26589721422;0;NO;Confirmed;FRESCOONE SL (MAGNET) Series Liquid Silicone Phone Case for iPhone 17 Pro Max 17 Pro 17 16 Plus iPhone Air Cover Casing;MY1130E
11 Jun 2026 - 11 Jun 2026;MY1130E-2026-0611;11 Jun 2026;Item Price Credit;42.7;0;Released to My Balance;12 Jun 2026;;06 Jun 2026;507829138954207;507829139254207;FRES-PC-SL(MS)-iP17Pro-BLK;4732287365_MY-26589721422;0;NO;Confirmed;FRESCOONE SL (MAGNET) Series Liquid Silicone Phone Case for iPhone 17 Pro Max 17 Pro 17 16 Plus iPhone Air Cover Casing;MY1130E
11 Jun 2026 - 11 Jun 2026;MY1130E-2026-0611;11 Jun 2026;Commission;-7.61;0.564;Released to My Balance;12 Jun 2026;;06 Jun 2026;507829138954207;507829139154207;FRES-PC-SL(MS)-iP17Pro-WHT;4732287365_MY-26589721423;0;NO;Confirmed;FRESCOONE SL (MAGNET) Series Liquid Silicone Phone Case for iPhone 17 Pro Max 17 Pro 17 16 Plus iPhone Air Cover Casing;MY1130E
11 Jun 2026 - 11 Jun 2026;MY1130E-2026-0611;11 Jun 2026;Payment Fee;-2.07;0.1536;Released to My Balance;12 Jun 2026;;06 Jun 2026;507829138954207;507829139154207;FRES-PC-SL(MS)-iP17Pro-WHT;4732287365_MY-26589721423;0;NO;Confirmed;FRESCOONE SL (MAGNET) Series Liquid Silicone Phone Case for iPhone 17 Pro Max 17 Pro 17 16 Plus iPhone Air Cover Casing;MY1130E
11 Jun 2026 - 11 Jun 2026;MY1130E-2026-0611;11 Jun 2026;Item Price Credit;42.7;0;Released to My Balance;12 Jun 2026;;06 Jun 2026;507829138954207;507829139154207;FRES-PC-SL(MS)-iP17Pro-WHT;4732287365_MY-26589721423;0;NO;Confirmed;FRESCOONE SL (MAGNET) Series Liquid Silicone Phone Case for iPhone 17 Pro Max 17 Pro 17 16 Plus iPhone Air Cover Casing;MY1130E
11 Jun 2026 - 11 Jun 2026;MY1130E-2026-0611;11 Jun 2026;Commission;-6.75;0.5;Released to My Balance;12 Jun 2026;;06 Jun 2026;507829138954207;507829139054207;FRES-PC-SL-iP17Pro-GRY;4717713102_MY-26464110420;0;NO;Confirmed;FRESCOONE SL Series Liquid Silicone Phone Case for iPhone 17 Pro Max 17 Pro 17 16 Plus iPhone Air Cover Casing;MY1130E
11 Jun 2026 - 11 Jun 2026;MY1130E-2026-0611;11 Jun 2026;Payment Fee;-1.85;0.1368;Released to My Balance;12 Jun 2026;;06 Jun 2026;507829138954207;507829139054207;FRES-PC-SL-iP17Pro-GRY;4717713102_MY-26464110420;0;NO;Confirmed;FRESCOONE SL Series Liquid Silicone Phone Case for iPhone 17 Pro Max 17 Pro 17 16 Plus iPhone Air Cover Casing;MY1130E
11 Jun 2026 - 11 Jun 2026;MY1130E-2026-0611;11 Jun 2026;Item Price Credit;37.9;0;Released to My Balance;12 Jun 2026;;06 Jun 2026;507829138954207;507829139054207;FRES-PC-SL-iP17Pro-GRY;4717713102_MY-26464110420;0;NO;Confirmed;FRESCOONE SL Series Liquid Silicone Phone Case for iPhone 17 Pro Max 17 Pro 17 16 Plus iPhone Air Cover Casing;MY1130E
10 Jun 2026 - 10 Jun 2026;MY1130E-2026-0610;10 Jun 2026;Wrong Weight Adjustment;-4.24;0.24;Released to My Balance;11 Jun 2026;;;;;;;0;NO;;;MY1130E
10 Jun 2026 - 10 Jun 2026;MY1130E-2026-0610;10 Jun 2026;Commission;-9.43;0.6984;Released to My Balance;11 Jun 2026;;12 May 2026;503153008076421;503153008176421;PSG-IC-G1-TabS7FE-BLK1;4305363075_MY-24274009590;0;NO;Confirmed;Clear Frosted Tablet Flip Stand Case for Samsung Galaxy Tab S10 S9 S8 S7 Ultra FE Plus Protective Cover Casing;MY1130E
10 Jun 2026 - 10 Jun 2026;MY1130E-2026-0610;10 Jun 2026;Payment Fee;-2.04;0.1512;Released to My Balance;11 Jun 2026;;12 May 2026;503153008076421;503153008176421;PSG-IC-G1-TabS7FE-BLK1;4305363075_MY-24274009590;0;NO;Confirmed;Clear Frosted Tablet Flip Stand Case for Samsung Galaxy Tab S10 S9 S8 S7 Ultra FE Plus Protective Cover Casing;MY1130E
10 Jun 2026 - 10 Jun 2026;MY1130E-2026-0610;10 Jun 2026;Item Price Credit;52.9;0;Released to My Balance;11 Jun 2026;;12 May 2026;503153008076421;503153008176421;PSG-IC-G1-TabS7FE-BLK1;4305363075_MY-24274009590;0;NO;Confirmed;Clear Frosted Tablet Flip Stand Case for Samsung Galaxy Tab S10 S9 S8 S7 Ultra FE Plus Protective Cover Casing;MY1130E
10 Jun 2026 - 10 Jun 2026;MY1130E-2026-0610;10 Jun 2026;Sponsored Affiliates;-2.38;0.176;Released to My Balance;11 Jun 2026;Delivered;06 Jun 2026;507902974212184;507902974312184;KDZ-PC-STAN-ZFlip6-BLK;4193493080_MY-24202208746;0;NO;Confirmed;Magnetic RING STAND Flip Phone Case for Samsung Galaxy Z Flip 7 FE 7 6 5 Rotating Bracket Cover Casing;MY1130E
10 Jun 2026 - 10 Jun 2026;MY1130E-2026-0610;10 Jun 2026;Sponsored Affiliates Refund;3.23;0.2392;Released to My Balance;11 Jun 2026;Returned;26 May 2026;507140361942790;507140362042790;DUX-IC-DOMO-Pro11(2024)-PNK;581066282_MY-23190968141;0;NO;Returned;DUX DOMO Flip Case for iPad Air 13 2025 Pro 11 13 2024 Pro 10.5 12.9 Mini 7 6 Air 5 4/ 7 8 9 10 11 Stand Cover Casing;MY1130E
09 Jun 2026 - 09 Jun 2026;MY1130E-2026-0609;09 Jun 2026;Commission;-7.61;0.564;Released to My Balance;10 Jun 2026;;03 Jun 2026;507551990548175;507551990648175;FRES-PC-AG-iP16Pro;4735472378_MY-26612224624;0;NO;Confirmed;FRESCOONE AG Series Frosted Matte Clear Magnetic Phone Case for iPhone 17 16 15 14 Pro Max Pro Plus Air Cover Casing;MY1130E
09 Jun 2026 - 09 Jun 2026;MY1130E-2026-0609;09 Jun 2026;Payment Fee;-2.12;0.1568;Released to My Balance;10 Jun 2026;;03 Jun 2026;507551990548175;507551990648175;FRES-PC-AG-iP16Pro;4735472378_MY-26612224624;0;NO;Confirmed;FRESCOONE AG Series Frosted Matte Clear Magnetic Phone Case for iPhone 17 16 15 14 Pro Max Pro Plus Air Cover Casing;MY1130E
09 Jun 2026 - 09 Jun 2026;MY1130E-2026-0609;09 Jun 2026;Item Price Credit;42.7;0;Released to My Balance;10 Jun 2026;;03 Jun 2026;507551990548175;507551990648175;FRES-PC-AG-iP16Pro;4735472378_MY-26612224624;0;NO;Confirmed;FRESCOONE AG Series Frosted Matte Clear Magnetic Phone Case for iPhone 17 16 15 14 Pro Max Pro Plus Air Cover Casing;MY1130E
09 Jun 2026 - 09 Jun 2026;MY1130E-2026-0609;09 Jun 2026;Commission;-4.86;0.36;Released to My Balance;10 Jun 2026;;03 Jun 2026;507548768837091;507548768937091;7TREE-PC-SHI(MS)-Pixel10/10Pro-TP;4285556081_MY-26854955550;0;NO;Confirmed;Hybrid Transparent Magnetic Phone Case for Google Pixel 10 9 Pro XL 10 9 Pro 9A Shockproof Cover Casing;MY1130E
09 Jun 2026 - 09 Jun 2026;MY1130E-2026-0609;09 Jun 2026;Payment Fee;-1.07;0.0792;Released to My Balance;10 Jun 2026;;03 Jun 2026;507548768837091;507548768937091;7TREE-PC-SHI(MS)-Pixel10/10Pro-TP;4285556081_MY-26854955550;0;NO;Confirmed;Hybrid Transparent Magnetic Phone Case for Google Pixel 10 9 Pro XL 10 9 Pro 9A Shockproof Cover Casing;MY1130E
09 Jun 2026 - 09 Jun 2026;MY1130E-2026-0609;09 Jun 2026;Item Price Credit;27.3;0;Released to My Balance;10 Jun 2026;;03 Jun 2026;507548768837091;507548768937091;7TREE-PC-SHI(MS)-Pixel10/10Pro-TP;4285556081_MY-26854955550;0;NO;Confirmed;Hybrid Transparent Magnetic Phone Case for Google Pixel 10 9 Pro XL 10 9 Pro 9A Shockproof Cover Casing;MY1130E
09 Jun 2026 - 09 Jun 2026;MY1130E-2026-0609;09 Jun 2026;Commission;-6.54;0.4848;Released to My Balance;10 Jun 2026;;06 Jun 2026;507902974212184;507902974312184;KDZ-PC-STAN-ZFlip6-BLK;4193493080_MY-24202208746;0;NO;Confirmed;Magnetic RING STAND Flip Phone Case for Samsung Galaxy Z Flip 7 FE 7 6 5 Rotating Bracket Cover Casing;MY1130E
09 Jun 2026 - 09 Jun 2026;MY1130E-2026-0609;09 Jun 2026;Payment Fee;-1.38;0.1024;Released to My Balance;10 Jun 2026;;06 Jun 2026;507902974212184;507902974312184;KDZ-PC-STAN-ZFlip6-BLK;4193493080_MY-24202208746;0;NO;Confirmed;Magnetic RING STAND Flip Phone Case for Samsung Galaxy Z Flip 7 FE 7 6 5 Rotating Bracket Cover Casing;MY1130E
09 Jun 2026 - 09 Jun 2026;MY1130E-2026-0609;09 Jun 2026;Item Price Credit;36.7;0;Released to My Balance;10 Jun 2026;;06 Jun 2026;507902974212184;507902974312184;KDZ-PC-STAN-ZFlip6-BLK;4193493080_MY-24202208746;0;NO;Confirmed;Magnetic RING STAND Flip Phone Case for Samsung Galaxy Z Flip 7 FE 7 6 5 Rotating Bracket Cover Casing;MY1130E
09 Jun 2026 - 09 Jun 2026;MY1130E-2026-0609;09 Jun 2026;Commission;-30.73;2.276;Released to My Balance;10 Jun 2026;;04 Jun 2026;504369038530453;504369038630453;BNKS-PC-AMAIR-i16ProMax-BLK;3660017484_MY-24009964363;0;NO;Confirmed;BENKS ARMORAIR Case 600D Kevla® Magnetic Clap Phone Case for iPhone 16 15 Pro Max Pro Plus Cover Casing;MY1130E
09 Jun 2026 - 09 Jun 2026;MY1130E-2026-0609;09 Jun 2026;Payment Fee;-6.72;0.4976;Released to My Balance;10 Jun 2026;;04 Jun 2026;504369038530453;504369038630453;BNKS-PC-AMAIR-i16ProMax-BLK;3660017484_MY-24009964363;0;NO;Confirmed;BENKS ARMORAIR Case 600D Kevla® Magnetic Clap Phone Case for iPhone 16 15 Pro Max Pro Plus Cover Casing;MY1130E
09 Jun 2026 - 09 Jun 2026;MY1130E-2026-0609;09 Jun 2026;Item Price Credit;172.4;0;Released to My Balance;10 Jun 2026;;04 Jun 2026;504369038530453;504369038630453;BNKS-PC-AMAIR-i16ProMax-BLK;3660017484_MY-24009964363;0;NO;Confirmed;BENKS ARMORAIR Case 600D Kevla® Magnetic Clap Phone Case for iPhone 16 15 Pro Max Pro Plus Cover Casing;MY1130E
09 Jun 2026 - 09 Jun 2026;MY1130E-2026-0609;09 Jun 2026;Sponsored Affiliates;-0.87;0.0648;Released to My Balance;10 Jun 2026;Delivered;30 May 2026;504121841120062;504121841220062;MXX-WTF-i13-CLR;445078404_MY-11385044874;0;NO;Confirmed;WATERFILM Phone Screen Protector for iPhone 16 15 14 13 12 11 X XR XS Max Pro Max Pro Plus Mini Hydrogel Film;MY1130E
09 Jun 2026 - 09 Jun 2026;MY1130E-2026-0609;09 Jun 2026;Sponsored Affiliates;-1.22;0.0904;Released to My Balance;10 Jun 2026;Delivered;02 Jun 2026;504222095844970;504222095944970;GKK-PC-AIR2(MS)-ZFlip6-PRP;3825904931_MY-23700802616;0;NO;Confirmed;GKK FULL AIR GUARD Transparent Phone Case for Samsung Galaxy Z Flip 7 FE 7 6 5 Magnetic Shockproof Cover Casing;MY1130E
09 Jun 2026 - 09 Jun 2026;MY1130E-2026-0609;09 Jun 2026;Sponsored Affiliates;-1.93;0.1432;Released to My Balance;10 Jun 2026;Delivered;01 Jun 2026;507410591845777;507410591945777;DUX-STP-YE-AW41-BLK1;4717966312_MY-26605368121;0;NO;Confirmed;DUX YE Series Nylon Velcro Strap for iWatch Ultra S1 S2 S3 11 10 9 8 7 6 5 4 3 2 1 SE 38 40 41 42 44 45 46 49mm;MY1130E
09 Jun 2026 - 09 Jun 2026;MY1130E-2026-0609;09 Jun 2026;Sponsored Affiliates;-0.87;0.0648;Released to My Balance;10 Jun 2026;Delivered;30 May 2026;504121841120062;504121841320062;MXX-WTF-i13-CLR;445078404_MY-11385044874;0;NO;Confirmed;WATERFILM Phone Screen Protector for iPhone 16 15 14 13 12 11 X XR XS Max Pro Max Pro Plus Mini Hydrogel Film;MY1130E
09 Jun 2026 - 09 Jun 2026;MY1130E-2026-0609;09 Jun 2026;Payment Fee Credit;0.68;0.0504;Released to My Balance;10 Jun 2026;Payment fee refund due to return with Change of Mind.;25 May 2026;503871636020211;503871636120211;DDC-WTF-AR-MbookAir/13(22)-CLR;3055340869_MY-16086463658;0;NO;Returned;AR FILM Laptop Screen Protector Hydrogel Soft Cover for Macbook Pro 13 14 16 Air 13 15 M1 M2 M3 M4;MY1130E
09 Jun 2026 - 09 Jun 2026;MY1130E-2026-0609;09 Jun 2026;Reversal Commission;2.68;0.1984;Released to My Balance;10 Jun 2026;;25 May 2026;503871636020211;503871636120211;DDC-WTF-AR-MbookAir/13(22)-CLR;3055340869_MY-16086463658;0;NO;Returned;AR FILM Laptop Screen Protector Hydrogel Soft Cover for Macbook Pro 13 14 16 Air 13 15 M1 M2 M3 M4;MY1130E
09 Jun 2026 - 09 Jun 2026;MY1130E-2026-0609;09 Jun 2026;Reversal Item Price;-16;0;Released to My Balance;10 Jun 2026;;25 May 2026;503871636020211;503871636120211;DDC-WTF-AR-MbookAir/13(22)-CLR;3055340869_MY-16086463658;0;NO;Returned;AR FILM Laptop Screen Protector Hydrogel Soft Cover for Macbook Pro 13 14 16 Air 13 15 M1 M2 M3 M4;MY1130E
08 Jun 2026 - 08 Jun 2026;MY1130E-2026-0608;08 Jun 2026;Commission;-2.41;0.1784;Released to My Balance;09 Jun 2026;;30 May 2026;504121841120062;504121841320062;MXX-WTF-i13-CLR;445078404_MY-11385044874;0;NO;Confirmed;WATERFILM Phone Screen Protector for iPhone 16 15 14 13 12 11 X XR XS Max Pro Max Pro Plus Mini Hydrogel Film;MY1130E
08 Jun 2026 - 08 Jun 2026;MY1130E-2026-0608;08 Jun 2026;Payment Fee;-0.55;0.0408;Released to My Balance;09 Jun 2026;;30 May 2026;504121841120062;504121841320062;MXX-WTF-i13-CLR;445078404_MY-11385044874;0;NO;Confirmed;WATERFILM Phone Screen Protector for iPhone 16 15 14 13 12 11 X XR XS Max Pro Max Pro Plus Mini Hydrogel Film;MY1130E
08 Jun 2026 - 08 Jun 2026;MY1130E-2026-0608;08 Jun 2026;Item Price Credit;13.5;0;Released to My Balance;09 Jun 2026;;30 May 2026;504121841120062;504121841320062;MXX-WTF-i13-CLR;445078404_MY-11385044874;0;NO;Confirmed;WATERFILM Phone Screen Protector for iPhone 16 15 14 13 12 11 X XR XS Max Pro Max Pro Plus Mini Hydrogel Film;MY1130E
08 Jun 2026 - 08 Jun 2026;MY1130E-2026-0608;08 Jun 2026;Commission;-2.41;0.1784;Released to My Balance;09 Jun 2026;;30 May 2026;504121841120062;504121841220062;MXX-WTF-i13-CLR;445078404_MY-11385044874;0;NO;Confirmed;WATERFILM Phone Screen Protector for iPhone 16 15 14 13 12 11 X XR XS Max Pro Max Pro Plus Mini Hydrogel Film;MY1130E
08 Jun 2026 - 08 Jun 2026;MY1130E-2026-0608;08 Jun 2026;Payment Fee;-0.55;0.0408;Released to My Balance;09 Jun 2026;;30 May 2026;504121841120062;504121841220062;MXX-WTF-i13-CLR;445078404_MY-11385044874;0;NO;Confirmed;WATERFILM Phone Screen Protector for iPhone 16 15 14 13 12 11 X XR XS Max Pro Max Pro Plus Mini Hydrogel Film;MY1130E
08 Jun 2026 - 08 Jun 2026;MY1130E-2026-0608;08 Jun 2026;Item Price Credit;13.5;0;Released to My Balance;09 Jun 2026;;30 May 2026;504121841120062;504121841220062;MXX-WTF-i13-CLR;445078404_MY-11385044874;0;NO;Confirmed;WATERFILM Phone Screen Protector for iPhone 16 15 14 13 12 11 X XR XS Max Pro Max Pro Plus Mini Hydrogel Film;MY1130E
08 Jun 2026 - 08 Jun 2026;MY1130E-2026-0608;08 Jun 2026;Commission;-5.38;0.3984;Released to My Balance;09 Jun 2026;;01 Jun 2026;507500118441819;507500118541819;DDC-LC-CRYS-MbookPro/16(21)-BLK;2962151261_MY-14502265251;0;NO;Confirmed;CRYSTAL Clear Hard Laptop Case for MacBook Air 15 13 Pro 16 14 13 M1 M2 M3 M4 M5 Cover Casing;MY1130E
08 Jun 2026 - 08 Jun 2026;MY1130E-2026-0608;08 Jun 2026;Payment Fee;-1.25;0.0928;Released to My Balance;09 Jun 2026;;01 Jun 2026;507500118441819;507500118541819;DDC-LC-CRYS-MbookPro/16(21)-BLK;2962151261_MY-14502265251;0;NO;Confirmed;CRYSTAL Clear Hard Laptop Case for MacBook Air 15 13 Pro 16 14 13 M1 M2 M3 M4 M5 Cover Casing;MY1130E
08 Jun 2026 - 08 Jun 2026;MY1130E-2026-0608;08 Jun 2026;Item Price Credit;32.1;0;Released to My Balance;09 Jun 2026;;01 Jun 2026;507500118441819;507500118541819;DDC-LC-CRYS-MbookPro/16(21)-BLK;2962151261_MY-14502265251;0;NO;Confirmed;CRYSTAL Clear Hard Laptop Case for MacBook Air 15 13 Pro 16 14 13 M1 M2 M3 M4 M5 Cover Casing;MY1130E
08 Jun 2026 - 08 Jun 2026;MY1130E-2026-0608;08 Jun 2026;Commission;-5.56;0.412;Released to My Balance;09 Jun 2026;;01 Jun 2026;507506322504329;507506322604329;DDC-LC-CRYS-MbookAir/13(22)-CLR;2962151261_MY-16542146503;0;NO;Confirmed;CRYSTAL Clear Hard Laptop Case for MacBook Air 15 13 Pro 16 14 13 M1 M2 M3 M4 M5 Cover Casing;MY1130E
08 Jun 2026 - 08 Jun 2026;MY1130E-2026-0608;08 Jun 2026;Payment Fee;-1.25;0.0928;Released to My Balance;09 Jun 2026;;01 Jun 2026;507506322504329;507506322604329;DDC-LC-CRYS-MbookAir/13(22)-CLR;2962151261_MY-16542146503;0;NO;Confirmed;CRYSTAL Clear Hard Laptop Case for MacBook Air 15 13 Pro 16 14 13 M1 M2 M3 M4 M5 Cover Casing;MY1130E
08 Jun 2026 - 08 Jun 2026;MY1130E-2026-0608;08 Jun 2026;Item Price Credit;33.2;0;Released to My Balance;09 Jun 2026;;01 Jun 2026;507506322504329;507506322604329;DDC-LC-CRYS-MbookAir/13(22)-CLR;2962151261_MY-16542146503;0;NO;Confirmed;CRYSTAL Clear Hard Laptop Case for MacBook Air 15 13 Pro 16 14 13 M1 M2 M3 M4 M5 Cover Casing;MY1130E
08 Jun 2026 - 08 Jun 2026;MY1130E-2026-0608;08 Jun 2026;Commission;-1.44;0.1064;Released to My Balance;09 Jun 2026;;02 Jun 2026;507482789293511;507482789393511;DDC-LAC-TPAD-MbookAir/13(22)-CLR;3055605354_MY-16086467594;0;NO;Confirmed;Laptop Touch Pad Protector for MacBook Pro/ Mac Book Air 13 14 15 16 Inch M1 M2 2022 Track Pad Cover Soft Hydrogel Film;MY1130E
08 Jun 2026 - 08 Jun 2026;MY1130E-2026-0608;08 Jun 2026;Payment Fee;-0.52;0.0384;Released to My Balance;09 Jun 2026;;02 Jun 2026;507482789293511;507482789393511;DDC-LAC-TPAD-MbookAir/13(22)-CLR;3055605354_MY-16086467594;0;NO;Confirmed;Laptop Touch Pad Protector for MacBook Pro/ Mac Book Air 13 14 15 16 Inch M1 M2 2022 Track Pad Cover Soft Hydrogel Film;MY1130E
08 Jun 2026 - 08 Jun 2026;MY1130E-2026-0608;08 Jun 2026;Item Price Credit;8.6;0;Released to My Balance;09 Jun 2026;;02 Jun 2026;507482789293511;507482789393511;DDC-LAC-TPAD-MbookAir/13(22)-CLR;3055605354_MY-16086467594;0;NO;Confirmed;Laptop Touch Pad Protector for MacBook Pro/ Mac Book Air 13 14 15 16 Inch M1 M2 2022 Track Pad Cover Soft Hydrogel Film;MY1130E
08 Jun 2026 - 08 Jun 2026;MY1130E-2026-0608;08 Jun 2026;Commission;-3.37;0.2496;Released to My Balance;09 Jun 2026;;02 Jun 2026;504222095844970;504222095944970;GKK-PC-AIR2(MS)-ZFlip6-PRP;3825904931_MY-23700802616;0;NO;Confirmed;GKK FULL AIR GUARD Transparent Phone Case for Samsung Galaxy Z Flip 7 FE 7 6 5 Magnetic Shockproof Cover Casing;MY1130E
08 Jun 2026 - 08 Jun 2026;MY1130E-2026-0608;08 Jun 2026;Payment Fee;-0.71;0.0528;Released to My Balance;09 Jun 2026;;02 Jun 2026;504222095844970;504222095944970;GKK-PC-AIR2(MS)-ZFlip6-PRP;3825904931_MY-23700802616;0;NO;Confirmed;GKK FULL AIR GUARD Transparent Phone Case for Samsung Galaxy Z Flip 7 FE 7 6 5 Magnetic Shockproof Cover Casing;MY1130E
08 Jun 2026 - 08 Jun 2026;MY1130E-2026-0608;08 Jun 2026;Item Price Credit;18.9;0;Released to My Balance;09 Jun 2026;;02 Jun 2026;504222095844970;504222095944970;GKK-PC-AIR2(MS)-ZFlip6-PRP;3825904931_MY-23700802616;0;NO;Confirmed;GKK FULL AIR GUARD Transparent Phone Case for Samsung Galaxy Z Flip 7 FE 7 6 5 Magnetic Shockproof Cover Casing;MY1130E
08 Jun 2026 - 08 Jun 2026;MY1130E-2026-0608;08 Jun 2026;Payment Fee Credit;1.92;0.1424;Released to My Balance;09 Jun 2026;Payment fee refund due to return with Change of Mind.;26 May 2026;507140361942790;507140362042790;DUX-IC-DOMO-Pro11(2024)-PNK;581066282_MY-23190968141;0;NO;Returned;DUX DOMO Flip Case for iPad Air 13 2025 Pro 11 13 2024 Pro 10.5 12.9 Mini 7 6 Air 5 4/ 7 8 9 10 11 Stand Cover Casing;MY1130E
08 Jun 2026 - 08 Jun 2026;MY1130E-2026-0608;08 Jun 2026;Reversal Commission;8.89;0.6584;Released to My Balance;09 Jun 2026;;26 May 2026;507140361942790;507140362042790;DUX-IC-DOMO-Pro11(2024)-PNK;581066282_MY-23190968141;0;NO;Returned;DUX DOMO Flip Case for iPad Air 13 2025 Pro 11 13 2024 Pro 10.5 12.9 Mini 7 6 Air 5 4/ 7 8 9 10 11 Stand Cover Casing;MY1130E
08 Jun 2026 - 08 Jun 2026;MY1130E-2026-0608;08 Jun 2026;Reversal Item Price;-49.9;0;Released to My Balance;09 Jun 2026;;26 May 2026;507140361942790;507140362042790;DUX-IC-DOMO-Pro11(2024)-PNK;581066282_MY-23190968141;0;NO;Returned;DUX DOMO Flip Case for iPad Air 13 2025 Pro 11 13 2024 Pro 10.5 12.9 Mini 7 6 Air 5 4/ 7 8 9 10 11 Stand Cover Casing;MY1130E
08 Jun 2026 - 08 Jun 2026;MY1130E-2026-0608;08 Jun 2026;Commission;-5.97;0.4424;Released to My Balance;09 Jun 2026;;01 Jun 2026;507410591845777;507410591945777;DUX-STP-YE-AW41-BLK1;4717966312_MY-26605368121;0;NO;Confirmed;DUX YE Series Nylon Velcro Strap for iWatch Ultra S1 S2 S3 11 10 9 8 7 6 5 4 3 2 1 SE 38 40 41 42 44 45 46 49mm;MY1130E
08 Jun 2026 - 08 Jun 2026;MY1130E-2026-0608;08 Jun 2026;Payment Fee;-1.56;0.1152;Released to My Balance;09 Jun 2026;;01 Jun 2026;507410591845777;507410591945777;DUX-STP-YE-AW41-BLK1;4717966312_MY-26605368121;0;NO;Confirmed;DUX YE Series Nylon Velcro Strap for iWatch Ultra S1 S2 S3 11 10 9 8 7 6 5 4 3 2 1 SE 38 40 41 42 44 45 46 49mm;MY1130E
08 Jun 2026 - 08 Jun 2026;MY1130E-2026-0608;08 Jun 2026;Item Price Credit;29.9;0;Released to My Balance;09 Jun 2026;;01 Jun 2026;507410591845777;507410591945777;DUX-STP-YE-AW41-BLK1;4717966312_MY-26605368121;0;NO;Confirmed;DUX YE Series Nylon Velcro Strap for iWatch Ultra S1 S2 S3 11 10 9 8 7 6 5 4 3 2 1 SE 38 40 41 42 44 45 46 49mm;MY1130E
05 Jun 2026 - 05 Jun 2026;MY1130E-2026-0605;05 Jun 2026;Commission;-6.03;0.4464;Released to My Balance;06 Jun 2026;;03 Jun 2026;504306812580247;504306812680247;DDC-LC-MATT-MbookAir/15(23)-BLK;2963590390_MY-21334706884;0;NO;Confirmed;MATTE Hard Laptop Case for MacBook Pro 16 14 13 Air 15 13 M5 M4 M3 M2 M1 Lightweight Cover Casing;MY1130E
05 Jun 2026 - 05 Jun 2026;MY1130E-2026-0605;05 Jun 2026;Payment Fee;-1.46;0.108;Released to My Balance;06 Jun 2026;;03 Jun 2026;504306812580247;504306812680247;DDC-LC-MATT-MbookAir/15(23)-BLK;2963590390_MY-21334706884;0;NO;Confirmed;MATTE Hard Laptop Case for MacBook Pro 16 14 13 Air 15 13 M5 M4 M3 M2 M1 Lightweight Cover Casing;MY1130E
05 Jun 2026 - 05 Jun 2026;MY1130E-2026-0605;05 Jun 2026;Item Price Credit;36;0;Released to My Balance;06 Jun 2026;;03 Jun 2026;504306812580247;504306812680247;DDC-LC-MATT-MbookAir/15(23)-BLK;2963590390_MY-21334706884;0;NO;Confirmed;MATTE Hard Laptop Case for MacBook Pro 16 14 13 Air 15 13 M5 M4 M3 M2 M1 Lightweight Cover Casing;MY1130E
04 Jun 2026 - 04 Jun 2026;MY1130E-2026-0604;04 Jun 2026;Commission;-2.55;0.1888;Released to My Balance;05 Jun 2026;;02 Jun 2026;507558722734129;507558722834129;DDC-WTF-AR-MbookAir/13(22)-CLR;3055340869_MY-16086463658;0;NO;Confirmed;AR FILM Laptop Screen Protector Hydrogel Soft Cover for Macbook Pro 13 14 16 Air 13 15 M1 M2 M3 M4;MY1130E
04 Jun 2026 - 04 Jun 2026;MY1130E-2026-0604;04 Jun 2026;Payment Fee;-0.65;0.048;Released to My Balance;05 Jun 2026;;02 Jun 2026;507558722734129;507558722834129;DDC-WTF-AR-MbookAir/13(22)-CLR;3055340869_MY-16086463658;0;NO;Confirmed;AR FILM Laptop Screen Protector Hydrogel Soft Cover for Macbook Pro 13 14 16 Air 13 15 M1 M2 M3 M4;MY1130E
04 Jun 2026 - 04 Jun 2026;MY1130E-2026-0604;04 Jun 2026;Item Price Credit;15.2;0;Released to My Balance;05 Jun 2026;;02 Jun 2026;507558722734129;507558722834129;DDC-WTF-AR-MbookAir/13(22)-CLR;3055340869_MY-16086463658;0;NO;Confirmed;AR FILM Laptop Screen Protector Hydrogel Soft Cover for Macbook Pro 13 14 16 Air 13 15 M1 M2 M3 M4;MY1130E
04 Jun 2026 - 04 Jun 2026;MY1130E-2026-0604;04 Jun 2026;Commission;-2.83;0.2096;Released to My Balance;05 Jun 2026;;30 May 2026;504064275312923;504064275512923;LEEU-PC-ARCY-i15Pro-CLR;1528188193_MY-24074280691;0;NO;Confirmed;LEEU Acrylic Transparent Magnetic Phone Case for iPhone 17 16 15 14 13 12 11 Pro Max Pro Plus Air Cover Casing;MY1130E
04 Jun 2026 - 04 Jun 2026;MY1130E-2026-0604;04 Jun 2026;Payment Fee;-0.68;0.0504;Released to My Balance;05 Jun 2026;;30 May 2026;504064275312923;504064275512923;LEEU-PC-ARCY-i15Pro-CLR;1528188193_MY-24074280691;0;NO;Confirmed;LEEU Acrylic Transparent Magnetic Phone Case for iPhone 17 16 15 14 13 12 11 Pro Max Pro Plus Air Cover Casing;MY1130E
04 Jun 2026 - 04 Jun 2026;MY1130E-2026-0604;04 Jun 2026;Item Price Credit;15.9;0;Released to My Balance;05 Jun 2026;;30 May 2026;504064275312923;504064275512923;LEEU-PC-ARCY-i15Pro-CLR;1528188193_MY-24074280691;0;NO;Confirmed;LEEU Acrylic Transparent Magnetic Phone Case for iPhone 17 16 15 14 13 12 11 Pro Max Pro Plus Air Cover Casing;MY1130E
04 Jun 2026 - 04 Jun 2026;MY1130E-2026-0604;04 Jun 2026;Commission;-8.89;0.6584;Released to My Balance;05 Jun 2026;;30 May 2026;504064275312923;504064275412923;FRES-PC-iPK360-iP15ProMax-BLK;4835843880_MY-128235286471;0;NO;Confirmed;FRESCOONE CANDYGOGORING Series 360° Rotating Ring Stand Frosted Phone Case for iPhone 17 16 15 Pro Max Pro Cover Casing;MY1130E
04 Jun 2026 - 04 Jun 2026;MY1130E-2026-0604;04 Jun 2026;Payment Fee;-2;0.148;Released to My Balance;05 Jun 2026;;30 May 2026;504064275312923;504064275412923;FRES-PC-iPK360-iP15ProMax-BLK;4835843880_MY-128235286471;0;NO;Confirmed;FRESCOONE CANDYGOGORING Series 360° Rotating Ring Stand Frosted Phone Case for iPhone 17 16 15 Pro Max Pro Cover Casing;MY1130E
04 Jun 2026 - 04 Jun 2026;MY1130E-2026-0604;04 Jun 2026;Item Price Credit;49.9;0;Released to My Balance;05 Jun 2026;;30 May 2026;504064275312923;504064275412923;FRES-PC-iPK360-iP15ProMax-BLK;4835843880_MY-128235286471;0;NO;Confirmed;FRESCOONE CANDYGOGORING Series 360° Rotating Ring Stand Frosted Phone Case for iPhone 17 16 15 Pro Max Pro Cover Casing;MY1130E
02 Jun 2026 - 02 Jun 2026;MY1130E-2026-0602;02 Jun 2026;Commission;-4.44;0.3288;Released to My Balance;03 Jun 2026;;30 May 2026;507325991888069;507325992088069;DUX-PC-FLIP-S25Ultra-BLK;468606483_MY-24883027550;0;NO;Confirmed;DUX SKINPRO Flip Phone Case for Samsung S26 S25 Edge S25 S23 S22 Ultra Plus FE S21 FE S20 Note 20 Ultra Cover Casing;MY1130E
02 Jun 2026 - 02 Jun 2026;MY1130E-2026-0602;02 Jun 2026;Payment Fee;-0.94;0.0696;Released to My Balance;03 Jun 2026;;30 May 2026;507325991888069;507325992088069;DUX-PC-FLIP-S25Ultra-BLK;468606483_MY-24883027550;0;NO;Confirmed;DUX SKINPRO Flip Phone Case for Samsung S26 S25 Edge S25 S23 S22 Ultra Plus FE S21 FE S20 Note 20 Ultra Cover Casing;MY1130E
02 Jun 2026 - 02 Jun 2026;MY1130E-2026-0602;02 Jun 2026;Item Price Credit;24.9;0;Released to My Balance;03 Jun 2026;;30 May 2026;507325991888069;507325992088069;DUX-PC-FLIP-S25Ultra-BLK;468606483_MY-24883027550;0;NO;Confirmed;DUX SKINPRO Flip Phone Case for Samsung S26 S25 Edge S25 S23 S22 Ultra Plus FE S21 FE S20 Note 20 Ultra Cover Casing;MY1130E
02 Jun 2026 - 02 Jun 2026;MY1130E-2026-0602;02 Jun 2026;Commission;-4.44;0.3288;Released to My Balance;03 Jun 2026;;30 May 2026;507325991888069;507325991988069;DUX-PC-FLIP-S25Ultra-BLU;468606483_MY-24883027551;0;NO;Confirmed;DUX SKINPRO Flip Phone Case for Samsung S26 S25 Edge S25 S23 S22 Ultra Plus FE S21 FE S20 Note 20 Ultra Cover Casing;MY1130E
02 Jun 2026 - 02 Jun 2026;MY1130E-2026-0602;02 Jun 2026;Payment Fee;-0.94;0.0696;Released to My Balance;03 Jun 2026;;30 May 2026;507325991888069;507325991988069;DUX-PC-FLIP-S25Ultra-BLU;468606483_MY-24883027551;0;NO;Confirmed;DUX SKINPRO Flip Phone Case for Samsung S26 S25 Edge S25 S23 S22 Ultra Plus FE S21 FE S20 Note 20 Ultra Cover Casing;MY1130E
02 Jun 2026 - 02 Jun 2026;MY1130E-2026-0602;02 Jun 2026;Item Price Credit;24.9;0;Released to My Balance;03 Jun 2026;;30 May 2026;507325991888069;507325991988069;DUX-PC-FLIP-S25Ultra-BLU;468606483_MY-24883027551;0;NO;Confirmed;DUX SKINPRO Flip Phone Case for Samsung S26 S25 Edge S25 S23 S22 Ultra Plus FE S21 FE S20 Note 20 Ultra Cover Casing;MY1130E
01 Jun 2026 - 01 Jun 2026;MY1130E-2026-0601;01 Jun 2026;Commission;-2.3;0.1704;Released to My Balance;02 Jun 2026;;29 May 2026;507323368700012;507323368800012;LEEU-PC-ABAG-i16-CLR;550162189_MY-24063859107;0;NO;Confirmed;LEEU AIR BUMPER Transparent Phone Case for iPhone 17 16 15 14 13 12 11 Pro Max Pro Plus Air Shockproof Cover Casing;MY1130E
01 Jun 2026 - 01 Jun 2026;MY1130E-2026-0601;01 Jun 2026;Payment Fee;-0.69;0.0512;Released to My Balance;02 Jun 2026;;29 May 2026;507323368700012;507323368800012;LEEU-PC-ABAG-i16-CLR;550162189_MY-24063859107;0;NO;Confirmed;LEEU AIR BUMPER Transparent Phone Case for iPhone 17 16 15 14 13 12 11 Pro Max Pro Plus Air Shockproof Cover Casing;MY1130E
01 Jun 2026 - 01 Jun 2026;MY1130E-2026-0601;01 Jun 2026;Item Price Credit;12.9;0;Released to My Balance;02 Jun 2026;;29 May 2026;507323368700012;507323368800012;LEEU-PC-ABAG-i16-CLR;550162189_MY-24063859107;0;NO;Confirmed;LEEU AIR BUMPER Transparent Phone Case for iPhone 17 16 15 14 13 12 11 Pro Max Pro Plus Air Shockproof Cover Casing;MY1130E
01 Jun 2026 - 01 Jun 2026;MY1130E-2026-0601;01 Jun 2026;Commission;-2.68;0.1984;Released to My Balance;02 Jun 2026;;25 May 2026;503871636020211;503871636120211;DDC-WTF-AR-MbookAir/13(22)-CLR;3055340869_MY-16086463658;0;NO;Returned;AR FILM Laptop Screen Protector Hydrogel Soft Cover for Macbook Pro 13 14 16 Air 13 15 M1 M2 M3 M4;MY1130E
01 Jun 2026 - 01 Jun 2026;MY1130E-2026-0601;01 Jun 2026;Payment Fee;-0.68;0.0504;Released to My Balance;02 Jun 2026;;25 May 2026;503871636020211;503871636120211;DDC-WTF-AR-MbookAir/13(22)-CLR;3055340869_MY-16086463658;0;NO;Returned;AR FILM Laptop Screen Protector Hydrogel Soft Cover for Macbook Pro 13 14 16 Air 13 15 M1 M2 M3 M4;MY1130E
01 Jun 2026 - 01 Jun 2026;MY1130E-2026-0601;01 Jun 2026;Item Price Credit;16;0;Released to My Balance;02 Jun 2026;;25 May 2026;503871636020211;503871636120211;DDC-WTF-AR-MbookAir/13(22)-CLR;3055340869_MY-16086463658;0;NO;Returned;AR FILM Laptop Screen Protector Hydrogel Soft Cover for Macbook Pro 13 14 16 Air 13 15 M1 M2 M3 M4;MY1130E
01 Jun 2026 - 01 Jun 2026;MY1130E-2026-0601;01 Jun 2026;Commission;-8;0.5928;Released to My Balance;02 Jun 2026;;28 May 2026;507285376860049;507285376960049;FRES-PC-AG-iP15ProMax;4735472378_MY-26612224627;0;NO;Confirmed;FRESCOONE AG Series Frosted Matte Clear Magnetic Phone Case for iPhone 17 16 15 14 Pro Max Pro Plus Air Cover Casing;MY1130E
01 Jun 2026 - 01 Jun 2026;MY1130E-2026-0601;01 Jun 2026;Payment Fee;-2.18;0.1616;Released to My Balance;02 Jun 2026;;28 May 2026;507285376860049;507285376960049;FRES-PC-AG-iP15ProMax;4735472378_MY-26612224627;0;NO;Confirmed;FRESCOONE AG Series Frosted Matte Clear Magnetic Phone Case for iPhone 17 16 15 14 Pro Max Pro Plus Air Cover Casing;MY1130E
01 Jun 2026 - 01 Jun 2026;MY1130E-2026-0601;01 Jun 2026;Item Price Credit;44.9;0;Released to My Balance;02 Jun 2026;;28 May 2026;507285376860049;507285376960049;FRES-PC-AG-iP15ProMax;4735472378_MY-26612224627;0;NO;Confirmed;FRESCOONE AG Series Frosted Matte Clear Magnetic Phone Case for iPhone 17 16 15 14 Pro Max Pro Plus Air Cover Casing;MY1130E
31 May 2026 - 31 May 2026;MY1130E-2026-0531;31 May 2026;Sponsored Affiliates;-3.23;0.2392;Released to My Balance;01 Jun 2026;Delivered;26 May 2026;507140361942790;507140362042790;DUX-IC-DOMO-Pro11(2024)-PNK;581066282_MY-23190968141;0;NO;Returned;DUX DOMO Flip Case for iPad Air 13 2025 Pro 11 13 2024 Pro 10.5 12.9 Mini 7 6 Air 5 4/ 7 8 9 10 11 Stand Cover Casing;MY1130E
31 May 2026 - 31 May 2026;MY1130E-2026-0531;31 May 2026;Sponsored Affiliates;-2.58;0.1912;Released to My Balance;01 Jun 2026;Delivered;24 May 2026;507030526208200;507030526308200;KDZ-PC-STAN-ZFlip7-TPR;4193493080_MY-26699534099;0;NO;Confirmed;Magnetic RING STAND Flip Phone Case for Samsung Galaxy Z Flip 7 FE 7 6 5 Rotating Bracket Cover Casing;MY1130E
30 May 2026 - 30 May 2026;MY1130E-2026-0530;30 May 2026;Commission;-7.11;0.5264;Released to My Balance;31 May 2026;;24 May 2026;507030526208200;507030526308200;KDZ-PC-STAN-ZFlip7-TPR;4193493080_MY-26699534099;0;NO;Confirmed;Magnetic RING STAND Flip Phone Case for Samsung Galaxy Z Flip 7 FE 7 6 5 Rotating Bracket Cover Casing;MY1130E
30 May 2026 - 30 May 2026;MY1130E-2026-0530;30 May 2026;Payment Fee;-1.51;0.112;Released to My Balance;31 May 2026;;24 May 2026;507030526208200;507030526308200;KDZ-PC-STAN-ZFlip7-TPR;4193493080_MY-26699534099;0;NO;Confirmed;Magnetic RING STAND Flip Phone Case for Samsung Galaxy Z Flip 7 FE 7 6 5 Rotating Bracket Cover Casing;MY1130E
30 May 2026 - 30 May 2026;MY1130E-2026-0530;30 May 2026;Item Price Credit;39.9;0;Released to My Balance;31 May 2026;;24 May 2026;507030526208200;507030526308200;KDZ-PC-STAN-ZFlip7-TPR;4193493080_MY-26699534099;0;NO;Confirmed;Magnetic RING STAND Flip Phone Case for Samsung Galaxy Z Flip 7 FE 7 6 5 Rotating Bracket Cover Casing;MY1130E
30 May 2026 - 30 May 2026;MY1130E-2026-0530;30 May 2026;Commission;-8.89;0.6584;Released to My Balance;31 May 2026;;26 May 2026;507140361942790;507140362042790;DUX-IC-DOMO-Pro11(2024)-PNK;581066282_MY-23190968141;0;NO;Returned;DUX DOMO Flip Case for iPad Air 13 2025 Pro 11 13 2024 Pro 10.5 12.9 Mini 7 6 Air 5 4/ 7 8 9 10 11 Stand Cover Casing;MY1130E
30 May 2026 - 30 May 2026;MY1130E-2026-0530;30 May 2026;Payment Fee;-1.92;0.1424;Released to My Balance;31 May 2026;;26 May 2026;507140361942790;507140362042790;DUX-IC-DOMO-Pro11(2024)-PNK;581066282_MY-23190968141;0;NO;Returned;DUX DOMO Flip Case for iPad Air 13 2025 Pro 11 13 2024 Pro 10.5 12.9 Mini 7 6 Air 5 4/ 7 8 9 10 11 Stand Cover Casing;MY1130E
30 May 2026 - 30 May 2026;MY1130E-2026-0530;30 May 2026;Item Price Credit;49.9;0;Released to My Balance;31 May 2026;;26 May 2026;507140361942790;507140362042790;DUX-IC-DOMO-Pro11(2024)-PNK;581066282_MY-23190968141;0;NO;Returned;DUX DOMO Flip Case for iPad Air 13 2025 Pro 11 13 2024 Pro 10.5 12.9 Mini 7 6 Air 5 4/ 7 8 9 10 11 Stand Cover Casing;MY1130E
30 May 2026 - 30 May 2026;MY1130E-2026-0530;30 May 2026;Commission;-3.19;0.236;Released to My Balance;31 May 2026;;24 May 2026;503822294608001;503822294808001;ZFRI-SP-GOR-i15-PVC;3832505813_MY-26277806892;0;NO;Confirmed;FRESCO GORILLA Clear/Privacy Tempered Glass Screen Protector for iPhone 17 16 15 14 13 12 11 Pro Max Plus Air XS Max XR;MY1130E
30 May 2026 - 30 May 2026;MY1130E-2026-0530;30 May 2026;Payment Fee;-0.68;0.0504;Released to My Balance;31 May 2026;;24 May 2026;503822294608001;503822294808001;ZFRI-SP-GOR-i15-PVC;3832505813_MY-26277806892;0;NO;Confirmed;FRESCO GORILLA Clear/Privacy Tempered Glass Screen Protector for iPhone 17 16 15 14 13 12 11 Pro Max Plus Air XS Max XR;MY1130E
30 May 2026 - 30 May 2026;MY1130E-2026-0530;30 May 2026;Item Price Credit;17.9;0;Released to My Balance;31 May 2026;;24 May 2026;503822294608001;503822294808001;ZFRI-SP-GOR-i15-PVC;3832505813_MY-26277806892;0;NO;Confirmed;FRESCO GORILLA Clear/Privacy Tempered Glass Screen Protector for iPhone 17 16 15 14 13 12 11 Pro Max Plus Air XS Max XR;MY1130E
30 May 2026 - 30 May 2026;MY1130E-2026-0530;30 May 2026;Commission;-3.19;0.236;Released to My Balance;31 May 2026;;24 May 2026;503822294608001;503822294708001;ZFRI-SP-GOR-i13-PVC1;3832505813_MY-26277806884;0;NO;Confirmed;FRESCO GORILLA Clear/Privacy Tempered Glass Screen Protector for iPhone 17 16 15 14 13 12 11 Pro Max Plus Air XS Max XR;MY1130E
30 May 2026 - 30 May 2026;MY1130E-2026-0530;30 May 2026;Payment Fee;-0.68;0.0504;Released to My Balance;31 May 2026;;24 May 2026;503822294608001;503822294708001;ZFRI-SP-GOR-i13-PVC1;3832505813_MY-26277806884;0;NO;Confirmed;FRESCO GORILLA Clear/Privacy Tempered Glass Screen Protector for iPhone 17 16 15 14 13 12 11 Pro Max Plus Air XS Max XR;MY1130E
30 May 2026 - 30 May 2026;MY1130E-2026-0530;30 May 2026;Item Price Credit;17.9;0;Released to My Balance;31 May 2026;;24 May 2026;503822294608001;503822294708001;ZFRI-SP-GOR-i13-PVC1;3832505813_MY-26277806884;0;NO;Confirmed;FRESCO GORILLA Clear/Privacy Tempered Glass Screen Protector for iPhone 17 16 15 14 13 12 11 Pro Max Plus Air XS Max XR;MY1130E
30 May 2026 - 30 May 2026;MY1130E-2026-0530;30 May 2026;Commission;-7.6;0.5632;Released to My Balance;31 May 2026;;23 May 2026;503762459174856;503762459274856;FRES-PC-SL(MS)-i13/14-MB/GRN;4711502308_MY-26410032229;0;NO;Confirmed;FRESCOONE SL Series Liquid Silicone Magnetic Phone Case for iPhone 15 14 13 Pro Max Pro 14 13 Shockproof Cover Casing;MY1130E
30 May 2026 - 30 May 2026;MY1130E-2026-0530;30 May 2026;Payment Fee;-1.61;0.1192;Released to My Balance;31 May 2026;;23 May 2026;503762459174856;503762459274856;FRES-PC-SL(MS)-i13/14-MB/GRN;4711502308_MY-26410032229;0;NO;Confirmed;FRESCOONE SL Series Liquid Silicone Magnetic Phone Case for iPhone 15 14 13 Pro Max Pro 14 13 Shockproof Cover Casing;MY1130E
30 May 2026 - 30 May 2026;MY1130E-2026-0530;30 May 2026;Item Price Credit;42.66;0;Released to My Balance;31 May 2026;;23 May 2026;503762459174856;503762459274856;FRES-PC-SL(MS)-i13/14-MB/GRN;4711502308_MY-26410032229;0;NO;Confirmed;FRESCOONE SL Series Liquid Silicone Magnetic Phone Case for iPhone 15 14 13 Pro Max Pro 14 13 Shockproof Cover Casing;MY1130E
29 May 2026 - 29 May 2026;MY1130E-2026-0529;29 May 2026;Commission;-3.73;0.276;Released to My Balance;30 May 2026;;22 May 2026;503703864498007;503703864598007;ZFRI-SP-GOR-i15-MAT;3832505813_MY-26277806916;0;NO;Confirmed;FRESCO GORILLA Clear/Privacy Tempered Glass Screen Protector for iPhone 17 16 15 14 13 12 11 Pro Max Plus Air XS Max XR;MY1130E
29 May 2026 - 29 May 2026;MY1130E-2026-0529;29 May 2026;Payment Fee;-0.8;0.0592;Released to My Balance;30 May 2026;;22 May 2026;503703864498007;503703864598007;ZFRI-SP-GOR-i15-MAT;3832505813_MY-26277806916;0;NO;Confirmed;FRESCO GORILLA Clear/Privacy Tempered Glass Screen Protector for iPhone 17 16 15 14 13 12 11 Pro Max Plus Air XS Max XR;MY1130E
29 May 2026 - 29 May 2026;MY1130E-2026-0529;29 May 2026;Item Price Credit;20.9;0;Released to My Balance;30 May 2026;;22 May 2026;503703864498007;503703864598007;ZFRI-SP-GOR-i15-MAT;3832505813_MY-26277806916;0;NO;Confirmed;FRESCO GORILLA Clear/Privacy Tempered Glass Screen Protector for iPhone 17 16 15 14 13 12 11 Pro Max Plus Air XS Max XR;MY1130E
28 May 2026 - 28 May 2026;MY1130E-2026-0528;28 May 2026;Sponsored Affiliates;-0.96;0.0712;Released to My Balance;29 May 2026;Delivered;21 May 2026;506910971624322;506910971824322;MXX-WTF-TabS8Ultra-CLR1;3470455464_MY-21378184170;0;NO;Confirmed;WATERFILM Screen Protector Hydrogel Tablet Soft Film for Samsung Galaxy Tab S10 S9 S8 S7 S6 A8 Ultra Plus FE Lite;MY1130E
28 May 2026 - 28 May 2026;MY1130E-2026-0528;28 May 2026;Sponsored Affiliates;-0.96;0.0712;Released to My Balance;29 May 2026;Delivered;21 May 2026;506910971624322;506910971724322;MXX-WTF-TabS8Ultra-CLR1;3470455464_MY-21378184170;0;NO;Confirmed;WATERFILM Screen Protector Hydrogel Tablet Soft Film for Samsung Galaxy Tab S10 S9 S8 S7 S6 A8 Ultra Plus FE Lite;MY1130E
27 May 2026 - 27 May 2026;MY1130E-2026-0527;27 May 2026;Commission;-5.51;0.408;Released to My Balance;28 May 2026;;21 May 2026;506917306228011;506917306328011;DDC-LC-CRYS-MbookPro/14(21)-CLR;2962151261_MY-14502265244;0;NO;Confirmed;CRYSTAL Clear Hard Laptop Case for MacBook Air 15 13 Pro 16 14 13 M1 M2 M3 M4 M5 Cover Casing;MY1130E
27 May 2026 - 27 May 2026;MY1130E-2026-0527;27 May 2026;Payment Fee;-1.24;0.092;Released to My Balance;28 May 2026;;21 May 2026;506917306228011;506917306328011;DDC-LC-CRYS-MbookPro/14(21)-CLR;2962151261_MY-14502265244;0;NO;Confirmed;CRYSTAL Clear Hard Laptop Case for MacBook Air 15 13 Pro 16 14 13 M1 M2 M3 M4 M5 Cover Casing;MY1130E
27 May 2026 - 27 May 2026;MY1130E-2026-0527;27 May 2026;Item Price Credit;32.9;0;Released to My Balance;28 May 2026;;21 May 2026;506917306228011;506917306328011;DDC-LC-CRYS-MbookPro/14(21)-CLR;2962151261_MY-14502265244;0;NO;Confirmed;CRYSTAL Clear Hard Laptop Case for MacBook Air 15 13 Pro 16 14 13 M1 M2 M3 M4 M5 Cover Casing;MY1130E
27 May 2026 - 27 May 2026;MY1130E-2026-0527;27 May 2026;Sponsored Affiliates;-2.58;0.1912;Released to My Balance;28 May 2026;Delivered;21 May 2026;503654602438633;503654602538633;KDZ-PC-STAN-ZFlip6-TPR;4193493080_MY-24202208747;0;NO;Confirmed;Magnetic RING STAND Flip Phone Case for Samsung Galaxy Z Flip 7 FE 7 6 5 Rotating Bracket Cover Casing;MY1130E
27 May 2026 - 27 May 2026;MY1130E-2026-0527;27 May 2026;Commission;-2.66;0.1968;Released to My Balance;28 May 2026;;21 May 2026;506910971624322;506910971824322;MXX-WTF-TabS8Ultra-CLR1;3470455464_MY-21378184170;0;NO;Confirmed;WATERFILM Screen Protector Hydrogel Tablet Soft Film for Samsung Galaxy Tab S10 S9 S8 S7 S6 A8 Ultra Plus FE Lite;MY1130E
27 May 2026 - 27 May 2026;MY1130E-2026-0527;27 May 2026;Payment Fee;-0.56;0.0416;Released to My Balance;28 May 2026;;21 May 2026;506910971624322;506910971824322;MXX-WTF-TabS8Ultra-CLR1;3470455464_MY-21378184170;0;NO;Confirmed;WATERFILM Screen Protector Hydrogel Tablet Soft Film for Samsung Galaxy Tab S10 S9 S8 S7 S6 A8 Ultra Plus FE Lite;MY1130E
27 May 2026 - 27 May 2026;MY1130E-2026-0527;27 May 2026;Item Price Credit;14.9;0;Released to My Balance;28 May 2026;;21 May 2026;506910971624322;506910971824322;MXX-WTF-TabS8Ultra-CLR1;3470455464_MY-21378184170;0;NO;Confirmed;WATERFILM Screen Protector Hydrogel Tablet Soft Film for Samsung Galaxy Tab S10 S9 S8 S7 S6 A8 Ultra Plus FE Lite;MY1130E
27 May 2026 - 27 May 2026;MY1130E-2026-0527;27 May 2026;Commission;-2.66;0.1968;Released to My Balance;28 May 2026;;21 May 2026;506910971624322;506910971724322;MXX-WTF-TabS8Ultra-CLR1;3470455464_MY-21378184170;0;NO;Confirmed;WATERFILM Screen Protector Hydrogel Tablet Soft Film for Samsung Galaxy Tab S10 S9 S8 S7 S6 A8 Ultra Plus FE Lite;MY1130E
27 May 2026 - 27 May 2026;MY1130E-2026-0527;27 May 2026;Payment Fee;-0.56;0.0416;Released to My Balance;28 May 2026;;21 May 2026;506910971624322;506910971724322;MXX-WTF-TabS8Ultra-CLR1;3470455464_MY-21378184170;0;NO;Confirmed;WATERFILM Screen Protector Hydrogel Tablet Soft Film for Samsung Galaxy Tab S10 S9 S8 S7 S6 A8 Ultra Plus FE Lite;MY1130E
27 May 2026 - 27 May 2026;MY1130E-2026-0527;27 May 2026;Item Price Credit;14.9;0;Released to My Balance;28 May 2026;;21 May 2026;506910971624322;506910971724322;MXX-WTF-TabS8Ultra-CLR1;3470455464_MY-21378184170;0;NO;Confirmed;WATERFILM Screen Protector Hydrogel Tablet Soft Film for Samsung Galaxy Tab S10 S9 S8 S7 S6 A8 Ultra Plus FE Lite;MY1130E
26 May 2026 - 26 May 2026;MY1130E-2026-0526;26 May 2026;Commission;-4.44;0.3288;Released to My Balance;27 May 2026;;21 May 2026;503630802418155;503630802518155;DUX-PC-POC-iP17ProMax-BLK;4741273736_MY-26665300916;0;NO;Confirmed;DUX POCARD Series Phone Case for iPhone 17 Pro Max 17 Pro 17 iPhone Air PU Leather Card Holder Wallet Cover Casing;MY1130E
26 May 2026 - 26 May 2026;MY1130E-2026-0526;26 May 2026;Payment Fee;-1.14;0.0848;Released to My Balance;27 May 2026;;21 May 2026;503630802418155;503630802518155;DUX-PC-POC-iP17ProMax-BLK;4741273736_MY-26665300916;0;NO;Confirmed;DUX POCARD Series Phone Case for iPhone 17 Pro Max 17 Pro 17 iPhone Air PU Leather Card Holder Wallet Cover Casing;MY1130E
26 May 2026 - 26 May 2026;MY1130E-2026-0526;26 May 2026;Item Price Credit;24.9;0;Released to My Balance;27 May 2026;;21 May 2026;503630802418155;503630802518155;DUX-PC-POC-iP17ProMax-BLK;4741273736_MY-26665300916;0;NO;Confirmed;DUX POCARD Series Phone Case for iPhone 17 Pro Max 17 Pro 17 iPhone Air PU Leather Card Holder Wallet Cover Casing;MY1130E
26 May 2026 - 26 May 2026;MY1130E-2026-0526;26 May 2026;Commission;-3.54;0.2624;Released to My Balance;27 May 2026;;20 May 2026;503608811412009;503608811512009;7TREE-PC-SHI-Pixel9Pro-BLK;4285556081_MY-24207929489;0;NO;Confirmed;Hybrid Transparent Magnetic Phone Case for Google Pixel 10 9 Pro XL 10 9 Pro 9A Shockproof Cover Casing;MY1130E
26 May 2026 - 26 May 2026;MY1130E-2026-0526;26 May 2026;Payment Fee;-0.85;0.0632;Released to My Balance;27 May 2026;;20 May 2026;503608811412009;503608811512009;7TREE-PC-SHI-Pixel9Pro-BLK;4285556081_MY-24207929489;0;NO;Confirmed;Hybrid Transparent Magnetic Phone Case for Google Pixel 10 9 Pro XL 10 9 Pro 9A Shockproof Cover Casing;MY1130E
26 May 2026 - 26 May 2026;MY1130E-2026-0526;26 May 2026;Item Price Credit;19.9;0;Released to My Balance;27 May 2026;;20 May 2026;503608811412009;503608811512009;7TREE-PC-SHI-Pixel9Pro-BLK;4285556081_MY-24207929489;0;NO;Confirmed;Hybrid Transparent Magnetic Phone Case for Google Pixel 10 9 Pro XL 10 9 Pro 9A Shockproof Cover Casing;MY1130E
26 May 2026 - 26 May 2026;MY1130E-2026-0526;26 May 2026;Commission;-8.89;0.6584;Released to My Balance;27 May 2026;;20 May 2026;503627456522509;503627456622509;FRES-PC-iPK360-iP15Pro-WHT;4835843880_MY-128235286476;0;NO;Confirmed;FRESCOONE CANDYGOGORING Series 360° Rotating Ring Stand Frosted Phone Case for iPhone 17 16 15 Pro Max Pro Cover Casing;MY1130E
26 May 2026 - 26 May 2026;MY1130E-2026-0526;26 May 2026;Payment Fee;-1.89;0.14;Released to My Balance;27 May 2026;;20 May 2026;503627456522509;503627456622509;FRES-PC-iPK360-iP15Pro-WHT;4835843880_MY-128235286476;0;NO;Confirmed;FRESCOONE CANDYGOGORING Series 360° Rotating Ring Stand Frosted Phone Case for iPhone 17 16 15 Pro Max Pro Cover Casing;MY1130E
26 May 2026 - 26 May 2026;MY1130E-2026-0526;26 May 2026;Item Price Credit;49.9;0;Released to My Balance;27 May 2026;;20 May 2026;503627456522509;503627456622509;FRES-PC-iPK360-iP15Pro-WHT;4835843880_MY-128235286476;0;NO;Confirmed;FRESCOONE CANDYGOGORING Series 360° Rotating Ring Stand Frosted Phone Case for iPhone 17 16 15 Pro Max Pro Cover Casing;MY1130E
26 May 2026 - 26 May 2026;MY1130E-2026-0526;26 May 2026;Commission;-3.54;0.2624;Released to My Balance;27 May 2026;;20 May 2026;503624069574053;503624069674053;7TREE-PC-SHI-Pixel9ProXL-TP;4285556081_MY-24207929486;0;NO;Confirmed;Hybrid Transparent Magnetic Phone Case for Google Pixel 10 9 Pro XL 10 9 Pro 9A Shockproof Cover Casing;MY1130E
26 May 2026 - 26 May 2026;MY1130E-2026-0526;26 May 2026;Payment Fee;-0.76;0.056;Released to My Balance;27 May 2026;;20 May 2026;503624069574053;503624069674053;7TREE-PC-SHI-Pixel9ProXL-TP;4285556081_MY-24207929486;0;NO;Confirmed;Hybrid Transparent Magnetic Phone Case for Google Pixel 10 9 Pro XL 10 9 Pro 9A Shockproof Cover Casing;MY1130E
26 May 2026 - 26 May 2026;MY1130E-2026-0526;26 May 2026;Item Price Credit;19.9;0;Released to My Balance;27 May 2026;;20 May 2026;503624069574053;503624069674053;7TREE-PC-SHI-Pixel9ProXL-TP;4285556081_MY-24207929486;0;NO;Confirmed;Hybrid Transparent Magnetic Phone Case for Google Pixel 10 9 Pro XL 10 9 Pro 9A Shockproof Cover Casing;MY1130E
26 May 2026 - 26 May 2026;MY1130E-2026-0526;26 May 2026;Commission;-7.11;0.5264;Released to My Balance;27 May 2026;;21 May 2026;503654602438633;503654602538633;KDZ-PC-STAN-ZFlip6-TPR;4193493080_MY-24202208747;0;NO;Confirmed;Magnetic RING STAND Flip Phone Case for Samsung Galaxy Z Flip 7 FE 7 6 5 Rotating Bracket Cover Casing;MY1130E
26 May 2026 - 26 May 2026;MY1130E-2026-0526;26 May 2026;Payment Fee;-1.51;0.112;Released to My Balance;27 May 2026;;21 May 2026;503654602438633;503654602538633;KDZ-PC-STAN-ZFlip6-TPR;4193493080_MY-24202208747;0;NO;Confirmed;Magnetic RING STAND Flip Phone Case for Samsung Galaxy Z Flip 7 FE 7 6 5 Rotating Bracket Cover Casing;MY1130E
26 May 2026 - 26 May 2026;MY1130E-2026-0526;26 May 2026;Item Price Credit;39.9;0;Released to My Balance;27 May 2026;;21 May 2026;503654602438633;503654602538633;KDZ-PC-STAN-ZFlip6-TPR;4193493080_MY-24202208747;0;NO;Confirmed;Magnetic RING STAND Flip Phone Case for Samsung Galaxy Z Flip 7 FE 7 6 5 Rotating Bracket Cover Casing;MY1130E
24 May 2026 - 24 May 2026;MY1130E-2026-0524;24 May 2026;Commission;-4.44;0.3288;Released to My Balance;25 May 2026;;18 May 2026;503518041401737;503518041501737;DUX-PC-FLIP-S25Ultra-BLU;468606483_MY-24883027551;0;NO;Confirmed;DUX SKINPRO Flip Phone Case for Samsung S26 S25 Edge S25 S23 S22 Ultra Plus FE S21 FE S20 Note 20 Ultra Cover Casing;MY1130E
24 May 2026 - 24 May 2026;MY1130E-2026-0524;24 May 2026;Payment Fee;-0.94;0.0696;Released to My Balance;25 May 2026;;18 May 2026;503518041401737;503518041501737;DUX-PC-FLIP-S25Ultra-BLU;468606483_MY-24883027551;0;NO;Confirmed;DUX SKINPRO Flip Phone Case for Samsung S26 S25 Edge S25 S23 S22 Ultra Plus FE S21 FE S20 Note 20 Ultra Cover Casing;MY1130E
24 May 2026 - 24 May 2026;MY1130E-2026-0524;24 May 2026;Item Price Credit;24.9;0;Released to My Balance;25 May 2026;;18 May 2026;503518041401737;503518041501737;DUX-PC-FLIP-S25Ultra-BLU;468606483_MY-24883027551;0;NO;Confirmed;DUX SKINPRO Flip Phone Case for Samsung S26 S25 Edge S25 S23 S22 Ultra Plus FE S21 FE S20 Note 20 Ultra Cover Casing;MY1130E
23 May 2026 - 23 May 2026;MY1130E-2026-0523;23 May 2026;Commission;-8;0.5928;Released to My Balance;24 May 2026;;20 May 2026;506878722164273;506878722264273;FRES-PC-SD(MS)-i16Pro-WHT;4775689753_MY-27445211134;0;NO;Confirmed;FRESCOONE SD (MAGNET) Series Liquid Silicone Phone Case  for iPhone 17 16 Pro Max Pro iPhone Air Cover Casing;MY1130E
23 May 2026 - 23 May 2026;MY1130E-2026-0523;23 May 2026;Payment Fee;-1.7;0.1256;Released to My Balance;24 May 2026;;20 May 2026;506878722164273;506878722264273;FRES-PC-SD(MS)-i16Pro-WHT;4775689753_MY-27445211134;0;NO;Confirmed;FRESCOONE SD (MAGNET) Series Liquid Silicone Phone Case  for iPhone 17 16 Pro Max Pro iPhone Air Cover Casing;MY1130E
23 May 2026 - 23 May 2026;MY1130E-2026-0523;23 May 2026;Item Price Credit;44.9;0;Released to My Balance;24 May 2026;;20 May 2026;506878722164273;506878722264273;FRES-PC-SD(MS)-i16Pro-WHT;4775689753_MY-27445211134;0;NO;Confirmed;FRESCOONE SD (MAGNET) Series Liquid Silicone Phone Case  for iPhone 17 16 Pro Max Pro iPhone Air Cover Casing;MY1130E
23 May 2026 - 23 May 2026;MY1130E-2026-0523;23 May 2026;Commission;-3.19;0.236;Released to My Balance;24 May 2026;;17 May 2026;506690911151221;506690911251221;GKK-PC-AIR2-ZFlip7-CLR;3825904931_MY-26250527313;0;NO;Confirmed;GKK FULL AIR GUARD Transparent Phone Case for Samsung Galaxy Z Flip 7 FE 7 6 5 Magnetic Shockproof Cover Casing;MY1130E
23 May 2026 - 23 May 2026;MY1130E-2026-0523;23 May 2026;Payment Fee;-0.68;0.0504;Released to My Balance;24 May 2026;;17 May 2026;506690911151221;506690911251221;GKK-PC-AIR2-ZFlip7-CLR;3825904931_MY-26250527313;0;NO;Confirmed;GKK FULL AIR GUARD Transparent Phone Case for Samsung Galaxy Z Flip 7 FE 7 6 5 Magnetic Shockproof Cover Casing;MY1130E
23 May 2026 - 23 May 2026;MY1130E-2026-0523;23 May 2026;Item Price Credit;17.9;0;Released to My Balance;24 May 2026;;17 May 2026;506690911151221;506690911251221;GKK-PC-AIR2-ZFlip7-CLR;3825904931_MY-26250527313;0;NO;Confirmed;GKK FULL AIR GUARD Transparent Phone Case for Samsung Galaxy Z Flip 7 FE 7 6 5 Magnetic Shockproof Cover Casing;MY1130E
23 May 2026 - 23 May 2026;MY1130E-2026-0523;23 May 2026;Commission;-5.53;0.4096;Released to My Balance;24 May 2026;;16 May 2026;503398484391140;503398484491140;DDC-LC-MATT-MbookPro/13(22)-GRY;2963590390_MY-23395232096;0;NO;Confirmed;MATTE Hard Laptop Case for MacBook Pro 16 14 13 Air 15 13 M5 M4 M3 M2 M1 Lightweight Cover Casing;MY1130E
23 May 2026 - 23 May 2026;MY1130E-2026-0523;23 May 2026;Payment Fee;-1.63;0.1208;Released to My Balance;24 May 2026;;16 May 2026;503398484391140;503398484491140;DDC-LC-MATT-MbookPro/13(22)-GRY;2963590390_MY-23395232096;0;NO;Confirmed;MATTE Hard Laptop Case for MacBook Pro 16 14 13 Air 15 13 M5 M4 M3 M2 M1 Lightweight Cover Casing;MY1130E
23 May 2026 - 23 May 2026;MY1130E-2026-0523;23 May 2026;Item Price Credit;37.9;0;Released to My Balance;24 May 2026;;16 May 2026;503398484391140;503398484491140;DDC-LC-MATT-MbookPro/13(22)-GRY;2963590390_MY-23395232096;0;NO;Confirmed;MATTE Hard Laptop Case for MacBook Pro 16 14 13 Air 15 13 M5 M4 M3 M2 M1 Lightweight Cover Casing;MY1130E
23 May 2026 - 23 May 2026;MY1130E-2026-0523;23 May 2026;Commission;-3.57;0.2648;Released to My Balance;24 May 2026;;21 May 2026;506887724105560;506887724305560;DUX-WAC-YJ-42/44/45/49-BLK/GRY2;4735384459_MY-26611863660;0;NO;Confirmed;DUX YJ Nylon Strap for iWatch Ultra S1 S2 S3 11 10 9 8 7 6 5 4 3 2 1 SE 38 40 41 42 44 45 46 49mm Watch Band Loop;MY1130E
23 May 2026 - 23 May 2026;MY1130E-2026-0523;23 May 2026;Payment Fee;-0.68;0.0504;Released to My Balance;24 May 2026;;21 May 2026;506887724105560;506887724305560;DUX-WAC-YJ-42/44/45/49-BLK/GRY2;4735384459_MY-26611863660;0;NO;Confirmed;DUX YJ Nylon Strap for iWatch Ultra S1 S2 S3 11 10 9 8 7 6 5 4 3 2 1 SE 38 40 41 42 44 45 46 49mm Watch Band Loop;MY1130E
23 May 2026 - 23 May 2026;MY1130E-2026-0523;23 May 2026;Item Price Credit;17.9;0;Released to My Balance;24 May 2026;;21 May 2026;506887724105560;506887724305560;DUX-WAC-YJ-42/44/45/49-BLK/GRY2;4735384459_MY-26611863660;0;NO;Confirmed;DUX YJ Nylon Strap for iWatch Ultra S1 S2 S3 11 10 9 8 7 6 5 4 3 2 1 SE 38 40 41 42 44 45 46 49mm Watch Band Loop;MY1130E
23 May 2026 - 23 May 2026;MY1130E-2026-0523;23 May 2026;Commission;-3.57;0.2648;Released to My Balance;24 May 2026;;21 May 2026;506887724105560;506887724205560;DUX-WAC-YJ-42/44/45-ORG/BEI2;4735384459_MY-26611863649;0;NO;Confirmed;DUX YJ Nylon Strap for iWatch Ultra S1 S2 S3 11 10 9 8 7 6 5 4 3 2 1 SE 38 40 41 42 44 45 46 49mm Watch Band Loop;MY1130E
23 May 2026 - 23 May 2026;MY1130E-2026-0523;23 May 2026;Payment Fee;-0.68;0.0504;Released to My Balance;24 May 2026;;21 May 2026;506887724105560;506887724205560;DUX-WAC-YJ-42/44/45-ORG/BEI2;4735384459_MY-26611863649;0;NO;Confirmed;DUX YJ Nylon Strap for iWatch Ultra S1 S2 S3 11 10 9 8 7 6 5 4 3 2 1 SE 38 40 41 42 44 45 46 49mm Watch Band Loop;MY1130E
23 May 2026 - 23 May 2026;MY1130E-2026-0523;23 May 2026;Item Price Credit;17.9;0;Released to My Balance;24 May 2026;;21 May 2026;506887724105560;506887724205560;DUX-WAC-YJ-42/44/45-ORG/BEI2;4735384459_MY-26611863649;0;NO;Confirmed;DUX YJ Nylon Strap for iWatch Ultra S1 S2 S3 11 10 9 8 7 6 5 4 3 2 1 SE 38 40 41 42 44 45 46 49mm Watch Band Loop;MY1130E
21 May 2026 - 21 May 2026;MY1130E-2026-0521;21 May 2026;Commission;-2.83;0.2096;Released to My Balance;22 May 2026;;18 May 2026;503507205284396;503507205384396;LEEU-PC-ARCY-i13ProMax-TP;1528188193_MY-24074280698;0;NO;Confirmed;LEEU Acrylic Transparent Magnetic Phone Case for iPhone 17 16 15 14 13 12 11 Pro Max Pro Plus Air Cover Casing;MY1130E
21 May 2026 - 21 May 2026;MY1130E-2026-0521;21 May 2026;Payment Fee;-0.6;0.0448;Released to My Balance;22 May 2026;;18 May 2026;503507205284396;503507205384396;LEEU-PC-ARCY-i13ProMax-TP;1528188193_MY-24074280698;0;NO;Confirmed;LEEU Acrylic Transparent Magnetic Phone Case for iPhone 17 16 15 14 13 12 11 Pro Max Pro Plus Air Cover Casing;MY1130E
21 May 2026 - 21 May 2026;MY1130E-2026-0521;21 May 2026;Item Price Credit;15.9;0;Released to My Balance;22 May 2026;;18 May 2026;503507205284396;503507205384396;LEEU-PC-ARCY-i13ProMax-TP;1528188193_MY-24074280698;0;NO;Confirmed;LEEU Acrylic Transparent Magnetic Phone Case for iPhone 17 16 15 14 13 12 11 Pro Max Pro Plus Air Cover Casing;MY1130E
21 May 2026 - 21 May 2026;MY1130E-2026-0521;21 May 2026;Payment Fee Credit;1.71;0.1264;Released to My Balance;22 May 2026;Payment fee refund due to return with Change of Mind.;13 May 2026;503235878490475;503235878590475;KDZ-PC-STAN-ZFlip7-TPR;4193493080_MY-26699534099;0;NO;Returned;Magnetic RING STAND Flip Phone Case for Samsung Galaxy Z Flip 7 FE 7 6 5 Rotating Bracket Cover Casing;MY1130E
21 May 2026 - 21 May 2026;MY1130E-2026-0521;21 May 2026;Reversal Commission;7.11;0.5264;Released to My Balance;22 May 2026;;13 May 2026;503235878490475;503235878590475;KDZ-PC-STAN-ZFlip7-TPR;4193493080_MY-26699534099;0;NO;Returned;Magnetic RING STAND Flip Phone Case for Samsung Galaxy Z Flip 7 FE 7 6 5 Rotating Bracket Cover Casing;MY1130E
21 May 2026 - 21 May 2026;MY1130E-2026-0521;21 May 2026;Commission;-7.11;0.5264;Released to My Balance;22 May 2026;;13 May 2026;503235878490475;503235878590475;KDZ-PC-STAN-ZFlip7-TPR;4193493080_MY-26699534099;0;NO;Returned;Magnetic RING STAND Flip Phone Case for Samsung Galaxy Z Flip 7 FE 7 6 5 Rotating Bracket Cover Casing;MY1130E
21 May 2026 - 21 May 2026;MY1130E-2026-0521;21 May 2026;Payment Fee;-1.71;0.1264;Released to My Balance;22 May 2026;;13 May 2026;503235878490475;503235878590475;KDZ-PC-STAN-ZFlip7-TPR;4193493080_MY-26699534099;0;NO;Returned;Magnetic RING STAND Flip Phone Case for Samsung Galaxy Z Flip 7 FE 7 6 5 Rotating Bracket Cover Casing;MY1130E
21 May 2026 - 21 May 2026;MY1130E-2026-0521;21 May 2026;Item Price Credit;39.9;0;Released to My Balance;22 May 2026;;13 May 2026;503235878490475;503235878590475;KDZ-PC-STAN-ZFlip7-TPR;4193493080_MY-26699534099;0;NO;Returned;Magnetic RING STAND Flip Phone Case for Samsung Galaxy Z Flip 7 FE 7 6 5 Rotating Bracket Cover Casing;MY1130E
21 May 2026 - 21 May 2026;MY1130E-2026-0521;21 May 2026;Reversal Item Price;-39.9;0;Released to My Balance;22 May 2026;;13 May 2026;503235878490475;503235878590475;KDZ-PC-STAN-ZFlip7-TPR;4193493080_MY-26699534099;0;NO;Returned;Magnetic RING STAND Flip Phone Case for Samsung Galaxy Z Flip 7 FE 7 6 5 Rotating Bracket Cover Casing;MY1130E
19 May 2026 - 19 May 2026;MY1130E-2026-0519;19 May 2026;Commission;-12.45;0.9224;Released to My Balance;20 May 2026;;16 May 2026;506617553122184;506617553222184;GKK-PC-STAND(MS)-MagicV5-RED;4761502266_MY-26816456567;0;NO;Confirmed;Standing Magnetic Phone Case for Honor Magic V5 PC with Tempered Glass Screen Shockproof Cover Casing;MY1130E
19 May 2026 - 19 May 2026;MY1130E-2026-0519;19 May 2026;Payment Fee;-2.65;0.196;Released to My Balance;20 May 2026;;16 May 2026;506617553122184;506617553222184;GKK-PC-STAND(MS)-MagicV5-RED;4761502266_MY-26816456567;0;NO;Confirmed;Standing Magnetic Phone Case for Honor Magic V5 PC with Tempered Glass Screen Shockproof Cover Casing;MY1130E
19 May 2026 - 19 May 2026;MY1130E-2026-0519;19 May 2026;Item Price Credit;69.9;0;Released to My Balance;20 May 2026;;16 May 2026;506617553122184;506617553222184;GKK-PC-STAND(MS)-MagicV5-RED;4761502266_MY-26816456567;0;NO;Confirmed;Standing Magnetic Phone Case for Honor Magic V5 PC with Tempered Glass Screen Shockproof Cover Casing;MY1130E
19 May 2026 - 19 May 2026;MY1130E-2026-0519;19 May 2026;Commission;-2.83;0.2096;Released to My Balance;20 May 2026;;13 May 2026;503231864044676;503231864144676;GKK-PC-AIR2-ZFlip6-CLR;3825904931_MY-23700802619;0;NO;Confirmed;GKK FULL AIR GUARD Transparent Phone Case for Samsung Galaxy Z Flip 7 FE 7 6 5 Magnetic Shockproof Cover Casing;MY1130E
19 May 2026 - 19 May 2026;MY1130E-2026-0519;19 May 2026;Payment Fee;-0.6;0.0448;Released to My Balance;20 May 2026;;13 May 2026;503231864044676;503231864144676;GKK-PC-AIR2-ZFlip6-CLR;3825904931_MY-23700802619;0;NO;Confirmed;GKK FULL AIR GUARD Transparent Phone Case for Samsung Galaxy Z Flip 7 FE 7 6 5 Magnetic Shockproof Cover Casing;MY1130E
19 May 2026 - 19 May 2026;MY1130E-2026-0519;19 May 2026;Item Price Credit;15.9;0;Released to My Balance;20 May 2026;;13 May 2026;503231864044676;503231864144676;GKK-PC-AIR2-ZFlip6-CLR;3825904931_MY-23700802619;0;NO;Confirmed;GKK FULL AIR GUARD Transparent Phone Case for Samsung Galaxy Z Flip 7 FE 7 6 5 Magnetic Shockproof Cover Casing;MY1130E
19 May 2026 - 19 May 2026;MY1130E-2026-0519;19 May 2026;Commission;-6.22;0.4608;Released to My Balance;20 May 2026;;14 May 2026;503269802709627;503269802809627;GKK-PC-UT(SP/MS)-ZFold7-GRY;2794050690_MY-26257366041;0;NO;Confirmed;GKK ULTRA THIN Tempered Glass Phone Case for Samsung Galaxy Z Fold 7 6 5 4 3 Magnetic Shockproof Cover Casing;MY1130E
19 May 2026 - 19 May 2026;MY1130E-2026-0519;19 May 2026;Payment Fee;-1.94;0.144;Released to My Balance;20 May 2026;;14 May 2026;503269802709627;503269802809627;GKK-PC-UT(SP/MS)-ZFold7-GRY;2794050690_MY-26257366041;0;NO;Confirmed;GKK ULTRA THIN Tempered Glass Phone Case for Samsung Galaxy Z Fold 7 6 5 4 3 Magnetic Shockproof Cover Casing;MY1130E
19 May 2026 - 19 May 2026;MY1130E-2026-0519;19 May 2026;Item Price Credit;34.9;0;Released to My Balance;20 May 2026;;14 May 2026;503269802709627;503269802809627;GKK-PC-UT(SP/MS)-ZFold7-GRY;2794050690_MY-26257366041;0;NO;Confirmed;GKK ULTRA THIN Tempered Glass Phone Case for Samsung Galaxy Z Fold 7 6 5 4 3 Magnetic Shockproof Cover Casing;MY1130E
19 May 2026 - 19 May 2026;MY1130E-2026-0519;19 May 2026;Commission;-5.24;0.388;Released to My Balance;20 May 2026;;14 May 2026;503273459146087;503273459246087;DDC-LC-MATT-MbookAir/13(22)-BLK;2963590390_MY-16544951045;0;NO;Confirmed;MATTE Hard Laptop Case for MacBook Pro 16 14 13 Air 15 13 M5 M4 M3 M2 M1 Lightweight Cover Casing;MY1130E
19 May 2026 - 19 May 2026;MY1130E-2026-0519;19 May 2026;Payment Fee;-1.36;0.1008;Released to My Balance;20 May 2026;;14 May 2026;503273459146087;503273459246087;DDC-LC-MATT-MbookAir/13(22)-BLK;2963590390_MY-16544951045;0;NO;Confirmed;MATTE Hard Laptop Case for MacBook Pro 16 14 13 Air 15 13 M5 M4 M3 M2 M1 Lightweight Cover Casing;MY1130E
19 May 2026 - 19 May 2026;MY1130E-2026-0519;19 May 2026;Item Price Credit;35.9;0;Released to My Balance;20 May 2026;;14 May 2026;503273459146087;503273459246087;DDC-LC-MATT-MbookAir/13(22)-BLK;2963590390_MY-16544951045;0;NO;Confirmed;MATTE Hard Laptop Case for MacBook Pro 16 14 13 Air 15 13 M5 M4 M3 M2 M1 Lightweight Cover Casing;MY1130E
17 May 2026 - 17 May 2026;MY1130E-2026-0517;17 May 2026;Commission;-2.3;0.1704;Released to My Balance;18 May 2026;;11 May 2026;503078064268053;503078064368053;ZFRI-SP-XGO-i16Pro-CLR;4198223410_MY-24212705017;0;NO;Confirmed;ZIFRIEND X-GORILLA Clear/Privacy 9H Tempered Glass Screen Protector for iPhone 17 16E 16 15 14 13 12 Pro Max Plus Air;MY1130E
17 May 2026 - 17 May 2026;MY1130E-2026-0517;17 May 2026;Payment Fee;-0.68;0.0504;Released to My Balance;18 May 2026;;11 May 2026;503078064268053;503078064368053;ZFRI-SP-XGO-i16Pro-CLR;4198223410_MY-24212705017;0;NO;Confirmed;ZIFRIEND X-GORILLA Clear/Privacy 9H Tempered Glass Screen Protector for iPhone 17 16E 16 15 14 13 12 Pro Max Plus Air;MY1130E
17 May 2026 - 17 May 2026;MY1130E-2026-0517;17 May 2026;Item Price Credit;12.9;0;Released to My Balance;18 May 2026;;11 May 2026;503078064268053;503078064368053;ZFRI-SP-XGO-i16Pro-CLR;4198223410_MY-24212705017;0;NO;Confirmed;ZIFRIEND X-GORILLA Clear/Privacy 9H Tempered Glass Screen Protector for iPhone 17 16E 16 15 14 13 12 Pro Max Plus Air;MY1130E
17 May 2026 - 17 May 2026;MY1130E-2026-0517;17 May 2026;Commission;-3.19;0.236;Released to My Balance;18 May 2026;;11 May 2026;503083491787538;503083492087538;ZFRI-SP-GOR-i16Pro-PVC;3832505813_MY-26277806886;0;NO;Confirmed;FRESCO GORILLA Clear/Privacy Tempered Glass Screen Protector for iPhone 17 16 15 14 13 12 11 Pro Max Plus Air XS Max XR;MY1130E
17 May 2026 - 17 May 2026;MY1130E-2026-0517;17 May 2026;Payment Fee;-0.68;0.0504;Released to My Balance;18 May 2026;;11 May 2026;503083491787538;503083492087538;ZFRI-SP-GOR-i16Pro-PVC;3832505813_MY-26277806886;0;NO;Confirmed;FRESCO GORILLA Clear/Privacy Tempered Glass Screen Protector for iPhone 17 16 15 14 13 12 11 Pro Max Plus Air XS Max XR;MY1130E
17 May 2026 - 17 May 2026;MY1130E-2026-0517;17 May 2026;Item Price Credit;17.9;0;Released to My Balance;18 May 2026;;11 May 2026;503083491787538;503083492087538;ZFRI-SP-GOR-i16Pro-PVC;3832505813_MY-26277806886;0;NO;Confirmed;FRESCO GORILLA Clear/Privacy Tempered Glass Screen Protector for iPhone 17 16 15 14 13 12 11 Pro Max Plus Air XS Max XR;MY1130E
17 May 2026 - 17 May 2026;MY1130E-2026-0517;17 May 2026;Commission;-3.19;0.236;Released to My Balance;18 May 2026;;11 May 2026;503083491787538;503083491987538;ZFRI-SP-GOR-i16Pro-PVC;3832505813_MY-26277806886;0;NO;Confirmed;FRESCO GORILLA Clear/Privacy Tempered Glass Screen Protector for iPhone 17 16 15 14 13 12 11 Pro Max Plus Air XS Max XR;MY1130E
17 May 2026 - 17 May 2026;MY1130E-2026-0517;17 May 2026;Payment Fee;-0.68;0.0504;Released to My Balance;18 May 2026;;11 May 2026;503083491787538;503083491987538;ZFRI-SP-GOR-i16Pro-PVC;3832505813_MY-26277806886;0;NO;Confirmed;FRESCO GORILLA Clear/Privacy Tempered Glass Screen Protector for iPhone 17 16 15 14 13 12 11 Pro Max Plus Air XS Max XR;MY1130E
17 May 2026 - 17 May 2026;MY1130E-2026-0517;17 May 2026;Item Price Credit;17.9;0;Released to My Balance;18 May 2026;;11 May 2026;503083491787538;503083491987538;ZFRI-SP-GOR-i16Pro-PVC;3832505813_MY-26277806886;0;NO;Confirmed;FRESCO GORILLA Clear/Privacy Tempered Glass Screen Protector for iPhone 17 16 15 14 13 12 11 Pro Max Plus Air XS Max XR;MY1130E
17 May 2026 - 17 May 2026;MY1130E-2026-0517;17 May 2026;Commission;-3.19;0.236;Released to My Balance;18 May 2026;;11 May 2026;503083491787538;503083491887538;ZFRI-SP-GOR-i16Pro-PVC;3832505813_MY-26277806886;0;NO;Confirmed;FRESCO GORILLA Clear/Privacy Tempered Glass Screen Protector for iPhone 17 16 15 14 13 12 11 Pro Max Plus Air XS Max XR;MY1130E
17 May 2026 - 17 May 2026;MY1130E-2026-0517;17 May 2026;Payment Fee;-0.68;0.0504;Released to My Balance;18 May 2026;;11 May 2026;503083491787538;503083491887538;ZFRI-SP-GOR-i16Pro-PVC;3832505813_MY-26277806886;0;NO;Confirmed;FRESCO GORILLA Clear/Privacy Tempered Glass Screen Protector for iPhone 17 16 15 14 13 12 11 Pro Max Plus Air XS Max XR;MY1130E
17 May 2026 - 17 May 2026;MY1130E-2026-0517;17 May 2026;Item Price Credit;17.9;0;Released to My Balance;18 May 2026;;11 May 2026;503083491787538;503083491887538;ZFRI-SP-GOR-i16Pro-PVC;3832505813_MY-26277806886;0;NO;Confirmed;FRESCO GORILLA Clear/Privacy Tempered Glass Screen Protector for iPhone 17 16 15 14 13 12 11 Pro Max Plus Air XS Max XR;MY1130E
16 May 2026 - 16 May 2026;MY1130E-2026-0516;16 May 2026;Commission;-1.56;0.1152;Released to My Balance;17 May 2026;;13 May 2026;503243044478717;503243044678717;DDC-LAC-KC-MbookAir/13(22)-CLR;3568754734_MY-19987290014;0;NO;Confirmed;LAPTOP SILICONE Keyboard Cover Dust proof Smooth Touch Key Board Protector for Macbook Pro 13 14 16 M2 2023 A2780 A2779 / Air 15 13 M1 M2 A2941;MY1130E
16 May 2026 - 16 May 2026;MY1130E-2026-0516;16 May 2026;Payment Fee;-0.38;0.028;Released to My Balance;17 May 2026;;13 May 2026;503243044478717;503243044678717;DDC-LAC-KC-MbookAir/13(22)-CLR;3568754734_MY-19987290014;0;NO;Confirmed;LAPTOP SILICONE Keyboard Cover Dust proof Smooth Touch Key Board Protector for Macbook Pro 13 14 16 M2 2023 A2780 A2779 / Air 15 13 M1 M2 A2941;MY1130E
16 May 2026 - 16 May 2026;MY1130E-2026-0516;16 May 2026;Item Price Credit;9.9;0;Released to My Balance;17 May 2026;;13 May 2026;503243044478717;503243044678717;DDC-LAC-KC-MbookAir/13(22)-CLR;3568754734_MY-19987290014;0;NO;Confirmed;LAPTOP SILICONE Keyboard Cover Dust proof Smooth Touch Key Board Protector for Macbook Pro 13 14 16 M2 2023 A2780 A2779 / Air 15 13 M1 M2 A2941;MY1130E
16 May 2026 - 16 May 2026;MY1130E-2026-0516;16 May 2026;Commission;-1.56;0.1152;Released to My Balance;17 May 2026;;13 May 2026;503243044478717;503243044578717;DDC-LAC-KC-MbookAir/13(22)-BLK3;3568754734_MY-20745033148;0;NO;Confirmed;LAPTOP SILICONE Keyboard Cover Dust proof Smooth Touch Key Board Protector for Macbook Pro 13 14 16 M2 2023 A2780 A2779 / Air 15 13 M1 M2 A2941;MY1130E
16 May 2026 - 16 May 2026;MY1130E-2026-0516;16 May 2026;Payment Fee;-0.38;0.028;Released to My Balance;17 May 2026;;13 May 2026;503243044478717;503243044578717;DDC-LAC-KC-MbookAir/13(22)-BLK3;3568754734_MY-20745033148;0;NO;Confirmed;LAPTOP SILICONE Keyboard Cover Dust proof Smooth Touch Key Board Protector for Macbook Pro 13 14 16 M2 2023 A2780 A2779 / Air 15 13 M1 M2 A2941;MY1130E
16 May 2026 - 16 May 2026;MY1130E-2026-0516;16 May 2026;Item Price Credit;9.9;0;Released to My Balance;17 May 2026;;13 May 2026;503243044478717;503243044578717;DDC-LAC-KC-MbookAir/13(22)-BLK3;3568754734_MY-20745033148;0;NO;Confirmed;LAPTOP SILICONE Keyboard Cover Dust proof Smooth Touch Key Board Protector for Macbook Pro 13 14 16 M2 2023 A2780 A2779 / Air 15 13 M1 M2 A2941;MY1130E
16 May 2026 - 16 May 2026;MY1130E-2026-0516;16 May 2026;Commission;-3.19;0.236;Released to My Balance;17 May 2026;;11 May 2026;503078838648653;503078838748653;DUX-WAC-YJ-42/44/45-GRN/GRY1;4735384459_MY-26611863652;0;NO;Confirmed;DUX YJ Nylon Strap for iWatch Ultra S1 S2 S3 11 10 9 8 7 6 5 4 3 2 1 SE 38 40 41 42 44 45 46 49mm Watch Band Loop;MY1130E
16 May 2026 - 16 May 2026;MY1130E-2026-0516;16 May 2026;Payment Fee;-0.87;0.0648;Released to My Balance;17 May 2026;;11 May 2026;503078838648653;503078838748653;DUX-WAC-YJ-42/44/45-GRN/GRY1;4735384459_MY-26611863652;0;NO;Confirmed;DUX YJ Nylon Strap for iWatch Ultra S1 S2 S3 11 10 9 8 7 6 5 4 3 2 1 SE 38 40 41 42 44 45 46 49mm Watch Band Loop;MY1130E
16 May 2026 - 16 May 2026;MY1130E-2026-0516;16 May 2026;Item Price Credit;17.9;0;Released to My Balance;17 May 2026;;11 May 2026;503078838648653;503078838748653;DUX-WAC-YJ-42/44/45-GRN/GRY1;4735384459_MY-26611863652;0;NO;Confirmed;DUX YJ Nylon Strap for iWatch Ultra S1 S2 S3 11 10 9 8 7 6 5 4 3 2 1 SE 38 40 41 42 44 45 46 49mm Watch Band Loop;MY1130E
15 May 2026 - 15 May 2026;MY1130E-2026-0515;15 May 2026;Commission;-7.11;0.5264;Released to My Balance;16 May 2026;;08 May 2026;506156944328013;506156944428013;FRES-PC-SL-i15ProMax-YLW;4711387542_MY-27011861478;0;NO;Confirmed;FRESCOONE SL Series Liquid Silicone Phone Case for iPhone 15 14 13 Pro Max Pro 14 13 Shockproof Cover Casing;MY1130E
15 May 2026 - 15 May 2026;MY1130E-2026-0515;15 May 2026;Payment Fee;-1.51;0.112;Released to My Balance;16 May 2026;;08 May 2026;506156944328013;506156944428013;FRES-PC-SL-i15ProMax-YLW;4711387542_MY-27011861478;0;NO;Confirmed;FRESCOONE SL Series Liquid Silicone Phone Case for iPhone 15 14 13 Pro Max Pro 14 13 Shockproof Cover Casing;MY1130E
15 May 2026 - 15 May 2026;MY1130E-2026-0515;15 May 2026;Item Price Credit;39.9;0;Released to My Balance;16 May 2026;;08 May 2026;506156944328013;506156944428013;FRES-PC-SL-i15ProMax-YLW;4711387542_MY-27011861478;0;NO;Confirmed;FRESCOONE SL Series Liquid Silicone Phone Case for iPhone 15 14 13 Pro Max Pro 14 13 Shockproof Cover Casing;MY1130E
15 May 2026 - 15 May 2026;MY1130E-2026-0515;15 May 2026;Commission;-4.44;0.3288;Released to My Balance;16 May 2026;;07 May 2026;506095793019118;506095793119118;LEEU-PC-ARCY(MS)-iP17-CLR;1528188193_MY-26616598504;0;NO;Confirmed;LEEU Acrylic Transparent Magnetic Phone Case for iPhone 17 16 15 14 13 12 11 Pro Max Pro Plus Air Cover Casing;MY1130E
15 May 2026 - 15 May 2026;MY1130E-2026-0515;15 May 2026;Payment Fee;-0.97;0.072;Released to My Balance;16 May 2026;;07 May 2026;506095793019118;506095793119118;LEEU-PC-ARCY(MS)-iP17-CLR;1528188193_MY-26616598504;0;NO;Confirmed;LEEU Acrylic Transparent Magnetic Phone Case for iPhone 17 16 15 14 13 12 11 Pro Max Pro Plus Air Cover Casing;MY1130E
15 May 2026 - 15 May 2026;MY1130E-2026-0515;15 May 2026;Item Price Credit;24.9;0;Released to My Balance;16 May 2026;;07 May 2026;506095793019118;506095793119118;LEEU-PC-ARCY(MS)-iP17-CLR;1528188193_MY-26616598504;0;NO;Confirmed;LEEU Acrylic Transparent Magnetic Phone Case for iPhone 17 16 15 14 13 12 11 Pro Max Pro Plus Air Cover Casing;MY1130E
15 May 2026 - 15 May 2026;MY1130E-2026-0515;15 May 2026;Sponsored Affiliates;-2.91;0.2152;Released to My Balance;16 May 2026;Delivered;11 May 2026;506324392328007;506324392428007;FRES-PC-SL(MS)-i15Pro-YLW;4711502308_MY-27012170018;0;NO;Confirmed;FRESCOONE SL Series Liquid Silicone Magnetic Phone Case for iPhone 15 14 13 Pro Max Pro 14 13 Shockproof Cover Casing;MY1130E
15 May 2026 - 15 May 2026;MY1130E-2026-0515;15 May 2026;Commission;-4.97;0.368;Released to My Balance;16 May 2026;;14 May 2026;506495397967750;506495398067750;7TREE-PC-PU(MS)-Magic7Pro-WHT;4505231108_MY-25455017018;0;NO;Confirmed;PU Leather Magnetic Phone Case for Honor Magic 7 Pro Full Metal Lens Shockproof Protective Cover Casing;MY1130E
15 May 2026 - 15 May 2026;MY1130E-2026-0515;15 May 2026;Payment Fee;-1.06;0.0784;Released to My Balance;16 May 2026;;14 May 2026;506495397967750;506495398067750;7TREE-PC-PU(MS)-Magic7Pro-WHT;4505231108_MY-25455017018;0;NO;Confirmed;PU Leather Magnetic Phone Case for Honor Magic 7 Pro Full Metal Lens Shockproof Protective Cover Casing;MY1130E
15 May 2026 - 15 May 2026;MY1130E-2026-0515;15 May 2026;Item Price Credit;27.9;0;Released to My Balance;16 May 2026;;14 May 2026;506495397967750;506495398067750;7TREE-PC-PU(MS)-Magic7Pro-WHT;4505231108_MY-25455017018;0;NO;Confirmed;PU Leather Magnetic Phone Case for Honor Magic 7 Pro Full Metal Lens Shockproof Protective Cover Casing;MY1130E
14 May 2026 - 14 May 2026;MY1130E-2026-0514;14 May 2026;Commission;-8;0.5928;Released to My Balance;15 May 2026;;11 May 2026;506324392328007;506324392428007;FRES-PC-SL(MS)-i15Pro-YLW;4711502308_MY-27012170018;0;NO;Confirmed;FRESCOONE SL Series Liquid Silicone Magnetic Phone Case for iPhone 15 14 13 Pro Max Pro 14 13 Shockproof Cover Casing;MY1130E
14 May 2026 - 14 May 2026;MY1130E-2026-0514;14 May 2026;Payment Fee;-2.18;0.1616;Released to My Balance;15 May 2026;;11 May 2026;506324392328007;506324392428007;FRES-PC-SL(MS)-i15Pro-YLW;4711502308_MY-27012170018;0;NO;Confirmed;FRESCOONE SL Series Liquid Silicone Magnetic Phone Case for iPhone 15 14 13 Pro Max Pro 14 13 Shockproof Cover Casing;MY1130E
14 May 2026 - 14 May 2026;MY1130E-2026-0514;14 May 2026;Item Price Credit;44.9;0;Released to My Balance;15 May 2026;;11 May 2026;506324392328007;506324392428007;FRES-PC-SL(MS)-i15Pro-YLW;4711502308_MY-27012170018;0;NO;Confirmed;FRESCOONE SL Series Liquid Silicone Magnetic Phone Case for iPhone 15 14 13 Pro Max Pro 14 13 Shockproof Cover Casing;MY1130E
14 May 2026 - 14 May 2026;MY1130E-2026-0514;14 May 2026;Commission;-2.66;0.1968;Released to My Balance;15 May 2026;;09 May 2026;502983215564683;502983215664683;DUX-SP-A34/5G-CLR;1629306936_MY-22884070448;0;NO;Confirmed;DUX CLEAR/PRIVACY 9H Tempered Glass Screen Protector for Samsung Galaxy S25 S24 S23 S22 Plus Ultra A14 A34 A54 A55;MY1130E
14 May 2026 - 14 May 2026;MY1130E-2026-0514;14 May 2026;Payment Fee;-0.68;0.0504;Released to My Balance;15 May 2026;;09 May 2026;502983215564683;502983215664683;DUX-SP-A34/5G-CLR;1629306936_MY-22884070448;0;NO;Confirmed;DUX CLEAR/PRIVACY 9H Tempered Glass Screen Protector for Samsung Galaxy S25 S24 S23 S22 Plus Ultra A14 A34 A54 A55;MY1130E
14 May 2026 - 14 May 2026;MY1130E-2026-0514;14 May 2026;Item Price Credit;14.9;0;Released to My Balance;15 May 2026;;09 May 2026;502983215564683;502983215664683;DUX-SP-A34/5G-CLR;1629306936_MY-22884070448;0;NO;Confirmed;DUX CLEAR/PRIVACY 9H Tempered Glass Screen Protector for Samsung Galaxy S25 S24 S23 S22 Plus Ultra A14 A34 A54 A55;MY1130E
13 May 2026 - 13 May 2026;MY1130E-2026-0513;13 May 2026;Commission;-2.33;0.1728;Released to My Balance;14 May 2026;;10 May 2026;506273777458487;506273777558487;DDC-WTF-AR-MbookAir/13(22)-CLR;3055340869_MY-16086463658;0;NO;Confirmed;AR FILM Laptop Screen Protector Hydrogel Soft Cover for Macbook Pro 13 14 16 Air 13 15 M1 M2 M3 M4;MY1130E
13 May 2026 - 13 May 2026;MY1130E-2026-0513;13 May 2026;Payment Fee;-0.6;0.0448;Released to My Balance;14 May 2026;;10 May 2026;506273777458487;506273777558487;DDC-WTF-AR-MbookAir/13(22)-CLR;3055340869_MY-16086463658;0;NO;Confirmed;AR FILM Laptop Screen Protector Hydrogel Soft Cover for Macbook Pro 13 14 16 Air 13 15 M1 M2 M3 M4;MY1130E
13 May 2026 - 13 May 2026;MY1130E-2026-0513;13 May 2026;Item Price Credit;16;0;Released to My Balance;14 May 2026;;10 May 2026;506273777458487;506273777558487;DDC-WTF-AR-MbookAir/13(22)-CLR;3055340869_MY-16086463658;0;NO;Confirmed;AR FILM Laptop Screen Protector Hydrogel Soft Cover for Macbook Pro 13 14 16 Air 13 15 M1 M2 M3 M4;MY1130E
13 May 2026 - 13 May 2026;MY1130E-2026-0513;13 May 2026;Commission;-3.19;0.236;Released to My Balance;14 May 2026;;08 May 2026;502935417620301;502935417820301;ZFRI-SP-GOR-i15ProMax-PVC;3832505813_MY-26277806889;0;NO;Confirmed;FRESCO GORILLA Clear/Privacy Tempered Glass Screen Protector for iPhone 17 16 15 14 13 12 11 Pro Max Plus Air XS Max XR;MY1130E
13 May 2026 - 13 May 2026;MY1130E-2026-0513;13 May 2026;Payment Fee;-0.78;0.0576;Released to My Balance;14 May 2026;;08 May 2026;502935417620301;502935417820301;ZFRI-SP-GOR-i15ProMax-PVC;3832505813_MY-26277806889;0;NO;Confirmed;FRESCO GORILLA Clear/Privacy Tempered Glass Screen Protector for iPhone 17 16 15 14 13 12 11 Pro Max Plus Air XS Max XR;MY1130E
13 May 2026 - 13 May 2026;MY1130E-2026-0513;13 May 2026;Item Price Credit;17.9;0;Released to My Balance;14 May 2026;;08 May 2026;502935417620301;502935417820301;ZFRI-SP-GOR-i15ProMax-PVC;3832505813_MY-26277806889;0;NO;Confirmed;FRESCO GORILLA Clear/Privacy Tempered Glass Screen Protector for iPhone 17 16 15 14 13 12 11 Pro Max Plus Air XS Max XR;MY1130E
13 May 2026 - 13 May 2026;MY1130E-2026-0513;13 May 2026;Commission;-3.19;0.236;Released to My Balance;14 May 2026;;08 May 2026;502935417620301;502935417720301;ZFRI-SP-GOR-i15ProMax-PVC;3832505813_MY-26277806889;0;NO;Confirmed;FRESCO GORILLA Clear/Privacy Tempered Glass Screen Protector for iPhone 17 16 15 14 13 12 11 Pro Max Plus Air XS Max XR;MY1130E
13 May 2026 - 13 May 2026;MY1130E-2026-0513;13 May 2026;Payment Fee;-0.78;0.0576;Released to My Balance;14 May 2026;;08 May 2026;502935417620301;502935417720301;ZFRI-SP-GOR-i15ProMax-PVC;3832505813_MY-26277806889;0;NO;Confirmed;FRESCO GORILLA Clear/Privacy Tempered Glass Screen Protector for iPhone 17 16 15 14 13 12 11 Pro Max Plus Air XS Max XR;MY1130E
13 May 2026 - 13 May 2026;MY1130E-2026-0513;13 May 2026;Item Price Credit;17.9;0;Released to My Balance;14 May 2026;;08 May 2026;502935417620301;502935417720301;ZFRI-SP-GOR-i15ProMax-PVC;3832505813_MY-26277806889;0;NO;Confirmed;FRESCO GORILLA Clear/Privacy Tempered Glass Screen Protector for iPhone 17 16 15 14 13 12 11 Pro Max Plus Air XS Max XR;MY1130E
13 May 2026 - 13 May 2026;MY1130E-2026-0513;13 May 2026;Sponsored Affiliates;-1.22;0.0904;Released to My Balance;14 May 2026;Delivered;09 May 2026;506232362564293;506232362664293;ZFRI-SP-GOR-i17Pro-PVC;3832505813_MY-26277806881;0;NO;Confirmed;FRESCO GORILLA Clear/Privacy Tempered Glass Screen Protector for iPhone 17 16 15 14 13 12 11 Pro Max Plus Air XS Max XR;MY1130E
12 May 2026 - 12 May 2026;MY1130E-2026-0512;12 May 2026;Commission;-3.37;0.2496;Released to My Balance;13 May 2026;;09 May 2026;506232362564293;506232362664293;ZFRI-SP-GOR-i17Pro-PVC;3832505813_MY-26277806881;0;NO;Confirmed;FRESCO GORILLA Clear/Privacy Tempered Glass Screen Protector for iPhone 17 16 15 14 13 12 11 Pro Max Plus Air XS Max XR;MY1130E
12 May 2026 - 12 May 2026;MY1130E-2026-0512;12 May 2026;Payment Fee;-0.71;0.0528;Released to My Balance;13 May 2026;;09 May 2026;506232362564293;506232362664293;ZFRI-SP-GOR-i17Pro-PVC;3832505813_MY-26277806881;0;NO;Confirmed;FRESCO GORILLA Clear/Privacy Tempered Glass Screen Protector for iPhone 17 16 15 14 13 12 11 Pro Max Plus Air XS Max XR;MY1130E
12 May 2026 - 12 May 2026;MY1130E-2026-0512;12 May 2026;Item Price Credit;18.9;0;Released to My Balance;13 May 2026;;09 May 2026;506232362564293;506232362664293;ZFRI-SP-GOR-i17Pro-PVC;3832505813_MY-26277806881;0;NO;Confirmed;FRESCO GORILLA Clear/Privacy Tempered Glass Screen Protector for iPhone 17 16 15 14 13 12 11 Pro Max Plus Air XS Max XR;MY1130E
12 May 2026 - 12 May 2026;MY1130E-2026-0512;12 May 2026;Commission;-6.76;0.5008;Released to My Balance;13 May 2026;;06 May 2026;506060987467860;506060987567860;FRES-PC-SL-i15Pro-BLK;4711387542_MY-26409478905;0;NO;Confirmed;FRESCOONE SL Series Liquid Silicone Phone Case for iPhone 15 14 13 Pro Max Pro 14 13 Shockproof Cover Casing;MY1130E
12 May 2026 - 12 May 2026;MY1130E-2026-0512;12 May 2026;Payment Fee;-1.44;0.1064;Released to My Balance;13 May 2026;;06 May 2026;506060987467860;506060987567860;FRES-PC-SL-i15Pro-BLK;4711387542_MY-26409478905;0;NO;Confirmed;FRESCOONE SL Series Liquid Silicone Phone Case for iPhone 15 14 13 Pro Max Pro 14 13 Shockproof Cover Casing;MY1130E
12 May 2026 - 12 May 2026;MY1130E-2026-0512;12 May 2026;Item Price Credit;37.91;0;Released to My Balance;13 May 2026;;06 May 2026;506060987467860;506060987567860;FRES-PC-SL-i15Pro-BLK;4711387542_MY-26409478905;0;NO;Confirmed;FRESCOONE SL Series Liquid Silicone Phone Case for iPhone 15 14 13 Pro Max Pro 14 13 Shockproof Cover Casing;MY1130E
12 May 2026 - 12 May 2026;MY1130E-2026-0512;12 May 2026;Commission;-6.76;0.5008;Released to My Balance;13 May 2026;;06 May 2026;502820220906455;502820221006455;FRES-PC-SL-i15Pro-MB/GRN;4711387542_MY-26409478908;0;NO;Confirmed;FRESCOONE SL Series Liquid Silicone Phone Case for iPhone 15 14 13 Pro Max Pro 14 13 Shockproof Cover Casing;MY1130E
12 May 2026 - 12 May 2026;MY1130E-2026-0512;12 May 2026;Payment Fee;-1.44;0.1064;Released to My Balance;13 May 2026;;06 May 2026;502820220906455;502820221006455;FRES-PC-SL-i15Pro-MB/GRN;4711387542_MY-26409478908;0;NO;Confirmed;FRESCOONE SL Series Liquid Silicone Phone Case for iPhone 15 14 13 Pro Max Pro 14 13 Shockproof Cover Casing;MY1130E
12 May 2026 - 12 May 2026;MY1130E-2026-0512;12 May 2026;Item Price Credit;37.91;0;Released to My Balance;13 May 2026;;06 May 2026;502820220906455;502820221006455;FRES-PC-SL-i15Pro-MB/GRN;4711387542_MY-26409478908;0;NO;Confirmed;FRESCOONE SL Series Liquid Silicone Phone Case for iPhone 15 14 13 Pro Max Pro 14 13 Shockproof Cover Casing;MY1130E
12 May 2026 - 12 May 2026;MY1130E-2026-0512;12 May 2026;Sponsored Affiliates;-2.58;0.1912;Released to My Balance;13 May 2026;Delivered;07 May 2026;506139349628007;506139349728007;FRES-PC-SL-i15Pro-YLW;4711387542_MY-27011861480;0;NO;Confirmed;FRESCOONE SL Series Liquid Silicone Phone Case for iPhone 15 14 13 Pro Max Pro 14 13 Shockproof Cover Casing;MY1130E
11 May 2026 - 11 May 2026;MY1130E-2026-0511;11 May 2026;Commission;-7.11;0.5264;Released to My Balance;12 May 2026;;07 May 2026;506139349628007;506139349728007;FRES-PC-SL-i15Pro-YLW;4711387542_MY-27011861480;0;NO;Confirmed;FRESCOONE SL Series Liquid Silicone Phone Case for iPhone 15 14 13 Pro Max Pro 14 13 Shockproof Cover Casing;MY1130E
11 May 2026 - 11 May 2026;MY1130E-2026-0511;11 May 2026;Payment Fee;-2.19;0.1624;Released to My Balance;12 May 2026;;07 May 2026;506139349628007;506139349728007;FRES-PC-SL-i15Pro-YLW;4711387542_MY-27011861480;0;NO;Confirmed;FRESCOONE SL Series Liquid Silicone Phone Case for iPhone 15 14 13 Pro Max Pro 14 13 Shockproof Cover Casing;MY1130E
11 May 2026 - 11 May 2026;MY1130E-2026-0511;11 May 2026;Item Price Credit;39.9;0;Released to My Balance;12 May 2026;;07 May 2026;506139349628007;506139349728007;FRES-PC-SL-i15Pro-YLW;4711387542_MY-27011861480;0;NO;Confirmed;FRESCOONE SL Series Liquid Silicone Phone Case for iPhone 15 14 13 Pro Max Pro 14 13 Shockproof Cover Casing;MY1130E
10 May 2026 - 10 May 2026;MY1130E-2026-0510;10 May 2026;Commission;-3.54;0.2624;Released to My Balance;11 May 2026;;05 May 2026;502696234834596;502696234934596;7TREE-PC-SHI-Magic8Pro-BLK;3817515903_MY-27136451078;0;NO;Confirmed;HYBRID Clear/Matte Magnetic Phone Case for Honor X9D X9C Smart 200 Pro 90 Magic 8 7 6 5 Pro Shockproof Cover Casing;MY1130E
10 May 2026 - 10 May 2026;MY1130E-2026-0510;10 May 2026;Payment Fee;-0.76;0.056;Released to My Balance;11 May 2026;;05 May 2026;502696234834596;502696234934596;7TREE-PC-SHI-Magic8Pro-BLK;3817515903_MY-27136451078;0;NO;Confirmed;HYBRID Clear/Matte Magnetic Phone Case for Honor X9D X9C Smart 200 Pro 90 Magic 8 7 6 5 Pro Shockproof Cover Casing;MY1130E
10 May 2026 - 10 May 2026;MY1130E-2026-0510;10 May 2026;Item Price Credit;19.9;0;Released to My Balance;11 May 2026;;05 May 2026;502696234834596;502696234934596;7TREE-PC-SHI-Magic8Pro-BLK;3817515903_MY-27136451078;0;NO;Confirmed;HYBRID Clear/Matte Magnetic Phone Case for Honor X9D X9C Smart 200 Pro 90 Magic 8 7 6 5 Pro Shockproof Cover Casing;MY1130E
10 May 2026 - 10 May 2026;MY1130E-2026-0510;10 May 2026;Commission;-4.44;0.3288;Released to My Balance;11 May 2026;;02 May 2026;502519251680132;502519251780132;DUX-PC-FLIP-S/A55(5G)-BLK;938018624_MY-22943446939;0;NO;Confirmed;DUX SKINPRO Flip Phone Case for Samsung Galaxy A17 A36 A55 A35 A25 A52/ A52 S 4G 5G;MY1130E
10 May 2026 - 10 May 2026;MY1130E-2026-0510;10 May 2026;Payment Fee;-0.94;0.0696;Released to My Balance;11 May 2026;;02 May 2026;502519251680132;502519251780132;DUX-PC-FLIP-S/A55(5G)-BLK;938018624_MY-22943446939;0;NO;Confirmed;DUX SKINPRO Flip Phone Case for Samsung Galaxy A17 A36 A55 A35 A25 A52/ A52 S 4G 5G;MY1130E
10 May 2026 - 10 May 2026;MY1130E-2026-0510;10 May 2026;Item Price Credit;24.9;0;Released to My Balance;11 May 2026;;02 May 2026;502519251680132;502519251780132;DUX-PC-FLIP-S/A55(5G)-BLK;938018624_MY-22943446939;0;NO;Confirmed;DUX SKINPRO Flip Phone Case for Samsung Galaxy A17 A36 A55 A35 A25 A52/ A52 S 4G 5G;MY1130E
10 May 2026 - 10 May 2026;MY1130E-2026-0510;10 May 2026;Commission;-2.66;0.1968;Released to My Balance;11 May 2026;;05 May 2026;502722444559081;502722444659081;GKK-PC-AIR2-ZFlip5-GRN;3825904931_MY-22161575603;0;NO;Confirmed;GKK FULL AIR GUARD Transparent Phone Case for Samsung Galaxy Z Flip 7 FE 7 6 5 Magnetic Shockproof Cover Casing;MY1130E
10 May 2026 - 10 May 2026;MY1130E-2026-0510;10 May 2026;Payment Fee;-0.66;0.0488;Released to My Balance;11 May 2026;;05 May 2026;502722444559081;502722444659081;GKK-PC-AIR2-ZFlip5-GRN;3825904931_MY-22161575603;0;NO;Confirmed;GKK FULL AIR GUARD Transparent Phone Case for Samsung Galaxy Z Flip 7 FE 7 6 5 Magnetic Shockproof Cover Casing;MY1130E
10 May 2026 - 10 May 2026;MY1130E-2026-0510;10 May 2026;Item Price Credit;14.9;0;Released to My Balance;11 May 2026;;05 May 2026;502722444559081;502722444659081;GKK-PC-AIR2-ZFlip5-GRN;3825904931_MY-22161575603;0;NO;Confirmed;GKK FULL AIR GUARD Transparent Phone Case for Samsung Galaxy Z Flip 7 FE 7 6 5 Magnetic Shockproof Cover Casing;MY1130E
09 May 2026 - 09 May 2026;MY1130E-2026-0509;09 May 2026;Commission;-6.76;0.5008;Released to My Balance;10 May 2026;;04 May 2026;505834747767860;505834747867860;FRES-PC-SL-i14Pro-PRP;4711387542_MY-26409995146;0;NO;Confirmed;FRESCOONE SL Series Liquid Silicone Phone Case for iPhone 15 14 13 Pro Max Pro 14 13 Shockproof Cover Casing;MY1130E
09 May 2026 - 09 May 2026;MY1130E-2026-0509;09 May 2026;Payment Fee;-1.45;0.1072;Released to My Balance;10 May 2026;;04 May 2026;505834747767860;505834747867860;FRES-PC-SL-i14Pro-PRP;4711387542_MY-26409995146;0;NO;Confirmed;FRESCOONE SL Series Liquid Silicone Phone Case for iPhone 15 14 13 Pro Max Pro 14 13 Shockproof Cover Casing;MY1130E
09 May 2026 - 09 May 2026;MY1130E-2026-0509;09 May 2026;Item Price Credit;37.91;0;Released to My Balance;10 May 2026;;04 May 2026;505834747767860;505834747867860;FRES-PC-SL-i14Pro-PRP;4711387542_MY-26409995146;0;NO;Confirmed;FRESCOONE SL Series Liquid Silicone Phone Case for iPhone 15 14 13 Pro Max Pro 14 13 Shockproof Cover Casing;MY1130E
09 May 2026 - 09 May 2026;MY1130E-2026-0509;09 May 2026;Commission;-4.61;0.3416;Released to My Balance;10 May 2026;;02 May 2026;502524497714490;502524498014490;SQC-STP-SAN(SM)-22mm-SLV;4013158607_MY-22849949506;0;NO;Confirmed;Stainless Steel Watch Band for Samsung Galaxy Watch7 7/6/5/4 Pro/3 Classic Casual Strap;MY1130E
09 May 2026 - 09 May 2026;MY1130E-2026-0509;09 May 2026;Payment Fee;-1.12;0.0832;Released to My Balance;10 May 2026;;02 May 2026;502524497714490;502524498014490;SQC-STP-SAN(SM)-22mm-SLV;4013158607_MY-22849949506;0;NO;Confirmed;Stainless Steel Watch Band for Samsung Galaxy Watch7 7/6/5/4 Pro/3 Classic Casual Strap;MY1130E
09 May 2026 - 09 May 2026;MY1130E-2026-0509;09 May 2026;Item Price Credit;25.9;0;Released to My Balance;10 May 2026;;02 May 2026;502524497714490;502524498014490;SQC-STP-SAN(SM)-22mm-SLV;4013158607_MY-22849949506;0;NO;Confirmed;Stainless Steel Watch Band for Samsung Galaxy Watch7 7/6/5/4 Pro/3 Classic Casual Strap;MY1130E
09 May 2026 - 09 May 2026;MY1130E-2026-0509;09 May 2026;Commission;-7.11;0.5264;Released to My Balance;10 May 2026;;02 May 2026;502524497714490;502524497914490;KDZ-PC-STAN-S23Ultra-TPR;3755433141_MY-22672348698;0;NO;Confirmed;Magnetic 360° Ring Clear Case for Samsung Galaxy S26 S25 S24 S23 Ultra S23 Plus Stand Phone Holder Cover Casing;MY1130E
09 May 2026 - 09 May 2026;MY1130E-2026-0509;09 May 2026;Payment Fee;-1.56;0.1152;Released to My Balance;10 May 2026;;02 May 2026;502524497714490;502524497914490;KDZ-PC-STAN-S23Ultra-TPR;3755433141_MY-22672348698;0;NO;Confirmed;Magnetic 360° Ring Clear Case for Samsung Galaxy S26 S25 S24 S23 Ultra S23 Plus Stand Phone Holder Cover Casing;MY1130E
09 May 2026 - 09 May 2026;MY1130E-2026-0509;09 May 2026;Item Price Credit;39.9;0;Released to My Balance;10 May 2026;;02 May 2026;502524497714490;502524497914490;KDZ-PC-STAN-S23Ultra-TPR;3755433141_MY-22672348698;0;NO;Confirmed;Magnetic 360° Ring Clear Case for Samsung Galaxy S26 S25 S24 S23 Ultra S23 Plus Stand Phone Holder Cover Casing;MY1130E
09 May 2026 - 09 May 2026;MY1130E-2026-0509;09 May 2026;Commission;-8.89;0.6584;Released to My Balance;10 May 2026;;02 May 2026;502524497714490;502524497814490;DUX-WAC-BSNES-S/20-BLK2;3179915971_MY-25396285546;0;NO;Confirmed;DUX BUSINESS Leather Strap for Samsung Galaxy Watch 7 6 5 Pro 4 Classic 3 Genuine Leather Replacement Band Loop;MY1130E
09 May 2026 - 09 May 2026;MY1130E-2026-0509;09 May 2026;Payment Fee;-1.9;0.1408;Released to My Balance;10 May 2026;;02 May 2026;502524497714490;502524497814490;DUX-WAC-BSNES-S/20-BLK2;3179915971_MY-25396285546;0;NO;Confirmed;DUX BUSINESS Leather Strap for Samsung Galaxy Watch 7 6 5 Pro 4 Classic 3 Genuine Leather Replacement Band Loop;MY1130E
09 May 2026 - 09 May 2026;MY1130E-2026-0509;09 May 2026;Item Price Credit;49.9;0;Released to My Balance;10 May 2026;;02 May 2026;502524497714490;502524497814490;DUX-WAC-BSNES-S/20-BLK2;3179915971_MY-25396285546;0;NO;Confirmed;DUX BUSINESS Leather Strap for Samsung Galaxy Watch 7 6 5 Pro 4 Classic 3 Genuine Leather Replacement Band Loop;MY1130E
09 May 2026 - 09 May 2026;MY1130E-2026-0509;09 May 2026;Commission;-1.56;0.1152;Released to My Balance;10 May 2026;;02 May 2026;505734373520324;505734373620324;DDC-LAC-KC-MbookAir/13(22)-CLR;3568754734_MY-19987290014;0;NO;Confirmed;LAPTOP SILICONE Keyboard Cover Dust proof Smooth Touch Key Board Protector for Macbook Pro 13 14 16 M2 2023 A2780 A2779 / Air 15 13 M1 M2 A2941;MY1130E
09 May 2026 - 09 May 2026;MY1130E-2026-0509;09 May 2026;Payment Fee;-0.44;0.0328;Released to My Balance;10 May 2026;;02 May 2026;505734373520324;505734373620324;DDC-LAC-KC-MbookAir/13(22)-CLR;3568754734_MY-19987290014;0;NO;Confirmed;LAPTOP SILICONE Keyboard Cover Dust proof Smooth Touch Key Board Protector for Macbook Pro 13 14 16 M2 2023 A2780 A2779 / Air 15 13 M1 M2 A2941;MY1130E
09 May 2026 - 09 May 2026;MY1130E-2026-0509;09 May 2026;Item Price Credit;9.9;0;Released to My Balance;10 May 2026;;02 May 2026;505734373520324;505734373620324;DDC-LAC-KC-MbookAir/13(22)-CLR;3568754734_MY-19987290014;0;NO;Confirmed;LAPTOP SILICONE Keyboard Cover Dust proof Smooth Touch Key Board Protector for Macbook Pro 13 14 16 M2 2023 A2780 A2779 / Air 15 13 M1 M2 A2941;MY1130E
07 May 2026 - 07 May 2026;MY1130E-2026-0507;07 May 2026;Commission;-4.97;0.368;Released to My Balance;08 May 2026;;01 May 2026;502445451064215;502445451164215;7TREE-PC-SHI(MS)-Magic5Pro-BLK;3817515903_MY-23363684518;0;NO;Confirmed;HYBRID Clear/Matte Magnetic Phone Case for Honor X9D X9C Smart 200 Pro 90 Magic 8 7 6 5 Pro Shockproof Cover Casing;MY1130E
07 May 2026 - 07 May 2026;MY1130E-2026-0507;07 May 2026;Payment Fee;-1.09;0.0808;Released to My Balance;08 May 2026;;01 May 2026;502445451064215;502445451164215;7TREE-PC-SHI(MS)-Magic5Pro-BLK;3817515903_MY-23363684518;0;NO;Confirmed;HYBRID Clear/Matte Magnetic Phone Case for Honor X9D X9C Smart 200 Pro 90 Magic 8 7 6 5 Pro Shockproof Cover Casing;MY1130E
07 May 2026 - 07 May 2026;MY1130E-2026-0507;07 May 2026;Item Price Credit;27.9;0;Released to My Balance;08 May 2026;;01 May 2026;502445451064215;502445451164215;7TREE-PC-SHI(MS)-Magic5Pro-BLK;3817515903_MY-23363684518;0;NO;Confirmed;HYBRID Clear/Matte Magnetic Phone Case for Honor X9D X9C Smart 200 Pro 90 Magic 8 7 6 5 Pro Shockproof Cover Casing;MY1130E
07 May 2026 - 07 May 2026;MY1130E-2026-0507;07 May 2026;Sponsored Affiliates;-2.58;0.1912;Released to My Balance;08 May 2026;Delivered;05 May 2026;502704654090875;502704654190875;FRES-PC-SL-iP17ProMax-YLW;4717713102_MY-27010714306;0;NO;Confirmed;FRESCOONE SL Series Liquid Silicone Phone Case for iPhone 17 Pro Max 17 Pro 17 16 Plus iPhone Air Cover Casing;MY1130E
06 May 2026 - 06 May 2026;MY1130E-2026-0506;06 May 2026;Commission;-7.11;0.5264;Released to My Balance;07 May 2026;;05 May 2026;502704654090875;502704654190875;FRES-PC-SL-iP17ProMax-YLW;4717713102_MY-27010714306;0;NO;Confirmed;FRESCOONE SL Series Liquid Silicone Phone Case for iPhone 17 Pro Max 17 Pro 17 16 Plus iPhone Air Cover Casing;MY1130E
06 May 2026 - 06 May 2026;MY1130E-2026-0506;06 May 2026;Payment Fee;-1.51;0.112;Released to My Balance;07 May 2026;;05 May 2026;502704654090875;502704654190875;FRES-PC-SL-iP17ProMax-YLW;4717713102_MY-27010714306;0;NO;Confirmed;FRESCOONE SL Series Liquid Silicone Phone Case for iPhone 17 Pro Max 17 Pro 17 16 Plus iPhone Air Cover Casing;MY1130E
06 May 2026 - 06 May 2026;MY1130E-2026-0506;06 May 2026;Item Price Credit;39.9;0;Released to My Balance;07 May 2026;;05 May 2026;502704654090875;502704654190875;FRES-PC-SL-iP17ProMax-YLW;4717713102_MY-27010714306;0;NO;Confirmed;FRESCOONE SL Series Liquid Silicone Phone Case for iPhone 17 Pro Max 17 Pro 17 16 Plus iPhone Air Cover Casing;MY1130E
06 May 2026 - 06 May 2026;MY1130E-2026-0506;06 May 2026;Commission;-6.54;0.4848;Released to My Balance;07 May 2026;;30 Apr 2026;505622165445422;505622165545422;KDZ-PC-STAN-ZFlip7-TPR;4193493080_MY-26699534099;0;NO;Confirmed;Magnetic RING STAND Flip Phone Case for Samsung Galaxy Z Flip 7 FE 7 6 5 Rotating Bracket Cover Casing;MY1130E
06 May 2026 - 06 May 2026;MY1130E-2026-0506;06 May 2026;Payment Fee;-1.59;0.1176;Released to My Balance;07 May 2026;;30 Apr 2026;505622165445422;505622165545422;KDZ-PC-STAN-ZFlip7-TPR;4193493080_MY-26699534099;0;NO;Confirmed;Magnetic RING STAND Flip Phone Case for Samsung Galaxy Z Flip 7 FE 7 6 5 Rotating Bracket Cover Casing;MY1130E
06 May 2026 - 06 May 2026;MY1130E-2026-0506;06 May 2026;Item Price Credit;36.7;0;Released to My Balance;07 May 2026;;30 Apr 2026;505622165445422;505622165545422;KDZ-PC-STAN-ZFlip7-TPR;4193493080_MY-26699534099;0;NO;Confirmed;Magnetic RING STAND Flip Phone Case for Samsung Galaxy Z Flip 7 FE 7 6 5 Rotating Bracket Cover Casing;MY1130E
05 May 2026 - 05 May 2026;MY1130E-2026-0505;05 May 2026;Commission;-4.44;0.3288;Released to My Balance;06 May 2026;;03 May 2026;502570048794249;502570048894249;DUX-SP-S23Ultra-CLR;1629306936_MY-22884070440;0;NO;Confirmed;DUX CLEAR/PRIVACY 9H Tempered Glass Screen Protector for Samsung Galaxy S25 S24 S23 S22 Plus Ultra A14 A34 A54 A55;MY1130E
05 May 2026 - 05 May 2026;MY1130E-2026-0505;05 May 2026;Payment Fee;-0.94;0.0696;Released to My Balance;06 May 2026;;03 May 2026;502570048794249;502570048894249;DUX-SP-S23Ultra-CLR;1629306936_MY-22884070440;0;NO;Confirmed;DUX CLEAR/PRIVACY 9H Tempered Glass Screen Protector for Samsung Galaxy S25 S24 S23 S22 Plus Ultra A14 A34 A54 A55;MY1130E
05 May 2026 - 05 May 2026;MY1130E-2026-0505;05 May 2026;Item Price Credit;24.9;0;Released to My Balance;06 May 2026;;03 May 2026;502570048794249;502570048894249;DUX-SP-S23Ultra-CLR;1629306936_MY-22884070440;0;NO;Confirmed;DUX CLEAR/PRIVACY 9H Tempered Glass Screen Protector for Samsung Galaxy S25 S24 S23 S22 Plus Ultra A14 A34 A54 A55;MY1130E
05 May 2026 - 05 May 2026;MY1130E-2026-0505;05 May 2026;Commission;-8.89;0.6584;Released to My Balance;06 May 2026;;04 May 2026;505828926826869;505828926926869;FATB-PC-CLAS-XM14-BLK;465492561_MY-22775690088;0;NO;Confirmed;FATBEAR RUGGED ARMOR Phone Case for Mi 15 Ultra 14 Redmi K60 Pro K50 Ultra;MY1130E
05 May 2026 - 05 May 2026;MY1130E-2026-0505;05 May 2026;Payment Fee;-2.08;0.1544;Released to My Balance;06 May 2026;;04 May 2026;505828926826869;505828926926869;FATB-PC-CLAS-XM14-BLK;465492561_MY-22775690088;0;NO;Confirmed;FATBEAR RUGGED ARMOR Phone Case for Mi 15 Ultra 14 Redmi K60 Pro K50 Ultra;MY1130E
05 May 2026 - 05 May 2026;MY1130E-2026-0505;05 May 2026;Item Price Credit;49.9;0;Released to My Balance;06 May 2026;;04 May 2026;505828926826869;505828926926869;FATB-PC-CLAS-XM14-BLK;465492561_MY-22775690088;0;NO;Confirmed;FATBEAR RUGGED ARMOR Phone Case for Mi 15 Ultra 14 Redmi K60 Pro K50 Ultra;MY1130E
04 May 2026 - 04 May 2026;MY1130E-2026-0504;04 May 2026;Commission;-1.56;0.1152;Released to My Balance;05 May 2026;;19 Apr 2026;501747684139291;501747684239291;DDC-LAC-KC-MbookAir/13(22)-CLR2;3568754734_MY-19987290015;0;NO;Confirmed;LAPTOP SILICONE Keyboard Cover Dust proof Smooth Touch Key Board Protector for Macbook Pro 13 14 16 M2 2023 A2780 A2779 / Air 15 13 M1 M2 A2941;MY1130E
04 May 2026 - 04 May 2026;MY1130E-2026-0504;04 May 2026;Payment Fee;-0.38;0.028;Released to My Balance;05 May 2026;;19 Apr 2026;501747684139291;501747684239291;DDC-LAC-KC-MbookAir/13(22)-CLR2;3568754734_MY-19987290015;0;NO;Confirmed;LAPTOP SILICONE Keyboard Cover Dust proof Smooth Touch Key Board Protector for Macbook Pro 13 14 16 M2 2023 A2780 A2779 / Air 15 13 M1 M2 A2941;MY1130E
04 May 2026 - 04 May 2026;MY1130E-2026-0504;04 May 2026;Item Price Credit;9.9;0;Released to My Balance;05 May 2026;;19 Apr 2026;501747684139291;501747684239291;DDC-LAC-KC-MbookAir/13(22)-CLR2;3568754734_MY-19987290015;0;NO;Confirmed;LAPTOP SILICONE Keyboard Cover Dust proof Smooth Touch Key Board Protector for Macbook Pro 13 14 16 M2 2023 A2780 A2779 / Air 15 13 M1 M2 A2941;MY1130E
04 May 2026 - 04 May 2026;MY1130E-2026-0504;04 May 2026;Commission;-1.56;0.1152;Released to My Balance;05 May 2026;;19 Apr 2026;501747684139291;501747684339291;DDC-LAC-KC-MbookAir/13(22)-CLR2;3568754734_MY-19987290015;0;NO;Confirmed;LAPTOP SILICONE Keyboard Cover Dust proof Smooth Touch Key Board Protector for Macbook Pro 13 14 16 M2 2023 A2780 A2779 / Air 15 13 M1 M2 A2941;MY1130E
04 May 2026 - 04 May 2026;MY1130E-2026-0504;04 May 2026;Payment Fee;-0.38;0.028;Released to My Balance;05 May 2026;;19 Apr 2026;501747684139291;501747684339291;DDC-LAC-KC-MbookAir/13(22)-CLR2;3568754734_MY-19987290015;0;NO;Confirmed;LAPTOP SILICONE Keyboard Cover Dust proof Smooth Touch Key Board Protector for Macbook Pro 13 14 16 M2 2023 A2780 A2779 / Air 15 13 M1 M2 A2941;MY1130E
04 May 2026 - 04 May 2026;MY1130E-2026-0504;04 May 2026;Item Price Credit;9.9;0;Released to My Balance;05 May 2026;;19 Apr 2026;501747684139291;501747684339291;DDC-LAC-KC-MbookAir/13(22)-CLR2;3568754734_MY-19987290015;0;NO;Confirmed;LAPTOP SILICONE Keyboard Cover Dust proof Smooth Touch Key Board Protector for Macbook Pro 13 14 16 M2 2023 A2780 A2779 / Air 15 13 M1 M2 A2941;MY1130E
04 May 2026 - 04 May 2026;MY1130E-2026-0504;04 May 2026;Commission;-3.19;0.236;Released to My Balance;05 May 2026;;27 Apr 2026;502271425777106;502271425877106;DUX-WAC-CAMO-46-BLK;4388937280_MY-24636139856;0;NO;Confirmed;DUX CAMO Clear Watch Case for iWatch Ultra S1 S2 S3 7 8 9 10 11 41 42 45 46 49mm Hard PC Soft Silicone Protective Case;MY1130E
04 May 2026 - 04 May 2026;MY1130E-2026-0504;04 May 2026;Payment Fee;-0.69;0.0512;Released to My Balance;05 May 2026;;27 Apr 2026;502271425777106;502271425877106;DUX-WAC-CAMO-46-BLK;4388937280_MY-24636139856;0;NO;Confirmed;DUX CAMO Clear Watch Case for iWatch Ultra S1 S2 S3 7 8 9 10 11 41 42 45 46 49mm Hard PC Soft Silicone Protective Case;MY1130E
04 May 2026 - 04 May 2026;MY1130E-2026-0504;04 May 2026;Item Price Credit;17.9;0;Released to My Balance;05 May 2026;;27 Apr 2026;502271425777106;502271425877106;DUX-WAC-CAMO-46-BLK;4388937280_MY-24636139856;0;NO;Confirmed;DUX CAMO Clear Watch Case for iWatch Ultra S1 S2 S3 7 8 9 10 11 41 42 45 46 49mm Hard PC Soft Silicone Protective Case;MY1130E
03 May 2026 - 03 May 2026;MY1130E-2026-0503;03 May 2026;Commission;-3.15;0.2336;Released to My Balance;04 May 2026;;25 Apr 2026;502111660510633;502111660810633;LEEU-LANY-CLIMB-HAND-TFN;3965335442_MY-22681317246;0;NO;Confirmed;LEEU CLIMB Lanyard Phone Case Adjustable Neck Crossbody Wrist Strap for Smartphones Mini Patch Clip for Lanyard;MY1130E
03 May 2026 - 03 May 2026;MY1130E-2026-0503;03 May 2026;Payment Fee;-0.86;0.064;Released to My Balance;04 May 2026;;25 Apr 2026;502111660510633;502111660810633;LEEU-LANY-CLIMB-HAND-TFN;3965335442_MY-22681317246;0;NO;Confirmed;LEEU CLIMB Lanyard Phone Case Adjustable Neck Crossbody Wrist Strap for Smartphones Mini Patch Clip for Lanyard;MY1130E
03 May 2026 - 03 May 2026;MY1130E-2026-0503;03 May 2026;Item Price Credit;17.7;0;Released to My Balance;04 May 2026;;25 Apr 2026;502111660510633;502111660810633;LEEU-LANY-CLIMB-HAND-TFN;3965335442_MY-22681317246;0;NO;Confirmed;LEEU CLIMB Lanyard Phone Case Adjustable Neck Crossbody Wrist Strap for Smartphones Mini Patch Clip for Lanyard;MY1130E
03 May 2026 - 03 May 2026;MY1130E-2026-0503;03 May 2026;Commission;-2.03;0.1504;Released to My Balance;04 May 2026;;25 Apr 2026;502111660510633;502111660710633;LEEU-MAC-STL-360Clip/REC-SLV;4508510507_MY-25473130440;0;NO;Confirmed;LEEU Stainless Steel Mini 360° Rectangle Triangle Replacement Patch Clip Keychain Mobile Phone Lanyard Clip Holder;MY1130E
03 May 2026 - 03 May 2026;MY1130E-2026-0503;03 May 2026;Payment Fee;-0.55;0.0408;Released to My Balance;04 May 2026;;25 Apr 2026;502111660510633;502111660710633;LEEU-MAC-STL-360Clip/REC-SLV;4508510507_MY-25473130440;0;NO;Confirmed;LEEU Stainless Steel Mini 360° Rectangle Triangle Replacement Patch Clip Keychain Mobile Phone Lanyard Clip Holder;MY1130E
03 May 2026 - 03 May 2026;MY1130E-2026-0503;03 May 2026;Item Price Credit;11.4;0;Released to My Balance;04 May 2026;;25 Apr 2026;502111660510633;502111660710633;LEEU-MAC-STL-360Clip/REC-SLV;4508510507_MY-25473130440;0;NO;Confirmed;LEEU Stainless Steel Mini 360° Rectangle Triangle Replacement Patch Clip Keychain Mobile Phone Lanyard Clip Holder;MY1130E
03 May 2026 - 03 May 2026;MY1130E-2026-0503;03 May 2026;Commission;-2.03;0.1504;Released to My Balance;04 May 2026;;25 Apr 2026;502111660510633;502111660610633;LEEU-MAC-STL-360Clip/REC-SLV;4508510507_MY-25473130440;0;NO;Confirmed;LEEU Stainless Steel Mini 360° Rectangle Triangle Replacement Patch Clip Keychain Mobile Phone Lanyard Clip Holder;MY1130E
03 May 2026 - 03 May 2026;MY1130E-2026-0503;03 May 2026;Payment Fee;-0.55;0.0408;Released to My Balance;04 May 2026;;25 Apr 2026;502111660510633;502111660610633;LEEU-MAC-STL-360Clip/REC-SLV;4508510507_MY-25473130440;0;NO;Confirmed;LEEU Stainless Steel Mini 360° Rectangle Triangle Replacement Patch Clip Keychain Mobile Phone Lanyard Clip Holder;MY1130E
03 May 2026 - 03 May 2026;MY1130E-2026-0503;03 May 2026;Item Price Credit;11.4;0;Released to My Balance;04 May 2026;;25 Apr 2026;502111660510633;502111660610633;LEEU-MAC-STL-360Clip/REC-SLV;4508510507_MY-25473130440;0;NO;Confirmed;LEEU Stainless Steel Mini 360° Rectangle Triangle Replacement Patch Clip Keychain Mobile Phone Lanyard Clip Holder;MY1130E
03 May 2026 - 03 May 2026;MY1130E-2026-0503;03 May 2026;Commission;-1.7;0.1256;Released to My Balance;04 May 2026;;28 Apr 2026;502295225048196;502295225148196;MXX-WTF-i13Mini-CLR;445078404_MY-11385044873;0;NO;Confirmed;WATERFILM Phone Screen Protector for iPhone 16 15 14 13 12 11 X XR XS Max Pro Max Pro Plus Mini Hydrogel Film;MY1130E
03 May 2026 - 03 May 2026;MY1130E-2026-0503;03 May 2026;Payment Fee;-0.52;0.0384;Released to My Balance;04 May 2026;;28 Apr 2026;502295225048196;502295225148196;MXX-WTF-i13Mini-CLR;445078404_MY-11385044873;0;NO;Confirmed;WATERFILM Phone Screen Protector for iPhone 16 15 14 13 12 11 X XR XS Max Pro Max Pro Plus Mini Hydrogel Film;MY1130E
03 May 2026 - 03 May 2026;MY1130E-2026-0503;03 May 2026;Item Price Credit;9.5;0;Released to My Balance;04 May 2026;;28 Apr 2026;502295225048196;502295225148196;MXX-WTF-i13Mini-CLR;445078404_MY-11385044873;0;NO;Confirmed;WATERFILM Phone Screen Protector for iPhone 16 15 14 13 12 11 X XR XS Max Pro Max Pro Plus Mini Hydrogel Film;MY1130E
02 May 2026 - 02 May 2026;MY1130E-2026-0502;02 May 2026;Commission;-6.54;0.4848;Released to My Balance;03 May 2026;;27 Apr 2026;502198899694411;502198899794411;KDZ-PC-STAN-S25Ultra-TPR;3755433141_MY-25006996760;0;NO;Confirmed;Magnetic 360° Ring Clear Case for Samsung Galaxy S26 S25 S24 S23 Ultra S23 Plus Stand Phone Holder Cover Casing;MY1130E
02 May 2026 - 02 May 2026;MY1130E-2026-0502;02 May 2026;Payment Fee;-1.38;0.1024;Released to My Balance;03 May 2026;;27 Apr 2026;502198899694411;502198899794411;KDZ-PC-STAN-S25Ultra-TPR;3755433141_MY-25006996760;0;NO;Confirmed;Magnetic 360° Ring Clear Case for Samsung Galaxy S26 S25 S24 S23 Ultra S23 Plus Stand Phone Holder Cover Casing;MY1130E
02 May 2026 - 02 May 2026;MY1130E-2026-0502;02 May 2026;Item Price Credit;36.7;0;Released to My Balance;03 May 2026;;27 Apr 2026;502198899694411;502198899794411;KDZ-PC-STAN-S25Ultra-TPR;3755433141_MY-25006996760;0;NO;Confirmed;Magnetic 360° Ring Clear Case for Samsung Galaxy S26 S25 S24 S23 Ultra S23 Plus Stand Phone Holder Cover Casing;MY1130E
02 May 2026 - 02 May 2026;MY1130E-2026-0502;02 May 2026;Commission;-5.01;0.3712;Released to My Balance;03 May 2026;;27 Apr 2026;502197088065195;502197088165195;DUX-AAC-PECR-APP3-CLR;4759875363_MY-26794979910;0;NO;Confirmed;DUX PECR Series Clear Earbuds Case for Airpods Pro 3 2 Airpods 4 TPU PC Cover Casing with Carabiner Hook;MY1130E
02 May 2026 - 02 May 2026;MY1130E-2026-0502;02 May 2026;Payment Fee;-1.07;0.0792;Released to My Balance;03 May 2026;;27 Apr 2026;502197088065195;502197088165195;DUX-AAC-PECR-APP3-CLR;4759875363_MY-26794979910;0;NO;Confirmed;DUX PECR Series Clear Earbuds Case for Airpods Pro 3 2 Airpods 4 TPU PC Cover Casing with Carabiner Hook;MY1130E
02 May 2026 - 02 May 2026;MY1130E-2026-0502;02 May 2026;Item Price Credit;28.1;0;Released to My Balance;03 May 2026;;27 Apr 2026;502197088065195;502197088165195;DUX-AAC-PECR-APP3-CLR;4759875363_MY-26794979910;0;NO;Confirmed;DUX PECR Series Clear Earbuds Case for Airpods Pro 3 2 Airpods 4 TPU PC Cover Casing with Carabiner Hook;MY1130E
02 May 2026 - 02 May 2026;MY1130E-2026-0502;02 May 2026;Commission;-3.34;0.2472;Released to My Balance;03 May 2026;;25 Apr 2026;502116273723596;502116274023596;ZFRI-SP-GOR-i17Air-PVC;3832505813_MY-26277806882;0;NO;Confirmed;FRESCO GORILLA Clear/Privacy Tempered Glass Screen Protector for iPhone 17 16 15 14 13 12 11 Pro Max Plus Air XS Max XR;MY1130E
02 May 2026 - 02 May 2026;MY1130E-2026-0502;02 May 2026;Payment Fee;-0.7;0.052;Released to My Balance;03 May 2026;;25 Apr 2026;502116273723596;502116274023596;ZFRI-SP-GOR-i17Air-PVC;3832505813_MY-26277806882;0;NO;Confirmed;FRESCO GORILLA Clear/Privacy Tempered Glass Screen Protector for iPhone 17 16 15 14 13 12 11 Pro Max Plus Air XS Max XR;MY1130E
02 May 2026 - 02 May 2026;MY1130E-2026-0502;02 May 2026;Item Price Credit;18.7;0;Released to My Balance;03 May 2026;;25 Apr 2026;502116273723596;502116274023596;ZFRI-SP-GOR-i17Air-PVC;3832505813_MY-26277806882;0;NO;Confirmed;FRESCO GORILLA Clear/Privacy Tempered Glass Screen Protector for iPhone 17 16 15 14 13 12 11 Pro Max Plus Air XS Max XR;MY1130E
02 May 2026 - 02 May 2026;MY1130E-2026-0502;02 May 2026;Commission;-3.34;0.2472;Released to My Balance;03 May 2026;;25 Apr 2026;502116273723596;502116273923596;ZFRI-SP-GOR-i17Air-PVC;3832505813_MY-26277806882;0;NO;Confirmed;FRESCO GORILLA Clear/Privacy Tempered Glass Screen Protector for iPhone 17 16 15 14 13 12 11 Pro Max Plus Air XS Max XR;MY1130E
02 May 2026 - 02 May 2026;MY1130E-2026-0502;02 May 2026;Payment Fee;-0.7;0.052;Released to My Balance;03 May 2026;;25 Apr 2026;502116273723596;502116273923596;ZFRI-SP-GOR-i17Air-PVC;3832505813_MY-26277806882;0;NO;Confirmed;FRESCO GORILLA Clear/Privacy Tempered Glass Screen Protector for iPhone 17 16 15 14 13 12 11 Pro Max Plus Air XS Max XR;MY1130E
02 May 2026 - 02 May 2026;MY1130E-2026-0502;02 May 2026;Item Price Credit;18.7;0;Released to My Balance;03 May 2026;;25 Apr 2026;502116273723596;502116273923596;ZFRI-SP-GOR-i17Air-PVC;3832505813_MY-26277806882;0;NO;Confirmed;FRESCO GORILLA Clear/Privacy Tempered Glass Screen Protector for iPhone 17 16 15 14 13 12 11 Pro Max Plus Air XS Max XR;MY1130E
02 May 2026 - 02 May 2026;MY1130E-2026-0502;02 May 2026;Commission;-3.34;0.2472;Released to My Balance;03 May 2026;;25 Apr 2026;502116273723596;502116273823596;ZFRI-SP-GOR-i17Air-PVC;3832505813_MY-26277806882;0;NO;Confirmed;FRESCO GORILLA Clear/Privacy Tempered Glass Screen Protector for iPhone 17 16 15 14 13 12 11 Pro Max Plus Air XS Max XR;MY1130E
02 May 2026 - 02 May 2026;MY1130E-2026-0502;02 May 2026;Payment Fee;-0.7;0.052;Released to My Balance;03 May 2026;;25 Apr 2026;502116273723596;502116273823596;ZFRI-SP-GOR-i17Air-PVC;3832505813_MY-26277806882;0;NO;Confirmed;FRESCO GORILLA Clear/Privacy Tempered Glass Screen Protector for iPhone 17 16 15 14 13 12 11 Pro Max Plus Air XS Max XR;MY1130E
02 May 2026 - 02 May 2026;MY1130E-2026-0502;02 May 2026;Item Price Credit;18.7;0;Released to My Balance;03 May 2026;;25 Apr 2026;502116273723596;502116273823596;ZFRI-SP-GOR-i17Air-PVC;3832505813_MY-26277806882;0;NO;Confirmed;FRESCO GORILLA Clear/Privacy Tempered Glass Screen Protector for iPhone 17 16 15 14 13 12 11 Pro Max Plus Air XS Max XR;MY1130E
02 May 2026 - 02 May 2026;MY1130E-2026-0502;02 May 2026;Commission;-2.47;0.1832;Released to My Balance;03 May 2026;;27 Apr 2026;505451757593478;505451757693478;MXX-WTF-TabS7-CLR1;3470455464_MY-18942119888;0;NO;Confirmed;WATERFILM Screen Protector Hydrogel Tablet Soft Film for Samsung Galaxy Tab S10 S9 S8 S7 S6 A8 Ultra Plus FE Lite;MY1130E
02 May 2026 - 02 May 2026;MY1130E-2026-0502;02 May 2026;Payment Fee;-0.72;0.0536;Released to My Balance;03 May 2026;;27 Apr 2026;505451757593478;505451757693478;MXX-WTF-TabS7-CLR1;3470455464_MY-18942119888;0;NO;Confirmed;WATERFILM Screen Protector Hydrogel Tablet Soft Film for Samsung Galaxy Tab S10 S9 S8 S7 S6 A8 Ultra Plus FE Lite;MY1130E
02 May 2026 - 02 May 2026;MY1130E-2026-0502;02 May 2026;Item Price Credit;13.9;0;Released to My Balance;03 May 2026;;27 Apr 2026;505451757593478;505451757693478;MXX-WTF-TabS7-CLR1;3470455464_MY-18942119888;0;NO;Confirmed;WATERFILM Screen Protector Hydrogel Tablet Soft Film for Samsung Galaxy Tab S10 S9 S8 S7 S6 A8 Ultra Plus FE Lite;MY1130E
01 May 2026 - 01 May 2026;MY1130E-2026-0501;01 May 2026;Commission;-4.86;0.36;Released to My Balance;02 May 2026;;24 Apr 2026;502024242783154;502024242883154;7TREE-PC-SHI(MS)-Pixel9ProXL-TP;4285556081_MY-24207929488;0;NO;Confirmed;Hybrid Transparent Magnetic Phone Case for Google Pixel 10 9 Pro XL 10 9 Pro 9A Shockproof Cover Casing;MY1130E
01 May 2026 - 01 May 2026;MY1130E-2026-0501;01 May 2026;Payment Fee;-1.58;0.1168;Released to My Balance;02 May 2026;;24 Apr 2026;502024242783154;502024242883154;7TREE-PC-SHI(MS)-Pixel9ProXL-TP;4285556081_MY-24207929488;0;NO;Confirmed;Hybrid Transparent Magnetic Phone Case for Google Pixel 10 9 Pro XL 10 9 Pro 9A Shockproof Cover Casing;MY1130E
01 May 2026 - 01 May 2026;MY1130E-2026-0501;01 May 2026;Item Price Credit;27.3;0;Released to My Balance;02 May 2026;;24 Apr 2026;502024242783154;502024242883154;7TREE-PC-SHI(MS)-Pixel9ProXL-TP;4285556081_MY-24207929488;0;NO;Confirmed;Hybrid Transparent Magnetic Phone Case for Google Pixel 10 9 Pro XL 10 9 Pro 9A Shockproof Cover Casing;MY1130E
